,STATEFP,COUNTYFP,TRACTCE,GEOID,GEOID_2020,E_TOTPOP,M_TOTPOP,E_DAYPOP,SPL_EJI,RPL_EJI,SPL_SER,RPL_SER,SPL_EJI_CBM,RPL_EJI_CBM,E_MINRTY,EPL_MINRTY,SPL_SVM_DOM1,RPL_SVM_DOM1,E_POV200,EPL_POV200,E_NOHSDP,EPL_NOHSDP,E_UNEMP,EPL_UNEMP,E_RENTER,EPL_RENTER,E_HOUBDN,EPL_HOUBDN,E_UNINSUR,EPL_UNINSUR,E_NOINT,EPL_NOINT,SPL_SVM_DOM2,RPL_SVM_DOM2,E_AGE65,EPL_AGE65,E_AGE17,EPL_AGE17,E_DISABL,EPL_DISABL,E_LIMENG,EPL_LIMENG,SPL_SVM_DOM3,RPL_SVM_DOM3,E_MOBILE,EPL_MOBILE,E_GROUPQ,EPL_GROUPQ,SPL_SVM_DOM4,RPL_SVM_DOM4,SPL_SVM,RPL_SVM,E_OZONE,EPL_OZONE,E_PM,EPL_PM,E_DSLPM,EPL_DSLPM,E_TOTCR,EPL_TOTCR,SPL_EBM_DOM1,RPL_EBM_DOM1,E_NPL,EPL_NPL,E_TRI,EPL_TRI,E_TSD,EPL_TSD,E_RMP,EPL_RMP,E_COAL,EPL_COAL,E_LEAD,EPL_LEAD,SPL_EBM_DOM2,RPL_EBM_DOM2,E_PARK,EPL_PARK,E_HOUAGE,EPL_HOUAGE,E_WLKIND,EPL_WLKIND,SPL_EBM_DOM3,RPL_EBM_DOM3,E_RAIL,EPL_RAIL,E_ROAD,EPL_ROAD,E_AIRPRT,EPL_AIRPRT,SPL_EBM_DOM4,RPL_EBM_DOM4,E_IMPWTR,EPL_IMPWTR,F_IMPWTR,SPL_EBM_DOM5,RPL_EBM_DOM5,SPL_EBM,RPL_EBM,E_ASTHMA,EPL_ASTHMA,F_ASTHMA,E_CANCER,EPL_CANCER,F_CANCER,E_CHD,EPL_CHD,F_CHD,E_MHLTH,EPL_MHLTH,F_MHLTH,E_DIABETES,EPL_DIABETES,F_DIABETES,F_HVM,RPL_HVM,E_NEHD,EPL_NEHD,SPL_CBM_DOM1,RPL_CBM_DOM1,E_BURN,EPL_BURN,E_SMOKE,EPL_SMOKE,SPL_CBM_DOM2,RPL_CBM_DOM2,E_CFLD,EPL_CFLD,F_CFLD,E_DRGT,EPL_DRGT,F_DRGT,E_HRCN,EPL_HRCN,F_HRCN,E_RFLD,EPL_RFLD,F_RFLD,E_SWND,EPL_SWND,F_SWND,E_TRND,EPL_TRND,F_TRND,SPL_CBM_DOM3,RPL_CBM_DOM3,SPL_CBM,RPL_CBM,AFAM,E_AFAM,HISP,E_HISP,ASIAN,E_ASIAN,AIAN,E_AIAN,NHPI,E_NHPI,TWOMORE,E_TWOMORE,OTHERRACE,E_OTHERRACE,Tribe_PCT_Tract,Tribe_Flag
STATEFP,1.0,0.22137128520615748,0.04239005536682547,0.9999828623597683,0.9999829594335553,-0.016892493986572818,-0.06933740840820325,-0.004905816000421587,-0.009438588580286372,-0.008010528775510192,-0.0564384617800276,-0.05323232952675525,-0.009779942347448403,-0.008478207551716516,-0.14027882993584245,-0.1463592193501237,-0.1463592193501237,-0.1463592193501237,-0.002470034136030539,-0.00433306591400852,-0.06506305356649925,-0.04979701591135457,-0.05715692648302901,-0.07225182732550384,-0.0396669611248439,-0.0418232719711193,-0.06874286778901546,-0.06814472243598038,0.07969431763912206,0.039905270113455266,0.050422513393072445,0.06135424345996559,-0.02709601913644066,-0.02673792989794542,-0.04033782643474993,0.002147879951826288,0.0466957501789549,0.03607519309651761,0.025945568844876036,0.03587406187900653,-0.10988542508420056,-0.11294985927467004,-0.030106091334833503,-0.034917932066334055,0.0022277363355377583,0.04225992354674017,0.007861996228756758,-0.012275215847011559,0.022810715484366455,0.023763739575857687,-0.042326841981444305,-0.042387002519852224,-0.23556410013303114,-0.16067077015481207,-0.24554139223928156,-0.10833175765115542,-0.019071730909125062,-0.07224174687715366,-0.031828783622888546,-0.05179802763378155,-0.15655816752569504,-0.139411690602286,0.013552164536257313,0.027509795794728845,0.016662660709684574,0.04761558480902643,-0.14730296327254558,-0.11120668715276036,-0.031933224373858385,-0.010269958375398697,0.040673645590529224,0.04837369787384541,-0.0015487624962984483,-4.946907438353689e-05,-0.01881154520846334,-0.019560854057786604,-0.05729480650242514,0.0606901885057492,0.005756056149425512,0.0019273242470424887,-0.10850280308786137,0.10792706550026078,0.10494131976114826,0.11092301281114139,0.0328738518265864,0.057547804917632846,-0.04449550775446627,-0.04189754033674407,-0.00677239020128207,0.024382669250955273,0.03381850244171916,0.039109234441325004,0.02684283533625558,0.03650046907157834,0.05384747835081615,0.03650046907157834,0.03650046907157834,-0.0492996777165801,-0.04545488690782358,0.09661082172990955,0.09772324148990293,0.08550682906002482,-0.0008459225092954311,0.03457119482846925,0.029034543938354626,0.023346526040747682,0.053283336336924274,0.04736127733247682,0.057581367024630195,0.054365324846632763,0.031547347418661824,0.021158897120719226,0.010117304146417675,0.0148389832202535,0.06771098381480295,0.06771098381480864,-0.014628283299924454,-0.03887326122868372,-0.03887326122868372,-0.03887326122868372,-0.05941472244587247,-0.050192225343860954,0.01682376503170845,0.04377331834662038,0.026003283916822932,0.03593013795992663,0.0015561130554637742,-0.015386144892249926,-0.025373671732304544,-0.3742294845079892,-0.374812954076074,-0.2378967460323099,-0.015930578132473637,0.09952264796892583,0.2003121142028165,0.010938887599741709,0.060309990494996385,0.07640040592976631,0.188132291973957,0.24004317649664625,0.012665894914383363,0.001095367460902384,-0.004733738813938664,0.009909162406438682,-0.003349297169961042,0.02013511311828843,-0.00856007570652893,-0.001388367070208314,-0.007854333051640914,-0.008426732561920058,-0.12900650613858086,-0.13433323659802776,-0.10915285319447128,-0.11596571338948079,0.012260713423093351,0.018222668305393003,-0.022592410379603845,-0.019620450967301608,-0.008626813527565773,0.00681842783544953,-0.017414696042443667,-0.01114435100453917,0.050443528015246646,0.10808436739910636
COUNTYFP,0.22137128520615748,1.0,-0.009889849752739863,0.22707668681568152,0.22699721435765863,-0.02367846415339688,0.028922326963191292,-0.004511001838096808,0.019864462992703776,0.01947417861953344,0.0037286100669923655,0.005976794627357557,0.04213050851118781,0.04270048626184167,0.056079799691039246,0.0617772028552688,0.0617772028552688,0.0617772028552688,0.056574224568767685,0.055330606715290644,0.04007267002389312,0.04264045817939056,-0.018754188674348977,-0.029959146752886707,0.010310863251236034,0.015917321636923925,0.009814389682486139,0.011793802702906059,0.16748956212717864,0.14700104925371044,0.0537452180161433,0.046535468233520685,0.058375786571718866,0.05935086849783292,-0.06611512544975393,-0.06386145289077769,0.06148711794474408,0.06640284164918138,0.015314942317004997,0.01660258512461848,-0.022294065086627398,-0.028004660868872943,-0.007304713527463205,-0.004084593781207057,0.014967506413490216,0.022582242646336376,0.006209817828858516,-0.0461212246301899,-0.015391733427800744,-0.013695966909505818,0.04518598123550423,0.04631409467337244,-0.06047793668360169,-0.04979918042529127,-0.11078176832639108,-0.007620519533918229,-0.09851898794187218,-0.06297893729313979,0.07926409560678926,0.06328369425189587,-0.02399359890184729,-0.023999775083360503,-0.03604471578261081,-0.046485384004005315,-0.01798816624354108,-0.006095662250536772,-0.1187803356836076,-0.1110065763903948,0.018927049653283224,0.04181281035669585,0.0007139374675918392,-0.0019249761733290084,0.0019388391107569738,0.0032891688454480244,-0.042669827132399384,-0.04346806158109845,-0.07406918756765157,0.07465366387287392,-0.06365706755607821,-0.06211258586133312,-0.07866769474888449,0.07474030563258366,0.036621096235007866,0.03739610646803067,0.002532290224925204,0.012312168946024236,-0.002110794927809989,-0.002666714450970035,0.0029448057467557627,0.006352986152508144,0.010409344993796851,0.01164703055101768,-0.08967537914234829,-0.08413586662529789,-0.06187927733565663,-0.08413586662529789,-0.08413586662529789,-0.03754276482862672,-0.0405141299707769,-0.026787534094664216,-0.04511868110484575,-0.046179852602526605,-0.06869694806420064,-0.06646030065996723,-0.051981731841249774,0.012186434038794486,0.02275518003424123,0.023046640713249095,0.09699890828902229,0.10358867789324135,0.078588686805018,0.13101430489361196,0.12882070032454435,0.10408769075197906,0.035153945616875557,0.03515394561687595,-0.10712389036638471,-0.11001674189986668,-0.11001674189986668,-0.11001674189986668,-0.024475120778742733,-0.03394873931607185,-0.08860326594063189,-0.0947613120957908,-0.09744073464880557,-0.09556626700695975,-0.004548121766833625,0.0008212028962926055,0.028696594255570904,-0.008269919807036173,0.029608704551737017,0.06700804770787572,0.04614296944886226,0.10927588674096118,0.18568295437836022,0.02693686635106916,0.04627371401500651,0.08435177666217605,0.05804094120819645,0.09537661864720223,0.006643471049340361,0.04940728706459841,0.05474042508230528,0.06997796423315367,0.1415153981218599,0.15142163719590013,0.06376568855065672,0.051696525284610585,0.08603346805186879,0.10562984153545173,0.01022435574095222,0.021558889922421665,-0.06477920686562844,-0.07393542784483265,-0.03536986119302465,-0.0355671862225859,-0.033749990984169954,-0.03197334050621396,-0.040637289021298414,-0.033059233721689514,-0.03540119570501747,-0.03158101295919447,-0.008731981998999537,-0.08154388735992377
TRACTCE,0.04239005536682547,-0.009889849752739863,1.0,0.0422946280677023,0.0422711939234706,-0.10722050638828938,-0.19101280787393932,-0.05320362898906421,0.034037342088370615,0.04494642575603501,-0.06898467803122274,-0.068832494930497,0.0798776233896676,0.08723440591213608,-0.13775148098682047,-0.16364500739194598,-0.16364500739194598,-0.16364500739194598,0.02378488174421537,0.044016015442233866,0.030098512883556316,0.06940177937709144,-0.011172738512820487,-0.012484918679995264,-0.15511947239930313,-0.14602484124678247,-0.15247240990339214,-0.15204705327155518,-0.004760415191106163,0.0033390581165862986,0.15308969700751202,0.15764455684140427,-0.007094875430954645,-0.002896249522211048,0.1010571862780374,0.14327271557717408,-0.0016823087646819467,-0.00467181921055571,0.1270988565728458,0.128920486816436,-0.09598984729258933,-0.13484939880827648,0.06904680510130329,0.06506368500609742,0.1957844821177819,0.208844221727319,0.043206349494520235,0.045998394562644575,0.1840309863280547,0.17851520246334787,0.03661154140114628,0.04076637479610943,-0.06782819183702292,-0.1051002219415074,-0.09243775191382089,-0.11411296095083538,-0.2456660736739714,-0.29788624980628603,-0.16223705993134907,-0.15510357735051758,-0.24715780723690073,-0.25395938932690837,-0.039142282233397,-0.025407392291651707,-0.1280289910491131,-0.08480074840699482,-0.14274493015551437,-0.13172379267911813,-0.07014004871076975,-0.0006910161230557679,0.01690937446678506,0.05691835150211013,0.008945990007355806,0.00875536469342417,-0.08679718848112601,-0.08274286373677114,-0.2551055716056474,0.2577388516372773,0.028816364603581137,0.015168919359954283,-0.25116899679783183,0.2574726540067476,0.29615160429437676,0.2925301903432203,-0.11660390428354869,-0.06464339373740871,-0.2422003096178773,-0.23364601228815657,-0.016490282809391826,0.10220993415647524,-0.06146401629465541,-0.04782416479935721,-0.10179581747798146,-0.08456307765177623,-0.039416430589873305,-0.08456307765177623,-0.08456307765177623,-0.1438783861599362,-0.14799478722146991,0.05486277298958816,0.06538428046208425,0.051060713428635045,0.1395496344248267,0.1701731787687908,0.14263508911977724,0.20517813500286844,0.21451011822739205,0.2104538362878611,-0.0028782613586298155,0.006951975491994212,-0.015378802072601238,0.12870886283853475,0.15383600483426374,0.11426849744939868,0.16376910364555858,0.1637691036455569,-0.020112181035968606,-0.015958158029385903,-0.015958158029385903,-0.015958158029385903,0.010900417415630404,0.05055075021368052,0.09017148923109061,0.09521878084038438,0.1026542913894591,0.10010550264750215,-0.01381534554429466,-0.030215065901015074,-0.04762712886408674,-0.037480554842749064,-0.05139931180053242,-0.01947183584736974,-0.05847381805077451,-0.04036249488225412,0.034153891674361656,-0.03268654168687923,-0.021383399943165744,0.09676870727354285,0.05665017574547169,0.08032219939116544,-0.027947777244441495,0.21519505104654055,0.23524038075038714,0.2220262096670062,0.05694688225750537,0.05569389703895069,0.10750000135202165,0.10254623635925633,-0.0757595981074759,-0.06149199816117555,-0.1160188552964531,-0.11069272417509253,-0.05124277584310198,-0.058136073529634284,0.08667363497889828,0.10377318838101134,-0.036439981799569185,-0.03028396773043358,-0.09721999093580957,-0.06254636240227587,-0.04890906755798018,-0.040776608143125906,0.05153282704560107,0.0357804182579431
GEOID,0.9999828623597683,0.22707668681568152,0.0422946280677023,1.0,0.9999996193113215,-0.01701829040847775,-0.06905580106258621,-0.004927966657423891,-0.00929892072418339,-0.007875216753471132,-0.05633194086815413,-0.05311648830315893,-0.009498900256433341,-0.00819537676694244,-0.13971927899525835,-0.14575533133523513,-0.14575533133523513,-0.14575533133523513,-0.0021104658072783047,-0.003978078956848791,-0.06471315898325966,-0.04945303325178527,-0.057189293569588705,-0.07233197448673691,-0.03954611520794606,-0.04166377984523806,-0.06858151618299331,-0.06797182375783853,0.08062678212505292,0.04076886602123887,0.05068788965137317,0.06155804879552989,-0.026688867451612128,-0.026325098802710573,-0.04069038304109375,0.0017466907821087276,0.04701186536740846,0.03643804091417905,0.026005625754889444,0.03592736221607675,-0.10986276356783306,-0.1129593118685406,-0.030105343916314073,-0.03488983117682647,0.0023226565047443685,0.04234300029123186,0.007890146576382078,-0.012545474210740523,0.02268384371584172,0.0236459722822158,-0.041978771239037205,-0.042031665197380684,-0.2355922015670864,-0.16074494750795468,-0.24587117227918204,-0.10821960784322814,-0.01966746318647437,-0.07253555940083024,-0.031286570191753495,-0.05132610283508202,-0.15647944012611575,-0.13935887396280808,0.01330446997590166,0.02717585144690059,0.016521821411244343,0.04750398415163676,-0.1478314984485174,-0.11174028753176342,-0.031767911082252145,-0.009991813294568717,0.04061747770772122,0.0482902699614371,-0.0015340593702453755,-2.8534097363047845e-05,-0.0190533583260721,-0.019806470332773638,-0.05767987872962139,0.06107389698270403,0.005348179953994235,0.00153459131690694,-0.10883985673511594,0.1082404411887626,0.10502053606440863,0.11099805614396697,0.03283789083728865,0.05753741853498351,-0.04444731420588078,-0.04185655081015321,-0.006744085039220713,0.02438824601179095,0.033831830335809075,0.039122700564879334,0.02623681387091244,0.035915145313313857,0.05340259834803015,0.035915145313313857,0.035915145313313857,-0.04946475528389835,-0.04564447909893618,0.09629890405809327,0.09729475387010798,0.08508946288260731,-0.001273084547888151,0.03410563677240343,0.028667450562411736,0.023392504086306762,0.053351004708013613,0.047439650256535015,0.05810417053208148,0.054934551344422954,0.031993530501371034,0.021952804064319,0.010914535401784086,0.015473307705283098,0.06783388585152897,0.06783388585153317,-0.01527995385509836,-0.039506632711132424,-0.039506632711132424,-0.039506632711132424,-0.059479143243688755,-0.05032914750277537,0.01624371402452907,0.043114247112039504,0.025354199025516055,0.03527788277965467,0.0015248955971482981,-0.015358561257129137,-0.025156315468883892,-0.3737206361321237,-0.37406567061079,-0.23711916728169175,-0.015617994063853578,0.10005913656114736,0.20117915718480817,0.011091031399038559,0.06050982105526589,0.0768179637889172,0.18821592375946655,0.24028413459675474,0.01268802768880658,0.00140890912864797,-0.004377499352430751,0.010338896046646171,-0.002453742797264525,0.02105765626887057,-0.0081441763113146,-0.0010591787386210229,-0.0073035675081323005,-0.00775202833128763,-0.1287512252845162,-0.13399882028439936,-0.10939727034063391,-0.11625744481047724,0.012021947581223496,0.017974219959494473,-0.022771395275075993,-0.019792496894880395,-0.008871363492371009,0.006599218891525793,-0.01761209902665617,-0.011326869868013189,0.05032423505948021,0.10775396467792793
GEOID_2020,0.9999829594335553,0.22699721435765863,0.0422711939234706,0.9999996193113215,1.0,-0.0170264247545109,-0.0690453665245711,-0.0049298955952338285,-0.009293661635585471,-0.00787018789521071,-0.05632278275194721,-0.05310772960144944,-0.009542883755185338,-0.008239303504490427,-0.13969335359059507,-0.1457333761862636,-0.1457333761862636,-0.1457333761862636,-0.0020727910292091625,-0.003934347079901479,-0.06468534978462911,-0.04942208434881648,-0.05719080418637802,-0.07233938484722953,-0.03953855214082141,-0.041650295776289946,-0.06858714743092513,-0.06797472479191638,0.0806607740673444,0.04081805195358133,0.05071054831007587,0.06157972829788977,-0.026658991104647187,-0.02629485786902334,-0.04068858204201314,0.0017365556515798262,0.047018606432063306,0.036449949566219,0.026030306682725466,0.0359531118581074,-0.10985556447083968,-0.11297080020418065,-0.030097262197797837,-0.03487721768035096,0.002367727792878983,0.042400139705275626,0.007885668376234401,-0.012568346156635405,0.022710105469993844,0.023672331074721248,-0.04194521002573944,-0.04199709013089579,-0.23558389589963724,-0.16082742620171567,-0.2458117459438423,-0.108177959461415,-0.019631066445368085,-0.07249767903749982,-0.031233709369195516,-0.05125218237597379,-0.15645658178085212,-0.139339583062472,0.013304949837368555,0.027172423002185125,0.016476000448826234,0.04745201450202804,-0.14786249395533174,-0.11178880269030457,-0.03176702373193485,-0.009990411173262976,0.040618643120238634,0.04829451894855283,-0.0015332752308208067,-2.7811004870026395e-05,-0.019092514421657523,-0.0198481298070655,-0.05772968076230621,0.061125308252291365,0.005296441159758515,0.0014847800396208576,-0.10884243334570205,0.10824378927003582,0.10500469498768626,0.11097894310862272,0.03281686463966776,0.057513006859258045,-0.04446123975635749,-0.04187003769321573,-0.006744326869652345,0.024387889510630898,0.033811959890348256,0.03910339011579401,0.026253661010629016,0.035921999466088615,0.05341588616370229,0.035921999466088615,0.035921999466088615,-0.04948260065374847,-0.04566479636519373,0.09620561017914389,0.09720795971530688,0.08500910893717452,-0.0012915867277268423,0.03407705981741237,0.028633000079021302,0.023420716856789977,0.05337798197934096,0.047481702087459436,0.05813496942999611,0.05496949323407248,0.032015986519699086,0.022001254985098844,0.010972700508252147,0.015511954049720498,0.0678302806972381,0.06783028069724333,-0.015346459190077362,-0.03958346855635245,-0.03958346855635245,-0.03958346855635245,-0.05946471683856272,-0.0503107340176309,0.016271043405163076,0.043102441527604715,0.025348593148626912,0.03526828312725388,0.0014427817568697958,-0.015435812050092522,-0.025199009187732834,-0.3736111999867027,-0.3739444997140579,-0.23710963168493904,-0.015695210398555155,0.09993846672469511,0.20110571999695534,0.011047956647093602,0.060435948410802784,0.0767805780309749,0.188164710225842,0.24021355300654526,0.012684401041648702,0.0014344081342359675,-0.004343520410053608,0.010373205127356509,-0.0025245642431642036,0.020984071321385224,-0.00826173525835661,-0.0011675240150719496,-0.007293407374216697,-0.007737725224758391,-0.12873553407201643,-0.13398688504999706,-0.10937950453387728,-0.11623865704431663,0.012031496331261406,0.017983495790335084,-0.022755835058056218,-0.01977717235163129,-0.008874894704654551,0.0065983302521164956,-0.017627812591766035,-0.01134142643186195,0.05033075621252764,0.10776969511462725
E_TOTPOP,-0.016892493986572818,-0.02367846415339688,-0.10722050638828938,-0.01701829040847775,-0.0170264247545109,1.0,0.6512422412899269,0.2519017572769303,-0.1623914937048409,-0.15689126888707466,-0.05290870565289375,-0.05143961548793474,-0.12970392623357105,-0.12902784456694347,0.06100629505017742,0.08197391285566848,0.08197391285566848,0.08197391285566848,-0.18960193342663514,-0.18359521266055312,-0.054540453875772776,-0.06727819076540058,-0.08941800059512499,-0.03402866577278977,-0.08341656897621767,-0.0697650503948254,-0.07547500294589889,-0.07009195017246007,-0.03669732295310295,-0.03349464990499319,-0.24259348608482145,-0.240168112724159,-0.14054806865611363,-0.14002196934994318,-0.19705334632630872,-0.19493207298054208,0.22668981615795683,0.2287144639093354,-0.24792427340362946,-0.23595723041575728,0.07678841294539643,0.18887089232091833,0.0016694715324473452,-0.014391049095067334,-0.10418458148725798,-0.04528528122862479,-0.05007710381527047,0.020115158983042364,-0.01599225832864063,-0.020543968292410557,-0.09337469690305521,-0.09635709265251807,0.06715977422763891,0.08660367731998397,0.08822139981573854,0.0952134989695314,0.012898074620687606,0.05984219620552627,0.04767252071475108,0.031940733307608334,0.10952081578137246,0.1117746016732251,-0.01437474381904684,0.015300224766273633,-0.06737790670224666,-0.013866077811518432,-0.024171989802724093,0.023262114353545405,-0.047135984192281606,0.0008935174120993871,-0.028750033685903918,-0.03214647297110669,0.0010261186400930414,-0.00013145189767553635,0.005567243364197872,0.013688993662490342,0.03502681256824948,-0.026526927065650775,-0.24190122944661022,-0.23346084418830443,-0.002322305901406155,-0.011193563294816758,-0.18788491749525987,-0.18788330847063736,-0.08140555620838856,-0.06090501735657146,0.0241743268667991,0.02620388340959627,-0.014396058880801664,0.0068211229952759075,-0.021431352691130674,-0.02714552674929975,-0.003068495797361454,-0.005269050812981787,0.015964078462081883,-0.005269050812981787,-0.005269050812981787,0.016068357258502624,0.01396250212141102,-0.16579618011956046,-0.15507868587180007,-0.11955514704995811,-0.11416040302000223,-0.109050603894342,-0.1105605633889594,-0.26239601483811426,-0.2698259091003105,-0.2357882706349496,-0.08894400960322249,-0.08579062027899628,-0.07725729623139492,-0.20594244870642758,-0.19962542847344933,-0.17005773455109163,-0.23216075988268395,-0.23216075988268167,0.045861537870767105,0.04652401212732772,0.04652401212732772,0.04652401212732772,-0.01783364402935071,-0.035382625789461906,-0.05013745392082233,-0.05162124777960599,-0.057954152770089314,-0.05272366209832955,-0.02646060583509641,-0.026011219723744185,-0.028331982414895197,0.06184523089661998,0.07188485936850587,0.07621988319868334,-0.004862415798853704,0.003096675668052007,-0.03706237188637803,0.10404270429136413,0.10617043016691789,0.06947464915691431,-0.03621374996068624,-0.04842649835562917,0.032764642318860004,-0.061242263460504036,-0.05384437451093251,-0.038423491052805125,0.03615064395804317,0.04537805006220734,0.03364480563374391,0.04696756110231325,0.20509867362717019,-0.09557883824010219,0.4112288551476538,0.12204884124254468,0.33142484986208604,0.12964460378439116,0.011833803750860123,-0.04992376132030144,0.10100574356009427,0.031364228833930904,0.4555482961009394,0.016386350735866136,0.1858797513411506,0.020927755964668643,-0.044243957707005385,-0.09268838345791519
M_TOTPOP,-0.06933740840820325,0.028922326963191292,-0.19101280787393932,-0.06905580106258621,-0.0690453665245711,0.6512422412899269,1.0,0.11095715524962078,0.01501457173232503,0.015371192220688919,0.11752258396093741,0.11622751406309127,0.01079756102187747,0.010540542415979577,0.33791156958272034,0.3504250839055885,0.3504250839055885,0.3504250839055885,0.03460680200681608,0.033382450301125445,0.1430740491449633,0.12275748180199664,0.05633659051811071,0.07907198271460598,0.10225345704453123,0.11322488040518233,0.13041538227121088,0.13427573375351504,0.16746903065427707,0.1625371392562761,-0.13216162422008004,-0.14790948586478336,0.10054166935400738,0.10068747478527895,-0.25585521160238944,-0.3022799023068519,0.2934639147322564,0.2827377600702047,-0.17490561298680263,-0.17602008005457048,0.24280913025578613,0.30097452340047504,0.07644180106786123,0.06665350567814095,-0.06221710377866624,-0.10274652923428977,-0.15841862574772786,-0.09982831366981604,-0.1407740570383064,-0.1422112848209609,0.10535903966496594,0.10504677230169454,0.10475949726618686,0.13968531616025806,0.08315320124459939,0.09923668598756546,0.16591437238808024,0.22586453068045878,0.18766331288241003,0.19235827438389605,0.24252030475578912,0.2447962799376702,0.002018957795359847,-0.010838080120967975,0.04198683615948416,0.026968939682870823,0.07521905002042137,0.06745112304162597,0.023850202380003845,-0.008333011779218191,-0.033902536219823726,-0.052682712786152455,-0.0038180667991886135,-0.004735000711617906,0.024566075285222738,0.026140367334161772,0.1365724121499061,-0.13629992359277826,-0.19651166308215906,-0.18040892709219375,0.13977574429284895,-0.152290911499681,-0.29597378208610253,-0.2937150118316223,0.008439617898996716,-0.020820970836714837,0.1593609822855503,0.1547198123665828,-0.00020104614375646477,-0.061505993901930345,0.007128133313757398,-0.004814822969575076,0.01123386808853928,-0.0012876349672575212,0.0578850805327444,-0.0012876349672575212,-0.0012876349672575212,0.07848800878300226,0.0775814357222712,-0.09277350272268899,-0.10032749268370204,-0.05747483696021628,-0.2672620000707809,-0.30080759945894553,-0.24955813436440855,-0.2120264046908802,-0.23592344919483207,-0.20514109909128542,0.05950266862324832,0.07643744985675698,0.07240847432528039,0.008500191590412619,0.005948969256749832,0.021541670967378315,-0.13599413856751652,-0.13599413856751685,0.004571023552993769,0.009860358372171038,0.009860358372171038,0.009860358372171038,-0.013073895034620132,-0.03602848061194239,-0.1922381011873758,-0.20208139643913536,-0.19730136072246,-0.20115625927620315,-0.02020853830879215,-0.0022841997424798716,0.00890868071945173,0.1541727030278994,0.19250932616635905,0.17865608981954548,0.0924868360723795,0.10591860905646226,0.004324693124218887,0.07873405255237625,0.05993323733250872,-0.051305795763698425,-0.08943963362663783,-0.1069950052412976,0.027140163619972537,-0.1374355449611663,-0.13820591868202944,-0.1298892424640482,0.06851586707534288,0.07568760137155225,-0.013998314199084365,-0.005903795420128847,0.3299670919479896,0.12004127258687994,0.48044572516992756,0.2994622316323912,0.2460008977067641,0.11915419736830746,-0.025073371889927278,-0.06235643257846197,0.08655077888140177,0.03867957350420145,0.28014336256678596,-0.004797874863562553,0.14719642264986663,0.0415329962380229,-0.08777081397503878,-0.15396289848844588
E_DAYPOP,-0.004905816000421587,-0.004511001838096808,-0.05320362898906421,-0.004927966657423891,-0.0049298955952338285,0.2519017572769303,0.11095715524962078,1.0,0.029240203950908893,0.031038448747154817,0.11606248402516603,0.11916460324608891,0.03564204742138154,0.03338366424970404,0.035335375912651575,0.06611599924191547,0.06611599924191547,0.06611599924191547,-0.01227724751821691,-0.018792724884203724,-0.05458568252368412,-0.06739983386181797,-0.017885334315959917,-0.005809805690920839,0.1933853716897297,0.18393691336994675,0.07741796874833475,0.08047892292420646,-0.026345064239490436,-0.02990091246892542,-0.05929902337041735,-0.0659978442135587,0.0151631630955984,0.01485353889672089,-0.10798460641390573,-0.10682600481014078,-0.11601902927430272,-0.08568458914680284,-0.08895463692610867,-0.09530038124167196,0.0064451771136320715,0.07765022784563547,-0.11371066538838971,-0.0820882197661295,-0.09847512637185042,-0.08488995953205225,0.2208258398514616,0.18722336178586127,0.06635394682417388,0.06963237249361941,0.009723979057926595,0.0063285721071930255,0.024050640811918857,0.05000409316987613,0.03976427307560988,0.0545713209358386,0.1275055267709219,0.14454781990006665,0.07480556461493504,0.070966845419367,0.11756884435352236,0.1182993481940003,0.029735756641422178,0.05409969028934521,0.17302856767383995,0.17956700944037718,0.15092113467658028,0.16668173149542417,0.09715092094358249,0.10686477285082048,-0.009763711581269173,-0.01936842334336924,-0.0004379011380452348,-0.0012827536219912387,0.19781332359050804,0.19574869599307723,0.09935271152089245,-0.0944996588377183,-0.07142872418249076,-0.0719778968865774,0.16869727027562859,-0.17112215462583544,-0.21595993379474276,-0.20570050547060506,0.11490116617189604,0.10753045819579933,0.16650289996822593,0.16307425726188396,0.10187005958045771,0.06494890692300262,0.1690292601868747,0.15324931088849153,0.0492865943414179,0.04753978359610319,-0.01407442816538496,0.04753978359610319,0.04753978359610319,0.17571166788043266,0.1742009949199934,-0.08441841416407048,-0.08213934830446039,-0.047090532545998674,-0.12922787578483136,-0.11894751247575751,-0.09469788182111474,-0.18226307845627426,-0.16907151711907342,-0.11951147485330381,0.023233204115486124,-0.0031270938002763136,0.005770041927175499,-0.17109226941579944,-0.16319174668545533,-0.10517871816201033,-0.11739774102836305,-0.11739774102836158,0.01768096438764558,0.017251870716961222,0.017251870716961222,0.017251870716961222,-0.014679882514574947,-0.028323209330799484,-0.024588378836065856,-0.02332866682142202,-0.029749318535052832,-0.02564244309608701,0.009937550466219662,0.018829524568684777,0.01706692523739727,0.019113873209411023,0.02361156254090787,0.029270597702107513,-0.0026759764747131837,-0.0004157349751242346,-0.015025619656479599,0.07124439094248791,0.07121108496229407,0.034029918102988235,-0.008334654175434202,-0.015578568587470093,0.011844672162879447,-0.05955859637478637,-0.06379309231878501,-0.050610661496016535,0.018380530947479316,0.01986617502342493,0.014096555097259779,0.01924115609841049,0.034966898770194495,-0.03404012921168019,0.08538014604377535,0.023888868716264184,0.1638384873858722,0.12550256489278974,0.001296512567846774,-0.017499770169311903,0.04524649036702303,0.035656864250208274,0.13747982816274598,0.02954517950133404,0.04526139445239589,0.004186335879298076,-0.023085960030323465,-0.04769772144192421
SPL_EJI,-0.009438588580286372,0.019864462992703776,0.034037342088370615,-0.00929892072418339,-0.009293661635585471,-0.1623914937048409,0.01501457173232503,0.029240203950908893,1.0,0.9910617519474694,0.8871335553990244,0.8787277480125754,0.893982795656999,0.8892240861313077,0.43795357731684176,0.3971727197555734,0.3971727197555734,0.3971727197555734,0.766943868703711,0.7771729206202587,0.6301984950528362,0.6872122872593136,0.4336281953661447,0.43209767149018075,0.46886425505002494,0.502958483286602,0.5664151649904562,0.5728325112623719,0.4225386789391543,0.4597670171283477,0.5665772124493768,0.6108790400611284,0.8124338288544156,0.8119851384351693,-0.057347309605964694,-0.052162909356755265,0.11826807111989154,0.1106532233461754,0.47125404283441036,0.4864218321049971,0.3257268717235355,0.2381194923749262,0.4640171610942913,0.4877305564580874,0.1559461317594303,0.1628002898191815,0.08728813468043921,0.23411058764291443,0.28269825919365427,0.28285464698941326,0.8316793095971998,0.8346938821845303,0.06957699612069253,0.06171044658765142,0.08671693936539299,0.10762827258222858,0.17264714637090356,0.170647312523592,0.16640321686924167,0.1817892460654625,0.19231386473777823,0.18115388117879275,0.11890930916163857,0.13516807253356222,0.4180144313056377,0.42420980859999996,0.284453976926369,0.2948247695592718,0.3007337287966457,0.31782238513856853,0.05370682723724076,0.07009965884583917,0.006239951796130692,0.006914975376650556,0.47272227331816635,0.47203541347970546,0.027066589957589614,-0.036806849150810034,0.41590275563529194,0.4042961075410281,0.17297040262315463,-0.1686967746342865,0.16171063894032903,0.15744533314984926,0.4103424858656803,0.4134547002328113,0.2130364887294752,0.2182371228417394,0.11516785295272719,0.13461969769942714,0.41750901581582456,0.4186431230854927,0.13802614476890995,0.13373202359459221,-0.03521917168135845,0.13373202359459221,0.13373202359459221,0.541849526005403,0.5451800827309136,0.5744674181618691,0.5764379843543328,0.5517945271810523,-0.2663607608232825,-0.2786229175270296,-0.12670035411961117,0.41311992042941476,0.43833081593778805,0.41482053016540105,0.6540487159612435,0.6908263950077391,0.6457177794082641,0.6553562424181473,0.6753361154240054,0.6385397970603881,0.6925493401947186,0.6925493401947248,-0.0523204409984463,-0.0455617804312546,-0.0455617804312546,-0.0455617804312546,-0.010886125867109837,-0.004548105416709586,-0.01409333660590697,0.009334215834426212,0.007329218751495506,0.006326876494465046,-0.03656422899719164,-0.03618017802432266,-0.03280466927219232,0.045993644567533354,0.022357956515046986,-0.016886861161659886,-0.04286836490983995,-0.017326988933602287,0.032827396447084926,-0.0689650634161869,-0.09111264103517523,-0.12168628476737141,-0.01275360709185462,-0.010877304194589309,-0.008958177878250834,0.011372130094425335,0.01601946116188249,0.010577215171564803,-0.047106192892003684,-0.055335129754365185,-0.07041566504907615,-0.08211685819593861,0.26832059992682084,0.3671422360108829,0.2216642308572948,0.2930141733855424,-0.14780332951166622,-0.13868699800907835,0.06326135229033779,0.06939318967614112,0.022534549928680495,0.02627780738829742,-0.12079321606778724,-0.03760148100939422,-0.027852850448282084,-0.0020597470924481804,0.06817625457500122,0.07965126681848197
RPL_EJI,-0.008010528775510192,0.01947417861953344,0.04494642575603501,-0.007875216753471132,-0.00787018789521071,-0.15689126888707466,0.015371192220688919,0.031038448747154817,0.9910617519474694,1.0,0.880948872253621,0.8818112267390373,0.8874139086600067,0.8940781269490943,0.4272639663034828,0.38846173749653423,0.38846173749653423,0.38846173749653423,0.757194899339772,0.7789312346067885,0.6230303512521645,0.692278601347809,0.41700685559569617,0.42529301965420135,0.4600674655334992,0.49709525602219573,0.5573271538085343,0.5685343578318252,0.42612592520732134,0.46693050897261057,0.5614755817880481,0.6124580244911544,0.8121511977940756,0.8158000019147094,-0.05660319441291295,-0.05074933409824649,0.10899520603309222,0.10177655225367195,0.4678228582488577,0.48681364477260863,0.326054934887315,0.240578739902139,0.46157344462827904,0.4869043027649802,0.17368652745101207,0.17549217858181201,0.09074392004661254,0.23395752336958361,0.29196674208627116,0.2922181593073477,0.831991341375649,0.8400446552340631,0.06858887274774778,0.051964589340723184,0.08478990226324631,0.1048431433239006,0.16447100867891604,0.15591855336062713,0.15949397709495175,0.1748945657371262,0.1798120915601221,0.16786900040484154,0.11487370673027879,0.13088545750520883,0.4047764562874164,0.4138334237724555,0.27422124394146935,0.2823307095022881,0.287198451330608,0.30966938688372864,0.05375950707473011,0.07377904539671236,0.006884173061296025,0.007731985150137331,0.4591667123377022,0.4597307170800819,0.011883582192952097,-0.02151164034389072,0.40840847337369773,0.39614631310605963,0.16231165121977081,-0.15739623254212343,0.1696176664456869,0.16435450230927698,0.3972887644919454,0.4038449673747504,0.1995535832453309,0.20496418669632485,0.11404242483769207,0.1379766181183319,0.4088782617338533,0.41108464682447626,0.12706816835559695,0.12293832185452658,-0.0333251342170036,0.12293832185452658,0.12293832185452658,0.5255510663505184,0.5302094585122095,0.5595435678531008,0.5686350025164696,0.5422963732042385,-0.2624982007427267,-0.27311415116612026,-0.12356704616317088,0.4068918274118632,0.43193901853068817,0.4118752852101739,0.6475490736738562,0.6894082317694268,0.6360661362018075,0.6371443810375931,0.669576197443979,0.6301353065756573,0.6836320406886522,0.6836320406886408,-0.04925070447098185,-0.04255025823096309,-0.04255025823096309,-0.04255025823096309,-0.010227669945978278,-0.0011397849396592237,-0.01348257240449153,0.008434518530659114,0.007476020808665769,0.00578022867389074,-0.038674121621610366,-0.03877857629312997,-0.034824160510896165,0.0513996736615881,0.0273999591510202,-0.01329606662073169,-0.044205506252690034,-0.01821678011292966,0.029234824971157647,-0.07183298476600503,-0.09419387942871206,-0.11733556932903441,-0.01666096438416172,-0.014837064698096649,-0.009333167000189152,0.020234980212605648,0.02631482497771747,0.020071970083784228,-0.04522955994453748,-0.05291577463069342,-0.06685791824184958,-0.07822075449924577,0.25625173529369283,0.34664737742934065,0.22541674354119,0.2949783021101558,-0.14426599540159835,-0.13466916051928596,0.06911755228381365,0.07559448715546072,0.02516840599642731,0.028460019519034433,-0.11831663574273968,-0.03781965603463154,-0.02672543428220241,-0.001734622749189173,0.07076603171590642,0.07733020065866905
SPL_SER,-0.0564384617800276,0.0037286100669923655,-0.06898467803122274,-0.05633194086815413,-0.05632278275194721,-0.05290870565289375,0.11752258396093741,0.11606248402516603,0.8871335553990244,0.880948872253621,1.0,0.9936410343590286,0.7851237222115426,0.7792068577200866,0.5816105223504541,0.5664135714072037,0.5664135714072037,0.5664135714072037,0.6362136220615141,0.6487004789286771,0.6040502692022124,0.6405890255314327,0.4030342151435862,0.4246914067004725,0.5767510849481673,0.611613977687943,0.602791884747568,0.6179744165844147,0.4070010565444266,0.4386715626729233,0.40220192421763007,0.4453768661977116,0.7691488228610126,0.7681150203030559,-0.23104521618225765,-0.22686580457471467,0.13023076506106596,0.12682822436296645,0.26466826959954326,0.2791696252133938,0.454787137416503,0.4327570568563007,0.3802372709539895,0.4066345380843805,-0.010011356639940386,-0.009526562322621442,0.09241927669826498,0.2537968776490772,0.16907154732702723,0.16672426167358986,0.7745147644969772,0.7777152202352219,0.15371367165058916,0.2465100595422225,0.18110507072960016,0.2305103546146219,0.37947603462379015,0.40668757042777154,0.2694608619230589,0.2939710045000564,0.440536858767698,0.43255228550215435,0.17783204033640104,0.18923328543398488,0.5805108889213446,0.5692035333808493,0.4862713865443543,0.49045013718026104,0.38605098298473417,0.3815064939159341,0.02575766510313248,0.018775158394858257,0.002229067468276233,0.0023443868617754908,0.6462028373581145,0.6477050466295238,0.2034802958645161,-0.22130762309127416,0.44869352117362654,0.4460111933426667,0.3888035442430554,-0.3875635117758873,-0.03693890736881137,-0.04192028927273732,0.5447572850477469,0.5236762006181873,0.42085586213303494,0.42529309990775666,0.1633752357278222,0.12985918144270875,0.55978191130049,0.5526222539919192,0.22057979623339338,0.20927203224180105,-0.02430784180929515,0.20927203224180105,0.20927203224180105,0.7724122195917281,0.7777147322656051,0.36450978252572797,0.3547442055667681,0.31957187145299903,-0.4777081659750272,-0.4975571865202462,-0.36930898227835124,0.08119374808022381,0.09510825838606446,0.06672690656633813,0.5307285442589708,0.5575190870848339,0.4667739818338731,0.42194556912319287,0.42923054256201293,0.37947225849133853,0.2814620425292849,0.2814620425292885,0.011577282043687756,0.01377295041062368,0.01377295041062368,0.01377295041062368,-0.02451566341657998,-0.03732186215077306,0.003953138536354892,0.030788898968994897,0.01776305493963745,0.02391867885375755,-0.05624868580794759,-0.05144987150959319,-0.06367526678907678,0.12208559797920457,0.07604504925066066,0.04329751181276314,-0.05989714453169718,-0.04984334282838904,-0.05958581978446228,-0.04823254028611422,-0.08515529904579221,-0.23233698221057864,0.013472954678951354,-0.01519654493479305,-0.006758652825019203,-0.08093691864216886,-0.10323194636890731,-0.11658946145892009,-0.08383406461104413,-0.09370963596235744,-0.08035671795706209,-0.09054893981164867,0.28020262162129045,0.34718559770697494,0.36688946819916113,0.4348338372743858,0.012337468028445151,0.035558183395625796,0.01808860983494399,0.015358438621518193,0.0555788452154616,0.05396135977057781,-0.056976053394858804,-0.015152145035016098,0.022430041423558537,0.03661950676452132,0.009333860155511096,0.027910870320478988
RPL_SER,-0.05323232952675525,0.005976794627357557,-0.068832494930497,-0.05311648830315893,-0.05310772960144944,-0.05143961548793474,0.11622751406309127,0.11916460324608891,0.8787277480125754,0.8818112267390373,0.9936410343590286,1.0,0.777549951678037,0.7776860047937165,0.5729638151546594,0.5619580653961963,0.5619580653961963,0.5619580653961963,0.6265109783215741,0.6422077340690512,0.586376635756285,0.6319405081339894,0.39401968963614536,0.4191147196965717,0.5718328581447518,0.6097710665895727,0.5938824669826231,0.6131611950717786,0.4009311510066515,0.43384217566314365,0.39371742713443714,0.43735208409822907,0.7610620313129187,0.7629355376141582,-0.22974438553120916,-0.22644753534214257,0.12236644210467487,0.11966030912359206,0.26074842891274413,0.275936709083354,0.43970704934738464,0.42802974391695753,0.3715141481729823,0.3984275887737264,-0.009902095714149167,-0.012198500165638004,0.09484476174973425,0.25472659049607316,0.16774307876800462,0.16468517884872155,0.7655099311249469,0.772133650264234,0.14797413625169062,0.23842468505336112,0.17334306830951593,0.22509909610252016,0.37434795996198067,0.4007922286736796,0.26511495240074473,0.2880107774913941,0.43080894222170774,0.42435370224672936,0.17268746821138167,0.18579836754362364,0.5759220120074884,0.5668714774903594,0.47931124235677497,0.4853223457256869,0.37588850897922776,0.3773111719893519,0.028031391661778374,0.02250862909054136,0.0030423544518371937,0.0032662423923141572,0.6407400056627067,0.6444992065518895,0.20289786199136045,-0.22038422000636632,0.44492471513183657,0.44244151172107177,0.3871730886243909,-0.38629052826377797,-0.03830911365546562,-0.04310720602449978,0.5416846152868927,0.5217360357647588,0.4183346164890898,0.4224357027510247,0.16218221673246108,0.1322181065641225,0.5590708837944802,0.5530905850598211,0.21543399396583332,0.2039746516678415,-0.022017282627570866,0.2039746516678415,0.2039746516678415,0.7631326075932591,0.7734053772225751,0.3586878051936387,0.3508652490628045,0.31804518633599377,-0.4734285323660603,-0.49424849231234996,-0.3735942927876346,0.07610117692221822,0.08964602254152125,0.0646885404748025,0.5238209244936981,0.5518456932013523,0.4605224171119064,0.409848899871308,0.4187800707103585,0.370442578004683,0.2739242012198571,0.2739242012198621,0.009102828450245256,0.011043106817472484,0.011043106817472484,0.011043106817472484,-0.024077834092311148,-0.03634430662912375,0.0028341038960425927,0.028894702965636967,0.01629142190056626,0.0219837378533283,-0.056113940267016875,-0.05133045869524793,-0.06271348507800918,0.1191573223365966,0.07480571201270972,0.04326479750999411,-0.05658127628574195,-0.0461089955775181,-0.056039935113470614,-0.04776053440217368,-0.0842507191994551,-0.2280445088913809,0.013905416094273086,-0.014208019490962318,-0.007163216218618873,-0.08127322329361242,-0.10403978877499116,-0.11695969032178294,-0.08212702288980464,-0.09157975781272636,-0.08036453134195111,-0.0899901776378492,0.27978278046503824,0.34482207200903925,0.35625978790728385,0.4222730782602322,0.015195385244391464,0.038846807893064224,0.02194824992111209,0.018998888122731313,0.055970048948011365,0.05445875478018276,-0.04999239404817073,-0.00801294616630762,0.023421125538373496,0.037599176744309085,0.012269338745886406,0.025601190770702883
SPL_EJI_CBM,-0.009779942347448403,0.04213050851118781,0.0798776233896676,-0.009498900256433341,-0.009542883755185338,-0.12970392623357105,0.01079756102187747,0.03564204742138154,0.893982795656999,0.8874139086600067,0.7851237222115426,0.777549951678037,1.0,0.9880211456004047,0.36788295315417024,0.33248184567844347,0.33248184567844347,0.33248184567844347,0.6696722888613792,0.6816100255318663,0.5721791418452249,0.6232278952525617,0.3654739749770014,0.366693097274849,0.36802499567877067,0.39851113285840695,0.47299533448256514,0.47764318219663066,0.4245642132756919,0.4466549566569344,0.5297741321511601,0.5711362458004807,0.7165161691280014,0.7162663457945665,-0.021197839481382885,-0.012859252645417108,0.1299639053795588,0.1234349199807703,0.4243642444041853,0.4393124903159232,0.2951233865949411,0.22361120763453624,0.4574601885735119,0.47434887030581696,0.1871360069000707,0.1959573541972317,0.07194340811020052,0.20044312777959894,0.2838276203126138,0.28299581834713444,0.752004034190035,0.7545582271332476,0.0676345464501824,0.08447963428405816,0.04628595331487629,0.10002778511916098,0.08485354730110777,0.07270762917890748,0.10490375641295384,0.11549173026339425,0.14293376702629565,0.13058632627357503,0.10880841837306232,0.13526006390191267,0.32917895113720813,0.35183337918483215,0.2049071945795865,0.2355577975061331,0.2625091906542716,0.3191531377370462,0.04184435461945041,0.06768605194294282,0.00533670587471979,0.006020973005956899,0.42171422966608346,0.42154709062843165,-0.03693813717232591,0.027247185518113753,0.3395332486182864,0.3259754910409168,0.08721771539851131,-0.0832555523926666,0.19027859964578164,0.18199630862557134,0.33137961804053895,0.35416160351218984,0.12103444853249123,0.12949614808990767,0.1045224078282765,0.1664800368274435,0.36890437281101685,0.37373997900628875,0.0461863581678519,0.0443043021715269,-0.042828855804110985,0.0443043021715269,0.0443043021715269,0.46534392606552977,0.4666465885621052,0.4602229366285938,0.46343505279979413,0.44795024430629476,-0.19387213675287088,-0.20185188337771132,-0.07308639235868407,0.4215934221856767,0.4483206144919682,0.41140261014111235,0.5484785244959854,0.5855958618723882,0.5573555131310273,0.6128534686415704,0.6358594404325887,0.5932565664874834,0.631566644670754,0.6315666446707499,0.030355574133192918,0.042325035931281736,0.042325035931281736,0.042325035931281736,0.03970373106846143,0.07220362998671521,0.006580219097184891,0.018802735249608665,0.03813957005735622,0.02433281559644507,0.08322940801389633,0.09722964743620907,0.094902050097879,0.08045188029011716,0.10184199572698488,0.12631872688272444,0.032859999640491015,0.05844169887163372,0.06648339680442455,0.19437135163659122,0.20388126916375499,0.10282530879668515,0.092733482621465,0.09231292472212885,-0.005641131547193423,0.1505244855927138,0.1951110864396491,0.1811626845459854,0.2952167087144452,0.28460964412249806,0.3730412286229233,0.37317685693082864,0.21095162146420895,0.2816706271007227,0.2290751253262749,0.29568801675154255,-0.16637707786132894,-0.16997720768390262,0.07477474356638533,0.08018097882298285,0.003550876257106728,0.0078007502015888,-0.13272677168169256,-0.06706339255342703,-0.027886957323192615,-0.009446116837516606,0.09270380911095938,0.14041732613497424
RPL_EJI_CBM,-0.008478207551716516,0.04270048626184167,0.08723440591213608,-0.00819537676694244,-0.008239303504490427,-0.12902784456694347,0.010540542415979577,0.03338366424970404,0.8892240861313077,0.8940781269490943,0.7792068577200866,0.7776860047937165,0.9880211456004047,1.0,0.3628031826377107,0.328126010767107,0.328126010767107,0.328126010767107,0.6666807619602857,0.6842110559246983,0.5686263691788676,0.6278697147908061,0.3599106013690671,0.36436420017328575,0.36324631086151093,0.3948379498927941,0.4681300675577076,0.47460654140347197,0.4216153184872336,0.45012972756608105,0.5282972208121415,0.5731974974777108,0.7172674313549839,0.7196345572480541,-0.023049051229443132,-0.014162627270912885,0.1292834527461538,0.12321600222368548,0.42493935092789814,0.4410247427027744,0.2914014008336496,0.22015240716419635,0.4553504159528933,0.4729502934445902,0.1962415245805393,0.2017795400955256,0.07250030701836989,0.19895967004573809,0.2870987368869316,0.28638268184784127,0.7522259175009616,0.7587228209827406,0.0625117172053921,0.07322708415574998,0.04004887185587516,0.09033664116637867,0.08064316129370208,0.06529894797308297,0.10085074606416793,0.111886520706418,0.13023916847708672,0.11768900400232377,0.10378642705572086,0.12918291989165456,0.3217734918216349,0.3440144154773999,0.19698291238105325,0.22440213425324515,0.25327658810400755,0.3134532096235362,0.04438270600424632,0.07179823294187691,0.006157487181085524,0.006903084495593186,0.41030416457529784,0.4107920105080407,-0.047853003132051396,0.038013555807220586,0.33426248542775633,0.32084774323269594,0.07955129500983914,-0.07535646272370317,0.1962555415972642,0.18725771970585872,0.3231966078088475,0.3469858460751007,0.11035579388886275,0.11887314432924906,0.10094886031433192,0.1658052723895934,0.3601023836387181,0.3659888385192026,0.04367968398052773,0.04251550802064592,-0.042887858018045275,0.04251550802064592,0.04251550802064592,0.45111676400131334,0.4532787180388453,0.45897256004698844,0.4631604758392955,0.44684926526871116,-0.19301902311886776,-0.19974374467211384,-0.072656495405155,0.4196412466236124,0.4463401961484104,0.4117014313765147,0.5479672862868961,0.587311221766389,0.5557856474688009,0.6071663637931427,0.6370425519559129,0.5932114337403042,0.6309207804656972,0.6309207804657105,0.026083824946331317,0.037580248930790865,0.037580248930790865,0.037580248930790865,0.039132947627436604,0.07313532351721146,0.005397232050652771,0.016106794550692357,0.03591300063367702,0.021898845516451063,0.07678420613873975,0.08932047846929829,0.08765086695504827,0.07957229898669803,0.09899256722900238,0.12247627747728417,0.030657741074595724,0.056407198075344785,0.06711004283213355,0.17808737337292385,0.1865233739541971,0.09450533194427108,0.08922457160546417,0.08955946283999436,-0.0055526291756276625,0.1577141646739153,0.20046119296815074,0.18468595508275076,0.2839727239640674,0.2743383350029776,0.357046082336984,0.3563872221907828,0.20830723921851083,0.2784519982243559,0.2262660725393289,0.29079449508294214,-0.1644778809636962,-0.16828124031955874,0.07595569073986003,0.08167975248000682,0.003558246564355836,0.007494210368306815,-0.13210306141032999,-0.0670420427589743,-0.026053293275132006,-0.007735143371649441,0.08919552878578978,0.1328906131707519
E_MINRTY,-0.14027882993584245,0.056079799691039246,-0.13775148098682047,-0.13971927899525835,-0.13969335359059507,0.06100629505017742,0.33791156958272034,0.035335375912651575,0.43795357731684176,0.4272639663034828,0.5816105223504541,0.5729638151546594,0.36788295315417024,0.3628031826377107,1.0,0.9759623387725647,0.9759623387725647,0.9759623387725647,0.43580658812145073,0.41138130995976047,0.560755538316338,0.5124162830789762,0.3446360862082212,0.3345971500884898,0.48911571496875067,0.49014596044288666,0.5085511149097363,0.500961339455992,0.4202351764527001,0.40003964382551505,0.16574338184919413,0.12291298635402198,0.5574952752080121,0.5534689090014647,-0.38188739435874425,-0.4387011282679619,0.23840210694055544,0.24321530135717445,-0.05752660516593218,-0.07269762061170229,0.587637608659795,0.5717737494285293,0.21583205607052605,0.22550428312991264,-0.13673376390977307,-0.2278236416753033,0.02951764476914364,-0.011267519871173361,-0.17816986010694277,-0.18128829900154153,0.5506621127259242,0.5478989679892703,0.20596488029066476,0.294608826610209,0.1737973565106261,0.19620568236315505,0.4042989987122206,0.4603547997608965,0.2916956036298549,0.32397096797003944,0.4726979467782764,0.4672724831312739,0.07049100203472651,0.016310503484518204,0.32036695662411097,0.22804994911646814,0.3760747466257688,0.2926845537822819,0.18240081051029733,0.06052141521131213,-0.05335177504741654,-0.10286801830844841,-0.0073781901685160516,-0.008742790656443481,0.22572946821078882,0.22254108229501807,0.3143367109851449,-0.3331143996177861,0.12336512477198669,0.13964983290945568,0.4317782458925086,-0.43655252138083156,-0.34421998550835126,-0.3444896472687853,0.27121918614031054,0.1882671853793642,0.4090447151929,0.4028849928707795,0.05662143433310279,-0.07923503895721132,0.21550203245631205,0.2003215442875761,0.0895005266884938,0.06354812928615736,0.09289737842597244,0.06354812928615736,0.06354812928615736,0.36141525635866395,0.35663497614147516,0.10583596225061197,0.06544378058355924,0.11025563114036746,-0.695398233645653,-0.7559791583309041,-0.5580115300726475,-0.20617968159015873,-0.2297347456774463,-0.19106274423042613,0.3313921366433262,0.3436548067653312,0.3135236783990929,0.3830072289653365,0.3457134705306518,0.3271168265605728,0.0009599663004669983,0.0009599663004651316,0.024146844057537906,0.03530272642744268,0.03530272642744268,0.03530272642744268,-0.018223326523863236,-0.04449288983850039,-0.21427246668855424,-0.2016281464491447,-0.1993126475405679,-0.20298881218844453,-0.05632952400755115,-0.038472429120094805,-0.04565432390411749,0.2991716749176214,0.2818778871616488,0.22163459055561988,0.08360626168190063,0.08854483543239339,-0.05163241578502043,-0.0007857576227435261,-0.05852086562653786,-0.29346212681091555,-0.0930227278070658,-0.14150134655223476,0.00024641893892510204,-0.17464189394187454,-0.21714488536397983,-0.23604153867862532,-0.004640849955105498,-0.006206105901521631,-0.08680793274799653,-0.08826869435763265,0.5335101395547496,0.5810624226386986,0.5882923700932893,0.6582604466674238,0.24823436959961648,0.2730950904553675,0.07308815010675328,0.07836681282130077,0.07549601083214087,0.06792458622370304,0.009255852511900732,-0.008027938516843221,0.092035374513844,0.09272880017558295,0.01803044376270212,-0.0704412903845892
EPL_MINRTY,-0.1463592193501237,0.0617772028552688,-0.16364500739194598,-0.14575533133523513,-0.1457333761862636,0.08197391285566848,0.3504250839055885,0.06611599924191547,0.3971727197555734,0.38846173749653423,0.5664135714072037,0.5619580653961963,0.33248184567844347,0.328126010767107,0.9759623387725647,1.0,1.0,1.0,0.3948493431905089,0.3729415043902365,0.49977391247299763,0.46584494035899526,0.32032810967624437,0.3187873430740965,0.4964087293704092,0.5036315931164084,0.4908378340540586,0.4920836134820837,0.3942963459276964,0.3864720295443084,0.1153878613867048,0.06929104859954403,0.5245745673747696,0.5227602620396343,-0.4008873273308205,-0.45528770212138153,0.21292491994163246,0.22180511608948514,-0.07943546464540348,-0.09506278971042084,0.5444134975703198,0.594820569584803,0.1962835550137352,0.21095879887838956,-0.14569042671127655,-0.2509013058085666,0.047775272513610814,0.0014086856080635344,-0.18649609595116703,-0.19008207727423296,0.5233836271527762,0.5212917547829047,0.20063152021311761,0.30241939906408527,0.1828541298589839,0.21262334359299684,0.4129602690727373,0.4823950727157481,0.3080991843719858,0.34114010427077224,0.49651114263597057,0.4948047859775299,0.07335816720380223,0.017544103583102544,0.3253817081692581,0.23113152259653616,0.380253242308823,0.29833870061662404,0.18191814444454613,0.05542278927184306,-0.06225646132861357,-0.12359153327537717,-0.008968312886057652,-0.010723032209436286,0.22480495937548506,0.22145913504540085,0.3423837515894502,-0.3613881964835903,0.0963084516469034,0.11458935610257254,0.4550110797015097,-0.46203557568298226,-0.39206978069125303,-0.3905788524027356,0.2704020948840113,0.18273940279509238,0.4353306877281843,0.4276813647685596,0.06274325067391291,-0.0805382404290105,0.22096254535191664,0.2030938130510246,0.08611962381298792,0.0585588508670818,0.09452062869222819,0.0585588508670818,0.0585588508670818,0.3628698781110612,0.35958296194235756,0.07020991829402666,0.030622388188616515,0.08385668391715646,-0.694988701824752,-0.7545537901393644,-0.5968788430710168,-0.2565878135651915,-0.2813005210706415,-0.23272160327813965,0.3063719146935167,0.3158860835862515,0.28779991544869477,0.3100718998787691,0.27422888797192607,0.2734478536496795,-0.059793893953329985,-0.05979389395333282,0.016843593505338813,0.02784171245759395,0.02784171245759395,0.02784171245759395,-0.010465161965913752,-0.03718002677892802,-0.22231663852099667,-0.212507888281893,-0.20727222261427294,-0.21290799636380445,-0.053907250638029196,-0.03208224531106017,-0.03887538430899514,0.31451574528941806,0.3072118055765604,0.2412818740913038,0.09394911702817975,0.09508148177368474,-0.06140073967768893,0.006032317005427532,-0.05512761282852462,-0.2915726659191143,-0.09460859785902181,-0.1472909596557739,-0.00230502390307605,-0.18670582070284997,-0.23279642693666014,-0.25045227240528684,0.004846844887065122,0.006186152485316086,-0.08327623926484423,-0.08270578135555481,0.5146608878278043,0.5531591260299794,0.5635705733399632,0.6308631333489423,0.2712619413265883,0.2984745561559076,0.07356719110812868,0.07714759625967739,0.0829658607107589,0.07609517526958995,0.07875736153435434,0.06267898128634554,0.10691359419527138,0.10511286739534478,0.031345325444296024,-0.08347042369783993
SPL_SVM_DOM1,-0.1463592193501237,0.0617772028552688,-0.16364500739194598,-0.14575533133523513,-0.1457333761862636,0.08197391285566848,0.3504250839055885,0.06611599924191547,0.3971727197555734,0.38846173749653423,0.5664135714072037,0.5619580653961963,0.33248184567844347,0.328126010767107,0.9759623387725647,1.0,1.0,1.0,0.3948493431905089,0.3729415043902365,0.49977391247299763,0.46584494035899526,0.32032810967624437,0.3187873430740965,0.4964087293704092,0.5036315931164084,0.4908378340540586,0.4920836134820837,0.3942963459276964,0.3864720295443084,0.1153878613867048,0.06929104859954403,0.5245745673747696,0.5227602620396343,-0.4008873273308205,-0.45528770212138153,0.21292491994163246,0.22180511608948514,-0.07943546464540348,-0.09506278971042084,0.5444134975703198,0.594820569584803,0.1962835550137352,0.21095879887838956,-0.14569042671127655,-0.2509013058085666,0.047775272513610814,0.0014086856080635344,-0.18649609595116703,-0.19008207727423296,0.5233836271527762,0.5212917547829047,0.20063152021311761,0.30241939906408527,0.1828541298589839,0.21262334359299684,0.4129602690727373,0.4823950727157481,0.3080991843719858,0.34114010427077224,0.49651114263597057,0.4948047859775299,0.07335816720380223,0.017544103583102544,0.3253817081692581,0.23113152259653616,0.380253242308823,0.29833870061662404,0.18191814444454613,0.05542278927184306,-0.06225646132861357,-0.12359153327537717,-0.008968312886057652,-0.010723032209436286,0.22480495937548506,0.22145913504540085,0.3423837515894502,-0.3613881964835903,0.0963084516469034,0.11458935610257254,0.4550110797015097,-0.46203557568298226,-0.39206978069125303,-0.3905788524027356,0.2704020948840113,0.18273940279509238,0.4353306877281843,0.4276813647685596,0.06274325067391291,-0.0805382404290105,0.22096254535191664,0.2030938130510246,0.08611962381298792,0.0585588508670818,0.09452062869222819,0.0585588508670818,0.0585588508670818,0.3628698781110612,0.35958296194235756,0.07020991829402666,0.030622388188616515,0.08385668391715646,-0.694988701824752,-0.7545537901393644,-0.5968788430710168,-0.2565878135651915,-0.2813005210706415,-0.23272160327813965,0.3063719146935167,0.3158860835862515,0.28779991544869477,0.3100718998787691,0.27422888797192607,0.2734478536496795,-0.059793893953329985,-0.05979389395333282,0.016843593505338813,0.02784171245759395,0.02784171245759395,0.02784171245759395,-0.010465161965913752,-0.03718002677892802,-0.22231663852099667,-0.212507888281893,-0.20727222261427294,-0.21290799636380445,-0.053907250638029196,-0.03208224531106017,-0.03887538430899514,0.31451574528941806,0.3072118055765604,0.2412818740913038,0.09394911702817975,0.09508148177368474,-0.06140073967768893,0.006032317005427532,-0.05512761282852462,-0.2915726659191143,-0.09460859785902181,-0.1472909596557739,-0.00230502390307605,-0.18670582070284997,-0.23279642693666014,-0.25045227240528684,0.004846844887065122,0.006186152485316086,-0.08327623926484423,-0.08270578135555481,0.5146608878278043,0.5531591260299794,0.5635705733399632,0.6308631333489423,0.2712619413265883,0.2984745561559076,0.07356719110812868,0.07714759625967739,0.0829658607107589,0.07609517526958995,0.07875736153435434,0.06267898128634554,0.10691359419527138,0.10511286739534478,0.031345325444296024,-0.08347042369783993
RPL_SVM_DOM1,-0.1463592193501237,0.0617772028552688,-0.16364500739194598,-0.14575533133523513,-0.1457333761862636,0.08197391285566848,0.3504250839055885,0.06611599924191547,0.3971727197555734,0.38846173749653423,0.5664135714072037,0.5619580653961963,0.33248184567844347,0.328126010767107,0.9759623387725647,1.0,1.0,1.0,0.3948493431905089,0.3729415043902365,0.49977391247299763,0.46584494035899526,0.32032810967624437,0.3187873430740965,0.4964087293704092,0.5036315931164084,0.4908378340540586,0.4920836134820837,0.3942963459276964,0.3864720295443084,0.1153878613867048,0.06929104859954403,0.5245745673747696,0.5227602620396343,-0.4008873273308205,-0.45528770212138153,0.21292491994163246,0.22180511608948514,-0.07943546464540348,-0.09506278971042084,0.5444134975703198,0.594820569584803,0.1962835550137352,0.21095879887838956,-0.14569042671127655,-0.2509013058085666,0.047775272513610814,0.0014086856080635344,-0.18649609595116703,-0.19008207727423296,0.5233836271527762,0.5212917547829047,0.20063152021311761,0.30241939906408527,0.1828541298589839,0.21262334359299684,0.4129602690727373,0.4823950727157481,0.3080991843719858,0.34114010427077224,0.49651114263597057,0.4948047859775299,0.07335816720380223,0.017544103583102544,0.3253817081692581,0.23113152259653616,0.380253242308823,0.29833870061662404,0.18191814444454613,0.05542278927184306,-0.06225646132861357,-0.12359153327537717,-0.008968312886057652,-0.010723032209436286,0.22480495937548506,0.22145913504540085,0.3423837515894502,-0.3613881964835903,0.0963084516469034,0.11458935610257254,0.4550110797015097,-0.46203557568298226,-0.39206978069125303,-0.3905788524027356,0.2704020948840113,0.18273940279509238,0.4353306877281843,0.4276813647685596,0.06274325067391291,-0.0805382404290105,0.22096254535191664,0.2030938130510246,0.08611962381298792,0.0585588508670818,0.09452062869222819,0.0585588508670818,0.0585588508670818,0.3628698781110612,0.35958296194235756,0.07020991829402666,0.030622388188616515,0.08385668391715646,-0.694988701824752,-0.7545537901393644,-0.5968788430710168,-0.2565878135651915,-0.2813005210706415,-0.23272160327813965,0.3063719146935167,0.3158860835862515,0.28779991544869477,0.3100718998787691,0.27422888797192607,0.2734478536496795,-0.059793893953329985,-0.05979389395333282,0.016843593505338813,0.02784171245759395,0.02784171245759395,0.02784171245759395,-0.010465161965913752,-0.03718002677892802,-0.22231663852099667,-0.212507888281893,-0.20727222261427294,-0.21290799636380445,-0.053907250638029196,-0.03208224531106017,-0.03887538430899514,0.31451574528941806,0.3072118055765604,0.2412818740913038,0.09394911702817975,0.09508148177368474,-0.06140073967768893,0.006032317005427532,-0.05512761282852462,-0.2915726659191143,-0.09460859785902181,-0.1472909596557739,-0.00230502390307605,-0.18670582070284997,-0.23279642693666014,-0.25045227240528684,0.004846844887065122,0.006186152485316086,-0.08327623926484423,-0.08270578135555481,0.5146608878278043,0.5531591260299794,0.5635705733399632,0.6308631333489423,0.2712619413265883,0.2984745561559076,0.07356719110812868,0.07714759625967739,0.0829658607107589,0.07609517526958995,0.07875736153435434,0.06267898128634554,0.10691359419527138,0.10511286739534478,0.031345325444296024,-0.08347042369783993
E_POV200,-0.002470034136030539,0.056574224568767685,0.02378488174421537,-0.0021104658072783047,-0.0020727910292091625,-0.18960193342663514,0.03460680200681608,-0.01227724751821691,0.766943868703711,0.757194899339772,0.6362136220615141,0.6265109783215741,0.6696722888613792,0.6666807619602857,0.43580658812145073,0.3948493431905089,0.3948493431905089,0.3948493431905089,1.0,0.9687308865068408,0.6239154002650882,0.6484623770032857,0.43622280626469534,0.39014927019781387,0.5432469187600376,0.5455278218441192,0.6691606795943819,0.6391362968399702,0.4890981078662063,0.5117114761470795,0.5993256930781893,0.6030064773616499,0.8671168362408057,0.8624616612754498,-0.20220724521352879,-0.2239623928745283,0.16353869879937616,0.1651734520317718,0.4220612138960261,0.4190297853916928,0.30714754677504136,0.16199461962970532,0.30942091007323846,0.34540999798780747,0.19795316264084242,0.17034730635386489,0.1775653301843287,0.13773089312777106,0.21948494569471433,0.2243768496072281,0.8167916987795634,0.8147683873733719,0.0067462029008217095,-0.09020662294541068,-0.02300598588826411,-0.018526891875232234,0.05567518079970142,0.03994454319941243,0.07853441513837,0.09665470306126575,0.0006142613970175163,-0.01114040201884439,0.03762333806672892,0.009474836299863502,0.24142324989340308,0.21003151843405782,0.1117328846837961,0.07555967939794149,0.1767472392860918,0.13667217342952362,0.03559872546209275,0.03676896739258259,0.003585221859946297,0.004096542678789793,0.17894976683709427,0.17560313683059736,-0.01496983717323639,0.008640684050299684,0.2425394347969367,0.23266469862351494,0.1001654364148063,-0.09523873175143494,0.10483528897833304,0.10435659252268409,0.24812331858821773,0.22663335018613526,0.10270877069294931,0.10268719331616666,0.03491677573129903,0.024952148239399365,0.19035299516913903,0.19212759314661923,-0.021941356691756935,-0.027234014600048848,0.004640704732419218,-0.027234014600048848,-0.027234014600048848,0.17542290606956695,0.17478411277980688,0.6224798603962451,0.5948491799714002,0.49982133288601865,-0.3908695754847113,-0.4029859900575275,-0.26259237804040797,0.359520160163614,0.3761140040678773,0.34103326584163046,0.8091085034747449,0.79216158082736,0.6781829878837256,0.6369356257303626,0.6301296767119974,0.5774233816422809,0.5979510621108408,0.5979510621108413,-0.10197553548401399,-0.08936461436517401,-0.08936461436517401,-0.08936461436517401,-0.02022948983928599,-0.010146598456046358,-0.05562674203912891,-0.06013480448499176,-0.05855041133152754,-0.06116167683863946,-0.0605090190153608,-0.06101753544025598,-0.028114030899181016,0.057525381628498774,0.07395527588934486,0.02468510764810143,-0.0014263672343426174,0.028278693730443984,0.07854847485035488,-0.08997099181780736,-0.11176849222393759,-0.09139139830733536,-0.05959601384433225,-0.03020182468189533,-0.008697718309224637,0.026579419691963247,0.035794419889985045,0.03500291499343566,-0.019657520472367945,-0.02386170049396507,-0.09112750165976499,-0.09834800681960984,0.27911379971235484,0.3866706268315553,0.20831565458153178,0.2868157950476929,-0.19225139009311465,-0.18358913695210322,0.09275132870937063,0.10379244237507422,0.0028661512747152015,0.009777921828184325,-0.1350121350741225,-0.045866770373904506,-0.04650351680068202,-0.020137760767896102,0.07061602828303029,-0.058687333671766005
EPL_POV200,-0.00433306591400852,0.055330606715290644,0.044016015442233866,-0.003978078956848791,-0.003934347079901479,-0.18359521266055312,0.033382450301125445,-0.018792724884203724,0.7771729206202587,0.7789312346067885,0.6487004789286771,0.6422077340690512,0.6816100255318663,0.6842110559246983,0.41138130995976047,0.3729415043902365,0.3729415043902365,0.3729415043902365,0.9687308865068408,1.0,0.6128557622454025,0.6758276190411376,0.3958473308222328,0.3803910611098476,0.5192308763796685,0.5413988935541321,0.6479083479250433,0.6474163392835981,0.5035236426727511,0.5539467213285516,0.5883873577122961,0.6230409824144033,0.8890515643142827,0.8913949886116593,-0.17839737636802097,-0.19450455844487635,0.14304199746044505,0.14479793728193213,0.4428992960996625,0.45832599126981727,0.30285720211035727,0.16682016864600657,0.3401290792574579,0.37388342752958603,0.24055073064437613,0.21998374412496746,0.13585239622918896,0.13892824908023682,0.2578633124312243,0.2620821660590347,0.8462000609129395,0.8500960887115956,0.004526754201406697,-0.11552505897466195,-0.023224015326341624,-0.023015890726125456,0.03478282364757424,0.007240301147140156,0.06887852529348162,0.08854241218314099,-0.025501331143343933,-0.03947599019408082,0.03379767298053133,0.008178125878154526,0.22265352659981982,0.20009613572727353,0.08898375588012354,0.05451424719783042,0.1659619973284569,0.13896782263758925,0.03888573815328759,0.04608271185523601,0.005188164451287381,0.005968537606960696,0.16836720352105508,0.16526166767553116,-0.055792400562327954,0.050458035920539615,0.24778931215968855,0.23589086691532699,0.07576353659856962,-0.06889382896075284,0.14238186437868622,0.1411577379179502,0.23008333459804275,0.2173643127167787,0.07466295358675643,0.075947560586958,0.03790709486685478,0.041249775175668225,0.1851849530618829,0.1880378803226661,-0.04054816169691928,-0.044303808807985914,0.0074835531459112965,-0.044303808807985914,-0.044303808807985914,0.16056676351024263,0.15889192597868101,0.5972652195907937,0.5942542023514502,0.48828814028702516,-0.3620644482722272,-0.3753929047845323,-0.24985325672569422,0.37461328913743597,0.3980597708459233,0.35828500081125564,0.7779121127125854,0.8025419272006851,0.6657212957651523,0.6237546515076796,0.6518410007775464,0.5820537098337184,0.60144581737907,0.6014458173790723,-0.10217453407856575,-0.08968783187535373,-0.08968783187535373,-0.08968783187535373,-0.01794677277146108,-0.002525298955240417,-0.04994670048730572,-0.05935666711607169,-0.05564020883614276,-0.05984689270038974,-0.06276727169848541,-0.06380377153058225,-0.02676074052580684,0.06374289366918601,0.08283101792774517,0.027613400070793666,-0.005425872494833452,0.02281835059366039,0.07347415324513273,-0.0976377293035477,-0.12033376922961758,-0.07730834914569487,-0.07088611922616027,-0.038909065494882655,-0.009036126273270082,0.051670288385588695,0.06596026558420895,0.0648026430452279,-0.015489171924285642,-0.019670400591564913,-0.08511559412171357,-0.09316834911867118,0.2676187176478492,0.35499921225694686,0.22022873061325582,0.2922489608558502,-0.20906281248303554,-0.2015508999381326,0.08954191444066795,0.0980798402029523,0.008173969570889762,0.014695395875438663,-0.13160552538505943,-0.04440300636746532,-0.04495276840100994,-0.019652412738836552,0.07623996277150968,-0.06720947422353235
E_NOHSDP,-0.06506305356649925,0.04007267002389312,0.030098512883556316,-0.06471315898325966,-0.06468534978462911,-0.054540453875772776,0.1430740491449633,-0.05458568252368412,0.6301984950528362,0.6230303512521645,0.6040502692022124,0.586376635756285,0.5721791418452249,0.5686263691788676,0.560755538316338,0.49977391247299763,0.49977391247299763,0.49977391247299763,0.6239154002650882,0.6128557622454025,1.0,0.8861618064550802,0.2955215655961168,0.2907456419725832,0.32508416835204806,0.33608602773593765,0.41702729036871966,0.40358996619434445,0.5667864957824786,0.511822282851292,0.4503854485876863,0.4486180366632714,0.7025672951009924,0.6948173599253619,-0.21502443635722657,-0.24367764843472875,0.25538690441285494,0.24982835058354208,0.22342873470305388,0.21548974270029514,0.6649243324577017,0.4416253841053936,0.41349446899575354,0.4176906705639257,0.18839081083600387,0.1416945732460619,0.06517847461862454,0.037785569040836506,0.1278321588371505,0.12750323502625519,0.7156311961631967,0.7117809908842994,0.1337992453996306,0.06996230088123434,0.11989129918956061,0.10694735861077762,0.12424904849495093,0.1014106060434913,0.1291200165475309,0.14544516799159454,0.15991139985918287,0.13449854010194456,0.041567811868344136,0.015468814835793775,0.2171337489170833,0.18298465815756,0.18740321816970548,0.1402156869644369,0.16113831326218422,0.11971061971377937,0.017167304252241593,0.019981475838003557,0.000907827092464134,0.0018385440860670566,0.18747717456619695,0.18430930370488757,-0.0058264886172109,-0.0036821574498651483,0.19796599906256526,0.1924151471086737,0.11256522194775138,-0.1062488923200384,0.05932654127807537,0.05280524992972997,0.2001654194314526,0.1778969601016721,0.10594830877988998,0.10729781223454696,0.03155134245655719,0.004259948032997823,0.14969775802169896,0.15054319727962573,-0.017266767295664166,-0.026729639139610087,0.02200180372267932,-0.026729639139610087,-0.026729639139610087,0.24028308851963046,0.22772611591156072,0.3080107055647182,0.2982214075776525,0.2456067513790823,-0.4094357963887327,-0.43589045692833883,-0.2859493923560632,0.21924334086919398,0.21610564674023192,0.1630764085087812,0.5471305082633785,0.5774452171992973,0.49989851765217613,0.5575484539238641,0.5634091341605972,0.48892159135375673,0.36284382840222057,0.36284382840222124,0.0062637673425637135,0.01971493378211715,0.01971493378211715,0.01971493378211715,-0.01739925911924547,-0.014547815343586453,-0.10242279802079664,-0.09070024651145181,-0.08808645050318488,-0.09011242660485413,-0.055851154559627234,-0.054754423953999765,-0.04886744513758822,0.20591599796410345,0.19001877113526608,0.1181943689101055,0.002417567181152268,0.01899377409905023,-0.012121171021741787,-0.04705209807553492,-0.07621812520799648,-0.13237321432120877,-0.0866336041282227,-0.09693642612200375,-0.005509496131234374,-0.003596659935072241,0.004268242092239726,-0.00556231671364642,0.007397414958896813,0.0014668764859731142,-0.025787000963653082,-0.03217586494007285,0.1314604435076295,0.17460525739248206,0.5245303548123769,0.6227622833241667,-0.05819658557428958,-0.04789327311041328,0.037289091919198575,0.04181890459833683,0.030659290343238572,0.028632410221676462,-0.17874621963705906,-0.16045066631807436,-0.010140263995018354,0.0009112418285771089,0.01932695819470641,-0.09786891319034982
EPL_NOHSDP,-0.04979701591135457,0.04264045817939056,0.06940177937709144,-0.04945303325178527,-0.04942208434881648,-0.06727819076540058,0.12275748180199664,-0.06739983386181797,0.6872122872593136,0.692278601347809,0.6405890255314327,0.6319405081339894,0.6232278952525617,0.6278697147908061,0.5124162830789762,0.46584494035899526,0.46584494035899526,0.46584494035899526,0.6484623770032857,0.6758276190411376,0.8861618064550802,1.0,0.30880566442275237,0.31865130960920296,0.29623429205547874,0.32777700454697,0.41320902056865527,0.4200573059420482,0.5263018470542946,0.5550358740204626,0.49140372017139033,0.523356443435513,0.7682795044484182,0.7674441769591348,-0.1776010575222635,-0.1826149422697886,0.22317716814443403,0.21121959174929028,0.3382245200471752,0.3520384817463034,0.5021215382906934,0.398926290128749,0.47428652869238686,0.4754438779232583,0.2620480664068299,0.22935787426459392,0.039080492002873626,0.07235274391450024,0.21877102034146892,0.21828298148581143,0.7961007125857954,0.7992307939135386,0.09636598300025219,-0.0026962547842880502,0.07192724081303505,0.04409472468624761,0.07806775944320003,0.0426705922673281,0.1117638867117472,0.12704835195557454,0.0757217735384192,0.056022194627856375,0.04323691137313716,0.022378984092464336,0.19503631912604646,0.17752567847669784,0.14384519563087406,0.10519319525299593,0.14114444327626693,0.12392264911432013,0.02660614365232087,0.03905679447912207,0.0033526707557220855,0.004958388469470716,0.17726836090100034,0.17490947977700325,-0.0812651974079646,0.07309291397026982,0.21395223035830074,0.2044796194155863,0.049072759673052226,-0.04107449459835171,0.14614935394031783,0.14155300911611812,0.18784455922843823,0.18219418585313837,0.0558395894155985,0.05956522597803624,0.024524422608686827,0.025807409164930285,0.1478869115608882,0.15214232595103255,-0.05081059955689224,-0.05563858281836873,0.021112728114098117,-0.05563858281836873,-0.05563858281836873,0.20532484866547634,0.19710159093217983,0.39237669421713156,0.39264868026891314,0.31894564494908595,-0.3629253912722785,-0.38444269939694325,-0.28059364634377754,0.3040515066650339,0.30930453737758745,0.24684286269988856,0.5802274707525205,0.6351533111839837,0.504055085657619,0.6050518860783728,0.6346644441622192,0.515472561630602,0.4258792929418336,0.4258792929418217,-0.0572115097412564,-0.0447164765720471,-0.0447164765720471,-0.0447164765720471,-0.016169419278093386,-0.006170410660952851,-0.10926989844536036,-0.10101719745675097,-0.09522017098660839,-0.09938615357613503,-0.06378686482258551,-0.062498219673855486,-0.04705579204661389,0.1519907402595877,0.1500880745103927,0.10268657624509687,0.009518305990797808,0.04506595624630935,0.03792713394621572,-0.06473073924656234,-0.08848990106939397,-0.09179416411781428,-0.06190540749622828,-0.05939973011710515,-0.007225872208013032,0.04675095257355921,0.06879833877271141,0.062457741551248225,0.032076999264941425,0.028053667257321148,-0.030205831686508627,-0.03678417236329398,0.20016807013965446,0.24709346302689306,0.4217412276713154,0.4933345455006515,-0.08202898561480786,-0.07943411481785027,0.05536656879332135,0.058712441899575064,0.03818047905750089,0.034432964645003936,-0.1462407151304196,-0.1186318948909805,-0.004898220770662437,0.006436629798584298,0.042719951324167706,-0.13101435549905024
E_UNEMP,-0.05715692648302901,-0.018754188674348977,-0.011172738512820487,-0.057189293569588705,-0.05719080418637802,-0.08941800059512499,0.05633659051811071,-0.017885334315959917,0.4336281953661447,0.41700685559569617,0.4030342151435862,0.39401968963614536,0.3654739749770014,0.3599106013690671,0.3446360862082212,0.32032810967624437,0.32032810967624437,0.32032810967624437,0.43622280626469534,0.3958473308222328,0.2955215655961168,0.30880566442275237,1.0,0.8625412326209387,0.2756950390714791,0.27064365636665616,0.3462565192815166,0.3288373096938644,0.15874428991559325,0.18162545089290194,0.2488435022634297,0.23036771350059912,0.520685369396164,0.5097471883786453,-0.10122284498725133,-0.12539468685635363,0.06958157581126798,0.06691787645507467,0.2273060986981123,0.20980148206334123,0.1271210138708969,0.09443922351175445,0.1458859134600887,0.1559073638421709,0.016031911201391545,-0.02640634062726814,0.09778151320173425,0.05172465172356744,0.015151384830844643,0.017201426899475205,0.4628701525628736,0.45572084167049365,0.06487628942548747,0.09305565823768866,0.047199668023054794,0.012748824358402322,0.12373207465329586,0.12241935415672,0.07671589872539751,0.08301046478267253,0.11262145219602795,0.11127737356168717,0.040169962784312806,0.018608166338569463,0.16814201274603782,0.12551012338043507,0.16219230900282622,0.13558417320971702,0.09568225254720188,0.03750644953099439,0.016175221220038817,0.010882528787424683,-0.00109934608332182,-0.0004329971421695248,0.12643658004941483,0.12379393312543524,0.09940889314613792,-0.10661572054083937,0.18082148340435517,0.1826662324774657,0.13556000410781058,-0.13528873995209403,-0.004168658259120019,-0.0026431581972364898,0.17101100496744573,0.13635856413277803,0.13282753300333727,0.13006634703017783,0.01196690800522128,-0.03192698807323527,0.11020730318180036,0.10793018069209201,0.07603491151410197,0.06772649962527932,0.007190333579728102,0.06772649962527932,0.06772649962527932,0.1712885469222817,0.1711659419144828,0.3506014017716985,0.303530386102808,0.27912916240929764,-0.23793786148272575,-0.2602826091321825,-0.17337966209675656,0.13819137430045772,0.13016404202686338,0.11198402749726936,0.37282166901348107,0.35238073324866315,0.317100101121388,0.34854294925138446,0.3129824304181968,0.29211687281968113,0.2697383141636985,0.26973831416369515,-0.020744550852660342,-0.016678404617922703,-0.016678404617922703,-0.016678404617922703,0.005883891490560084,-0.0003963234904899997,-0.04899471686033174,-0.030260118619713998,-0.028109073988560877,-0.030315220396795232,-0.00899828619550028,-0.0063351973009791495,-0.017329084953261287,0.03371289320950526,0.007391078545334531,-0.005636086451971359,0.013418655708420652,0.030512899152219008,0.027015580802962413,-0.03980319154585905,-0.06649213331527072,-0.13277333191802235,-0.009622689343616193,-0.02067936162558446,-0.007954315281088526,-0.07399638681498076,-0.07792210278706682,-0.0801104284622094,-0.05048065761034821,-0.057910133166208265,-0.07857473072868361,-0.08358924246082466,0.26029682788228625,0.35241585908012596,0.10157048956036657,0.12970315720777242,-0.038652258397532564,-0.035501464954447566,0.06237896882581441,0.0728082845503735,0.007921110419911444,0.016881609239167233,-0.03770193799237218,0.00642159416599406,0.003773011195018544,0.01960715291826048,0.027684609727101704,0.001104360948798597
EPL_UNEMP,-0.07225182732550384,-0.029959146752886707,-0.012484918679995264,-0.07233197448673691,-0.07233938484722953,-0.03402866577278977,0.07907198271460598,-0.005809805690920839,0.43209767149018075,0.42529301965420135,0.4246914067004725,0.4191147196965717,0.366693097274849,0.36436420017328575,0.3345971500884898,0.3187873430740965,0.3187873430740965,0.3187873430740965,0.39014927019781387,0.3803910611098476,0.2907456419725832,0.31865130960920296,0.8625412326209387,1.0,0.25585444819765046,0.26180293988934294,0.3319872547634078,0.3305502109202805,0.17074570149084206,0.20573826363097267,0.20333041773690178,0.20639549498470458,0.5442995434824749,0.5379937506772049,-0.10598250541552653,-0.12534385125800046,0.0619455995522228,0.0579429221891849,0.19332932669865088,0.1974621858806865,0.15826966329590136,0.1447370526111907,0.16569612896647212,0.1750119936235098,0.02136738842722078,-0.017666221119358633,0.05483579125000824,0.055118205751783896,0.025296143759742238,0.026257580546326705,0.48637224444744337,0.4811274271401081,0.08782616798134481,0.10725152449424985,0.07788516678334509,0.04173688727859862,0.12728045389670922,0.12657875601139096,0.08479382822943334,0.0922634458716602,0.13609072065187153,0.1321739889519412,0.04368536744723452,0.023325571785787716,0.16298514482602589,0.12186705849213082,0.17794022151750913,0.15221652107427527,0.09039782857076459,0.033591725204748825,0.019874210808853113,0.016018392320476374,-0.000716988376143971,0.00029515896223063416,0.13212114027687785,0.12981190424615674,0.11073872644621877,-0.11789171768199537,0.18392551876339028,0.18494460123819495,0.14832179807144458,-0.14765540969198945,-0.01475381381921987,-0.013835806633138931,0.1609841189653502,0.12722392703329236,0.1406724877595354,0.1375785015109549,0.011397434084177155,-0.03518309136702634,0.10556730257401775,0.1018501774133165,0.06983773255021639,0.06040080365445475,0.012951765409773969,0.06040080365445475,0.06040080365445475,0.18018326084903344,0.17944056208399226,0.2969879351630155,0.2764659961595055,0.2553708374402658,-0.23325888498970088,-0.2546221041164855,-0.1779762134626824,0.1022832819780855,0.09709333279438447,0.0820021923429608,0.3381691876740156,0.33780354263412543,0.2972318657112756,0.2942894972048668,0.28570018310727086,0.2622580781417364,0.23448254177045652,0.2344825417704545,0.0009698584247692318,0.005794061482171012,0.005794061482171012,0.005794061482171012,0.007968510437597548,0.00021304052824796033,-0.06329934373920654,-0.04157052783684165,-0.03839775154254738,-0.04125907493809866,-0.009737272576615615,-0.006871986755999958,-0.019371948546062574,0.06165021101178625,0.029513745070849196,0.0045536726527147416,0.01262087548997523,0.028397064253718542,0.005581713374001806,-0.027429645082079904,-0.05743568042876661,-0.13021786783183328,-0.030549589800986193,-0.04875849482855219,-0.009735437781600936,-0.0879356745456928,-0.08946117646844998,-0.09213714956225849,-0.052949351868109784,-0.05866342284530822,-0.07630477336365657,-0.07890715421647607,0.23821168283981584,0.2832328739940169,0.149700935243516,0.16785491798043645,-0.0036555843014659693,-0.0031316464798308167,0.0542721681840747,0.057533343632091435,0.021737013960427955,0.021600815511758808,-0.0035895240885731677,0.020819524092206127,0.02028747536496895,0.0294054489789506,0.03291682965562603,-0.021349924578938858
E_RENTER,-0.0396669611248439,0.010310863251236034,-0.15511947239930313,-0.03954611520794606,-0.03953855214082141,-0.08341656897621767,0.10225345704453123,0.1933853716897297,0.46886425505002494,0.4600674655334992,0.5767510849481673,0.5718328581447518,0.36802499567877067,0.36324631086151093,0.48911571496875067,0.4964087293704092,0.4964087293704092,0.4964087293704092,0.5432469187600376,0.5192308763796685,0.32508416835204806,0.29623429205547874,0.2756950390714791,0.25585444819765046,1.0,0.9635869261136145,0.7109382471137823,0.6873059615210697,0.27415621168500004,0.28482430665983227,0.22398448256555456,0.22394080721469806,0.6490595811980232,0.639709561832225,-0.3628532499734804,-0.40647933709508843,-0.07649232960374373,-0.06422840853513295,0.049290156757434055,0.03536811503244055,0.35299402954908154,0.3061388149793339,-0.051335514948524515,0.004971029338134695,-0.2244193220025549,-0.2697843807097261,0.18892496864886496,0.18149300770136242,-0.07332215904599589,-0.06867451217070572,0.5064307154802354,0.5010436084783267,0.04739457301585569,0.1361192864111847,0.08707141872656314,0.11118941128230321,0.43713832406174224,0.43320299289579806,0.19952424764739288,0.22198366478662704,0.32630379129864157,0.32252382725807,0.10427404138152836,0.037690347674636505,0.4574990332623847,0.3693078648069854,0.4342706091619611,0.35142505178494743,0.22288819897025913,0.09214764914531437,-0.012110269272706089,-0.05245433980225528,-0.004211640632476436,-0.005241999710224176,0.3292029481184511,0.33216914032715783,0.33599372071633793,-0.35567288817524484,0.22775430204446598,0.23017617005464697,0.5384764145148415,-0.533934869443889,-0.3547261332278534,-0.3531337314473032,0.38971719825999074,0.3014678920995466,0.457059336037397,0.45143915408342694,0.0922378896300297,-0.0486339132854755,0.3213993244036786,0.3068063596545188,0.1908195053804597,0.17347693737888617,0.015010031225661503,0.17347693737888617,0.17347693737888617,0.3908458647465634,0.3958439221018583,0.256002254386985,0.22819601590054953,0.23299566876644104,-0.5811918880972752,-0.6030506370973078,-0.4150744932956524,-0.22242214455873116,-0.21083086346734192,-0.11849225357287146,0.47874006176244294,0.44877962229579044,0.3946052089459451,0.06678638192956299,0.060331175697173486,0.1321555688292071,0.07358638234005928,0.07358638234005935,0.035423841931140905,0.036372324993589444,0.036372324993589444,0.036372324993589444,-0.038910170097563125,-0.07101759872530042,-0.06582133995400746,-0.04686915654803803,-0.06376452783122603,-0.05514536587646847,-0.022750110216083464,-0.010937256989000629,-0.020777413007705577,0.07543810853677907,0.0508782959034206,0.07102891943357204,0.01299102617393356,0.0025148812344621047,-0.04917445452082657,-0.0740684649495857,-0.10704100661555135,-0.2765646856062687,-0.016000331079667036,-0.04363360894623486,-0.0009207143421414197,-0.16386900871062723,-0.2039899641462612,-0.21881683957825238,-0.1177853649694264,-0.12200376415547054,-0.14861684271412184,-0.15212885986385136,0.25657361343457397,0.31773439850913565,0.22107153129441073,0.28809840260812913,0.08545314484962019,0.1350812297590672,-0.007653540649783216,-0.011835467755142626,0.0493638775479124,0.058077891644888475,0.012810410165993168,0.07205261629001057,0.03225633638612581,0.05008971398563856,-0.02332261063170354,-0.07038487900256193
EPL_RENTER,-0.0418232719711193,0.015917321636923925,-0.14602484124678247,-0.04166377984523806,-0.041650295776289946,-0.0697650503948254,0.11322488040518233,0.18393691336994675,0.502958483286602,0.49709525602219573,0.611613977687943,0.6097710665895727,0.39851113285840695,0.3948379498927941,0.49014596044288666,0.5036315931164084,0.5036315931164084,0.5036315931164084,0.5455278218441192,0.5413988935541321,0.33608602773593765,0.32777700454697,0.27064365636665616,0.26180293988934294,0.9635869261136145,1.0,0.6940273324252655,0.7034865600235634,0.28890632652809656,0.3151819873160217,0.23392499581814385,0.2480987126697142,0.6824922193950506,0.6752616367529609,-0.3458831429353418,-0.3807978303125771,-0.05095981030131112,-0.04615155462015142,0.07947197498229025,0.07541180474011243,0.33747045169429707,0.3143227827609817,0.0016698930371321934,0.052522103998749514,-0.20691297209003728,-0.2392122365101383,0.15451822397246504,0.19889402262791808,-0.03866878297823137,-0.037103118353351915,0.5537950664783549,0.5491929185542136,0.048013219483460205,0.11486360001015776,0.09684386408054328,0.11675563697932156,0.40456226249446303,0.4150890595164944,0.19248523214521812,0.2128763340202152,0.31104542296230747,0.3084373977171128,0.10284137331352401,0.038756364712504196,0.4636281264990423,0.3836240601611622,0.41798671225646405,0.34378540929032414,0.23176422425003826,0.11078718244950621,-0.007900246847645138,-0.05036342763942899,-0.003956428095282891,-0.005146325078786328,0.3404794418854421,0.34367680266149525,0.33981552404853427,-0.3584650972588612,0.265161075196854,0.26737879289986677,0.539285020346016,-0.5395551493939268,-0.33228335749213106,-0.3315398271540936,0.40112497924971774,0.31611936965323595,0.4671038850120182,0.4599347172892496,0.09303695469766803,-0.04068564656496825,0.3385688961793623,0.32285216761748076,0.17403810513151635,0.15753634057759608,0.017026374359648492,0.15753634057759608,0.15753634057759608,0.39700241472442055,0.40195820817966865,0.26627717177187155,0.24683131236467573,0.24668958105043168,-0.5577628300443107,-0.5839735827322409,-0.42957386080169896,-0.18177095521130723,-0.17077123476687844,-0.09379578617552671,0.47110379970429767,0.4600493844170387,0.3974959822201265,0.10601268988268255,0.09972052570348548,0.15557865398169834,0.08999762404669204,0.08999762404669101,0.030318969902433844,0.03214799753082942,0.03214799753082942,0.03214799753082942,-0.036631743104060116,-0.06931301384949984,-0.055502067458877855,-0.040249268244633506,-0.057150167604649624,-0.048938076440212065,-0.025945282526239812,-0.015896609165756893,-0.02299559754632459,0.08202123257909374,0.06181447352165836,0.07003052136095839,0.0030394466243696618,-0.0114000287300932,-0.05558073934438926,-0.06974362977695414,-0.10246571577661046,-0.2608383291982079,-0.02745346133850336,-0.054394389639000514,-0.003131557897211395,-0.16185938237536956,-0.2031437312268779,-0.21597410812367895,-0.12248617309940855,-0.1255587618138727,-0.15262255515763387,-0.15491497650179104,0.26366933981505325,0.3194613424387332,0.2313318011738843,0.2925605502763238,0.07750534175812732,0.11856834995009308,0.0012637260475034712,-0.004811687338907615,0.052912292286001694,0.0589671928682146,0.025300939775965953,0.07975946322593,0.03258922053936851,0.048236222536956676,-0.014769054573497462,-0.07236209599430182
E_HOUBDN,-0.06874286778901546,0.009814389682486139,-0.15247240990339214,-0.06858151618299331,-0.06858714743092513,-0.07547500294589889,0.13041538227121088,0.07741796874833475,0.5664151649904562,0.5573271538085343,0.602791884747568,0.5938824669826231,0.47299533448256514,0.4681300675577076,0.5085511149097363,0.4908378340540586,0.4908378340540586,0.4908378340540586,0.6691606795943819,0.6479083479250433,0.41702729036871966,0.41320902056865527,0.3462565192815166,0.3319872547634078,0.7109382471137823,0.6940273324252655,1.0,0.9578058154557889,0.32621108883600713,0.35144272674675314,0.3000678715389362,0.32056896239738336,0.7469968487362263,0.7370679018149104,-0.20106927266357993,-0.25752880161064795,0.002202724613390288,0.00405625629359034,0.18133020439154143,0.1827811071753467,0.38111011872644324,0.3073439365396504,0.15746306113186395,0.19461406376850257,-0.13611211500290177,-0.16287427177597644,0.12314590884865227,0.1383215287246654,-0.024317188131333687,-0.02077423613150214,0.6414135473516386,0.6345792411780059,0.09151000839207468,0.13261987471994321,0.061493171181934224,0.06349795279084229,0.3123579395816284,0.34596418063604567,0.15015525114993233,0.16328939346630522,0.2541026049737219,0.2479838204836702,0.07140650654696686,0.024645029781328563,0.34981652480287295,0.2725934009319383,0.31679886541517016,0.2549747701104131,0.1926944072325186,0.07695283496958605,-0.01369034938756976,-0.05427061260451011,-0.0024548668442411444,-0.0033367990937625837,0.2425083407564033,0.2415784204816804,0.3014459101472228,-0.31444985362597533,0.22316183044679902,0.2240973170750091,0.4179800805352672,-0.42031225780951054,-0.25994090936077396,-0.26220745162279485,0.30951477446503245,0.23074528367610705,0.37396758755605536,0.3669368905938683,0.0644288617363289,-0.051424237766972844,0.24498474312978638,0.2327250816134418,0.15556526319933134,0.13611334614145165,0.06396768557612817,0.13611334614145165,0.13611334614145165,0.29936130281637197,0.30288297810807197,0.3740130102184978,0.3489035516496105,0.3134999902817525,-0.4451785290182094,-0.48381994883954055,-0.321514933135432,0.012604200746379952,0.013991678481636773,0.009862241924750844,0.5436090827670537,0.5209193329411728,0.4425248543363753,0.29095240327275734,0.2898123133548615,0.2783748910869391,0.23549379124962114,0.2354937912496195,0.05674084476286986,0.059870773454236505,0.059870773454236505,0.059870773454236505,-0.02891795323854613,-0.05593662997023854,-0.11153923594168966,-0.10309811409553514,-0.11145483025381624,-0.10957051436441992,0.00944647883849029,0.02188330208018807,0.025090129755821883,0.05948240340594069,0.047161309446002615,0.06109915546997114,0.08685004971762536,0.07429308531684013,-0.007419073624300142,-0.05244480459025415,-0.08725944610588243,-0.21524578971512623,-0.06279907788856189,-0.07823816297441757,-0.005645288448772755,-0.16573613355953432,-0.1979126827267993,-0.2037616069792638,-0.08070100411641155,-0.08460957595557038,-0.11923970765760772,-0.12060699876892261,0.3135335045298705,0.37293393295072413,0.2767279103819921,0.3387938628278837,-0.03771613266386633,-0.005343154027392907,-0.0369372283138564,-0.04156216084999973,0.033419643327210376,0.035026164185879616,-0.04376314342769733,0.0006935494232657212,0.030964197236655305,0.04756504631933769,-0.0437692323174179,-0.1236730889779581
EPL_HOUBDN,-0.06814472243598038,0.011793802702906059,-0.15204705327155518,-0.06797182375783853,-0.06797472479191638,-0.07009195017246007,0.13427573375351504,0.08047892292420646,0.5728325112623719,0.5685343578318252,0.6179744165844147,0.6131611950717786,0.47764318219663066,0.47460654140347197,0.500961339455992,0.4920836134820837,0.4920836134820837,0.4920836134820837,0.6391362968399702,0.6474163392835981,0.40358996619434445,0.4200573059420482,0.3288373096938644,0.3305502109202805,0.6873059615210697,0.7034865600235634,0.9578058154557889,1.0,0.32745548626468957,0.3669699456402639,0.28316471114570096,0.3189142544420516,0.7608504971752788,0.7559472150694839,-0.1744831499051623,-0.23318296305765743,-0.014708537623894553,-0.016315563183221325,0.19909741831991165,0.2083659217161939,0.36110090317981336,0.3145819216451314,0.17884266942518476,0.2132111903158803,-0.12542614965237453,-0.1476566986952046,0.0903594064289846,0.14343197474485272,-0.009532094637895823,-0.00758009481659337,0.6607354116366243,0.6563513617516976,0.09333164942676477,0.12560241661848567,0.0662445502403663,0.0670674297216107,0.30042366971735945,0.3388358330142453,0.14743895000518076,0.15877478165451203,0.24896876779030228,0.24346790000743826,0.07238343711687059,0.027276651298034083,0.35718286231024166,0.2814948453380588,0.30788748908068797,0.2504295598714155,0.19815876622173698,0.08127945146400609,-0.012461438073896238,-0.05762819515200782,-0.002033381763458729,-0.0031019958742149016,0.2463262352045533,0.24425311190806875,0.3143334113474267,-0.3257702664579617,0.2363655576684132,0.23783813136717039,0.4213309589072169,-0.42597195998012977,-0.2580605953578297,-0.25861101654601953,0.3144722628536494,0.23450207833773004,0.38287747348674916,0.3743393211356505,0.07181211970512419,-0.04603681295110146,0.2535994436265551,0.2398094201422598,0.15068587940831749,0.13060839089319737,0.06377986448854643,0.13060839089319737,0.13060839089319737,0.30103454653179595,0.30477888452566854,0.3540023048875033,0.33995018826768336,0.30610754560988573,-0.4185587975165083,-0.4661897427388145,-0.3281816103232542,0.029083245357534926,0.02760125346828928,0.018628021849527575,0.5067970053649511,0.5091110202923772,0.4206408892902829,0.29270149407236434,0.29545566716664173,0.27397240183491,0.22523773021261675,0.22523773021261395,0.059007599952445436,0.06170775384981204,0.06170775384981204,0.06170775384981204,-0.027784389147734168,-0.056056232359826874,-0.11060463660865331,-0.1033667759739756,-0.11173775310552794,-0.11022874816421177,0.01739899408463049,0.02950012173331148,0.03316382158836486,0.06117146004118469,0.050673519721006914,0.05828488669488496,0.08836392648295416,0.07268850951525967,-0.01014509077481668,-0.0487590274352287,-0.08461250896777835,-0.20921511558511277,-0.07084932086279086,-0.08701946927382052,-0.007554119485537543,-0.17873813115541654,-0.2111357260584271,-0.2136183115342646,-0.08494484849486995,-0.08904294563256486,-0.1233728197083559,-0.12359851099306052,0.3126903876169382,0.36341441268894714,0.2827003736447456,0.3388977380671113,-0.042450665177838603,-0.01164935673003866,-0.037531497196941044,-0.042880294565895725,0.03664259483056715,0.038448175331614924,-0.033720437886234716,0.01104564917857886,0.03318397591711446,0.04919554335880158,-0.04195711155322443,-0.12962095018946038
E_UNINSUR,0.07969431763912206,0.16748956212717864,-0.004760415191106163,0.08062678212505292,0.0806607740673444,-0.03669732295310295,0.16746903065427707,-0.026345064239490436,0.4225386789391543,0.42612592520732134,0.4070010565444266,0.4009311510066515,0.4245642132756919,0.4216153184872336,0.4202351764527001,0.3942963459276964,0.3942963459276964,0.3942963459276964,0.4890981078662063,0.5035236426727511,0.5667864957824786,0.5263018470542946,0.15874428991559325,0.17074570149084206,0.27415621168500004,0.28890632652809656,0.32621108883600713,0.32745548626468957,1.0,0.8815229687069455,0.3218440785025815,0.3211692528905512,0.6084609229237725,0.6041546185226354,-0.23582894638620386,-0.26297665098928463,0.18691938883821785,0.18333989236349357,0.08942406728645527,0.10514303422798989,0.45297681008784446,0.3329193448745472,0.2273776803476283,0.23537220918549367,0.18419925730805606,0.16230055587898815,-0.014527723269926475,-0.05320764805037421,0.08215072226772828,0.08333534004887391,0.5736781189338153,0.5734311396893235,-0.009606758982801564,-0.031106448386565528,-0.06114058248129325,0.07955725302002387,0.03927680179603889,0.05892101229106524,0.14007301380269432,0.16121570576822147,0.09725193483774437,0.08141672665915621,0.007189618144128718,-0.018272868854307747,0.08811293823710406,0.07152662221868109,-0.05068404236802315,-0.07632478638364251,0.10460404727568771,0.09113881502343826,-0.018363028750366082,-0.02543585047717789,0.0017799126838000537,0.0008335095222577598,0.0286042572513458,0.023140066610037244,-0.04976777344237333,0.04648290239991469,0.006425132958282391,0.0011442892711096555,0.0322794610061492,-0.030345580581611502,-0.005205076609843136,-0.007373089784339224,0.06042886859796549,0.046783709505999374,0.04720213265963194,0.04720710232976318,0.030528656140353726,0.02497660550255772,0.06232938267146632,0.05895224139608266,-0.09673310233257437,-0.10615984601601364,0.0334618659545319,-0.10615984601601364,-0.10615984601601364,0.06625038426920148,0.059533366415192544,0.14739684901224245,0.14681598047848693,0.10376868459589343,-0.32576273633824254,-0.3459582079109869,-0.24396124148513518,0.14029447403224374,0.1488699903428961,0.12593732145930395,0.43094329194258163,0.4683661097557201,0.385065452801983,0.40795142801916895,0.4231257682878911,0.36787983308885974,0.2411831250401524,0.241183125040154,-0.05325011237849666,-0.0435793868569656,-0.0435793868569656,-0.0435793868569656,-0.014875789960857144,0.001880037960187081,-0.17338611603546508,-0.1981459978798249,-0.18278266074400407,-0.19523774999174565,-0.033617514285837695,-0.02337465557650927,0.015232239887314005,0.18491249106000165,0.26680066163596733,0.18829791098937004,0.08798839936302451,0.10858363674808497,0.08997306852414008,0.024964871156009406,0.007542137687886458,-0.003004991448996399,-0.08634607686372563,-0.0571491218752797,-0.006450693335361058,0.042153231230838646,0.04967974612985912,0.05371241918323207,0.16036308263542118,0.1685874713688842,0.07321145757603116,0.06916751104496034,0.15014883180656916,0.1577228456505836,0.3877148478292128,0.4687597052399737,-0.1320260594977617,-0.13755874849888125,0.10109629237426661,0.10815866055791137,0.014889708797354512,0.015505864785648051,-0.11858224956749137,-0.10377014673800031,-0.020551383855879995,-0.01629002380579585,0.09658086226220192,0.08462040499514005
EPL_UNINSUR,0.039905270113455266,0.14700104925371044,0.0033390581165862986,0.04076886602123887,0.04081805195358133,-0.03349464990499319,0.1625371392562761,-0.02990091246892542,0.4597670171283477,0.46693050897261057,0.4386715626729233,0.43384217566314365,0.4466549566569344,0.45012972756608105,0.40003964382551505,0.3864720295443084,0.3864720295443084,0.3864720295443084,0.5117114761470795,0.5539467213285516,0.511822282851292,0.5550358740204626,0.18162545089290194,0.20573826363097267,0.28482430665983227,0.3151819873160217,0.35144272674675314,0.3669699456402639,0.8815229687069455,1.0,0.3268701073881809,0.3519765448867487,0.6737177165451697,0.6724476087333152,-0.22591205336063921,-0.23949205831089304,0.15366489995125351,0.1497748241882965,0.16369741810022925,0.19345710326565219,0.3525444666660668,0.29592854301685667,0.24830466409918314,0.2578929949844819,0.22196408800871786,0.2168895408588059,-0.02926300324188498,-0.03384545468965912,0.137111809223001,0.13779759797126903,0.6382258858772497,0.6389616018735669,0.0011251244162686878,-0.0751254332413616,-0.05316345842715195,0.06035407438242657,0.026391206329379805,0.03859154482712024,0.14059440374193916,0.16894912827035483,0.06626467951696821,0.051020884262143996,0.00398064794785743,-0.02178059024096997,0.07955964837844764,0.06875710035313633,-0.0636877205063488,-0.09685177953276458,0.09866109355657662,0.09556903643938838,-0.014536450543759717,-0.020243603196115414,0.004451723238357392,0.0037916043528699746,0.02075774282669673,0.014168755685394807,-0.09384932725540984,0.09154366168426786,0.0008077093092685083,-0.005370169015465073,0.008550918112662505,-0.0049869252770832345,0.025417980856370127,0.02449013313782645,0.05946748752754781,0.05329430107781191,0.015229963501912207,0.016522469063463278,0.03098544649356843,0.04295584374595018,0.06608893634799314,0.06537337003557492,-0.12217371157355551,-0.12915716646640776,0.038004345474924074,-0.12915716646640776,-0.12915716646640776,0.05029045780896649,0.04321124035122382,0.20153510019792076,0.2070513830702122,0.15280516577432643,-0.315712702546598,-0.33395433010857617,-0.2547387550748997,0.16853330430644717,0.181452215393855,0.1641312164140177,0.4598575561665912,0.5099699964392099,0.38511660695297567,0.41955425608411484,0.45416811799011586,0.3784748901355512,0.2696075933097517,0.2696075933097508,-0.09224229621626272,-0.08289664539116456,-0.08289664539116456,-0.08289664539116456,-0.015083576124719363,0.009444050769366542,-0.16855686985756763,-0.20531729328345108,-0.18724408036065673,-0.2018827906469483,-0.03830115991243739,-0.028746893145147747,0.016845194061967654,0.20141741277877265,0.2875533672019288,0.20333269292909023,0.07930792431456062,0.08715030525714708,0.07127402393829128,-0.006440047318021103,-0.029605929450312596,0.003563899726354619,-0.09475596402054444,-0.06303706874188722,-0.005913173828092088,0.07805245960124305,0.09255223801898009,0.09793193309592461,0.15451926582746736,0.16284604634966554,0.04671449600102208,0.0416238489921682,0.19583965618948074,0.2037695426598241,0.34734974881593295,0.4038227806855077,-0.14719261371108014,-0.15742864155540365,0.0950176518615421,0.09895980489611628,0.024251963364611592,0.024068766737058645,-0.09062898019476183,-0.07287458069690768,-0.017336015201169307,-0.013387409356837564,0.10858395710773094,0.02807849657662873
E_NOINT,0.050422513393072445,0.0537452180161433,0.15308969700751202,0.05068788965137317,0.05071054831007587,-0.24259348608482145,-0.13216162422008004,-0.05929902337041735,0.5665772124493768,0.5614755817880481,0.40220192421763007,0.39371742713443714,0.5297741321511601,0.5282972208121415,0.16574338184919413,0.1153878613867048,0.1153878613867048,0.1153878613867048,0.5993256930781893,0.5883873577122961,0.4503854485876863,0.49140372017139033,0.2488435022634297,0.20333041773690178,0.22398448256555456,0.23392499581814385,0.3000678715389362,0.28316471114570096,0.3218440785025815,0.3268701073881809,1.0,0.9182110115956249,0.6119803758125593,0.6042799237158075,0.09293999002669945,0.11463728090686853,0.020677123360451667,0.007242917343174008,0.4666756826736384,0.46395010038471124,0.1170628003341036,-0.032141331055358116,0.3137268841069651,0.32551612573073846,0.2964301213369123,0.2832906281064177,0.115258221977405,0.12210064361891708,0.29394918367563955,0.2965740022619917,0.6117438898275575,0.6063012192959266,-0.07487796177306145,-0.18977530468197912,-0.0983472874740969,-0.10971723274712696,-0.0859211799451013,-0.15731967674072322,-0.015911101547409476,-0.003315947849733036,-0.18141501277817623,-0.1922504557688078,0.006044046769241479,0.005399369589810836,0.0664855455387941,0.07975715938675818,-0.041247193680638485,-0.04814896215483395,0.06545619388194546,0.09410501046680753,0.043470120118905,0.07250712745831014,0.005455079118866947,0.007918571342146208,0.06309312907294976,0.06292103539531226,-0.2162562564279476,0.2126402785298314,0.20262753592352273,0.18480094816116857,-0.11237949572668994,0.12520202215288978,0.3076230467285284,0.3044386460596184,0.10473863170708593,0.1352459835580343,-0.10506820605294394,-0.09820675677453415,-0.012276063253450244,0.059364433533314304,0.0810200634759608,0.09257550691408331,-0.09523732645534712,-0.08809527881654791,-0.02456411482149303,-0.08809527881654791,-0.08809527881654791,0.02310155557377098,0.01928122748815301,0.45125023206109177,0.43290772411608036,0.34948045611454054,-0.06475482213747799,-0.06149598670477817,-0.010832131153444608,0.4815086096898906,0.4990016134110851,0.4455808877270408,0.48500552700407273,0.48529785264602315,0.40690217941270235,0.579130555306482,0.5590130306299708,0.4935325035969041,0.549438779480534,0.5494387794805246,-0.1453004842849671,-0.13288565433263505,-0.13288565433263505,-0.13288565433263505,-0.011734475848755891,0.017715777145204715,-0.017137024310998165,-0.022436489736063044,-0.015668818622438706,-0.02021142506351098,-0.04231048879071292,-0.045860794087531354,-0.013448499092435924,-0.021060958781033364,-0.003514807117780221,-7.280260205988575e-05,0.015831152875833903,0.06380343558845344,0.12141100013876746,-0.08812986982033788,-0.08167354134585866,0.028413230079051815,0.0071597706035273715,0.0483538023325287,-0.0030907960268361802,0.16776628267197533,0.2059737802393743,0.20180545896457697,0.07182490806291152,0.06774126322810337,0.01417710831158118,0.0050126090774816395,0.13931054837870477,0.2624305147529598,-0.004646645718614511,0.06325893435042172,-0.24061090960895637,-0.2401480788683014,0.15448672420776727,0.17975481596378903,-0.043855269441523036,-0.03440526380513225,-0.20757537943954493,-0.11875951561445347,-0.07661106195848535,-0.04562269138400273,0.0999837900215734,-0.016304621400402626
EPL_NOINT,0.06135424345996559,0.046535468233520685,0.15764455684140427,0.06155804879552989,0.06157972829788977,-0.240168112724159,-0.14790948586478336,-0.0659978442135587,0.6108790400611284,0.6124580244911544,0.4453768661977116,0.43735208409822907,0.5711362458004807,0.5731974974777108,0.12291298635402198,0.06929104859954403,0.06929104859954403,0.06929104859954403,0.6030064773616499,0.6230409824144033,0.4486180366632714,0.523356443435513,0.23036771350059912,0.20639549498470458,0.22394080721469806,0.2480987126697142,0.32056896239738336,0.3189142544420516,0.3211692528905512,0.3519765448867487,0.9182110115956249,1.0,0.657427758642271,0.6516521726402176,0.11918527386524727,0.15021820181984627,0.004100872608695357,-0.009967425738700504,0.50147016655216,0.5270865353220455,0.11604603779159951,-0.03480236422156824,0.35854151100475307,0.37025673796769587,0.31047972876533386,0.3257226933297696,0.08200258253271563,0.14805041270670097,0.3432935196354699,0.34598517255800615,0.6617392604216051,0.6586177838610457,-0.0784382190591262,-0.20734214521300118,-0.10410517067839216,-0.12623011010412083,-0.0990741723467566,-0.17819981208274782,-0.039095533402152535,-0.029896919912693738,-0.21199136470426475,-0.22442377842694894,0.004507783149413898,0.007470981728244928,0.07608591527749452,0.09893731891808902,-0.04454711620441594,-0.0455315256745817,0.07098916703090076,0.11671626006928237,0.04955326054577523,0.08156799424721327,0.006824113109111644,0.009218310418264153,0.08333320556391932,0.08489898885545641,-0.2389826563629165,0.2363185656289708,0.2557258364424787,0.23439454310197524,-0.11808361148741847,0.13265183043082765,0.35861178159820534,0.3543704555455775,0.11487539744391029,0.15446488384051407,-0.11632222960272796,-0.10731793170540015,-0.009813139504825397,0.0757552664507075,0.09961276737596486,0.1131029010447042,-0.08799939406094072,-0.07844205708264901,-0.02885267132424247,-0.07844205708264901,-0.07844205708264901,0.0376467870979884,0.03405186625297202,0.46079420103552815,0.46189524073370847,0.357798832248929,-0.024373808743477218,-0.018772389618310847,0.029914604708971802,0.5119848684150033,0.5453744014460772,0.469475974486983,0.48311421730409626,0.5050415842884383,0.4039701614575173,0.5725763377058972,0.5923669011426138,0.4993168267893587,0.5741398805312469,0.574139880531243,-0.13441321999957379,-0.12489864086024886,-0.12489864086024886,-0.12489864086024886,-0.012764637292013324,0.017985475257651255,0.014917757792209876,0.006557726147728285,0.01123391957920648,0.007466811714287481,-0.040442534168379715,-0.045443143265242916,-0.011684387509906618,-0.05296451710505449,-0.0378650337844752,-0.026106533150306845,0.0015539167247371555,0.04638320815286109,0.1228749693069528,-0.095117296670813,-0.08624633617803215,0.040954832412451396,0.017240408243242498,0.06408584030579645,-0.006199718870185213,0.1857764533445816,0.22623253633552542,0.2230659293331084,0.06015698708199576,0.05432813538518644,0.017666584765917634,0.005394507837665344,0.12694067286273542,0.227591293615785,0.006019768595379866,0.0700222452976446,-0.2796993477452607,-0.2803744518434257,0.09190807519549606,0.10589957461347017,-0.04364679307511943,-0.03359178144416075,-0.21322864269228323,-0.11837067432445061,-0.07819727075544382,-0.04607316805170678,0.08162649235468196,-0.04446377932991099
SPL_SVM_DOM2,-0.02709601913644066,0.058375786571718866,-0.007094875430954645,-0.026688867451612128,-0.026658991104647187,-0.14054806865611363,0.10054166935400738,0.0151631630955984,0.8124338288544156,0.8121511977940756,0.7691488228610126,0.7610620313129187,0.7165161691280014,0.7172674313549839,0.5574952752080121,0.5245745673747696,0.5245745673747696,0.5245745673747696,0.8671168362408057,0.8890515643142827,0.7025672951009924,0.7682795044484182,0.520685369396164,0.5442995434824749,0.6490595811980232,0.6824922193950506,0.7469968487362263,0.7608504971752788,0.6084609229237725,0.6737177165451697,0.6119803758125593,0.657427758642271,1.0,0.9951765083112698,-0.21940504446186093,-0.24255447867317992,0.10614261693408385,0.09953527118576806,0.388500978654476,0.4045469625075146,0.4290878039918482,0.3215327795826939,0.3559585260362568,0.3859891234554826,0.1458674167639309,0.1180722028335576,0.10575490458081267,0.1447126899845693,0.1876220680850402,0.1899598655858151,0.9331026695083503,0.9311706342140011,0.05085365643221726,-0.010909777001058529,0.026463871340161604,0.03627847531874012,0.17523178715028653,0.15884508935558986,0.1425405715982951,0.16489586669005227,0.1206687015818563,0.10586951373848075,0.0614184536724322,0.02153136184014556,0.31315249715180615,0.26804532000566045,0.20682251909302868,0.15372223844306887,0.20051485326935062,0.141105051812405,0.02014842705192376,0.011026634135034461,0.002641501612292465,0.00322180368216914,0.235289901550177,0.23291617523451752,0.059012145878075205,-0.0702287125913846,0.28229536374289116,0.27343217264843145,0.226205776132833,-0.22038321498915278,0.013991928853417959,0.011924327345427624,0.2953920557162725,0.2585835077322731,0.20501543123847799,0.20437745833213147,0.05301783550373027,0.013470264244560177,0.24108963710864637,0.23839676495006612,0.018460709367799946,0.008016660631241302,0.02629388406887827,0.008016660631241302,0.008016660631241302,0.267727786736748,0.26518391437676814,0.5172425913749726,0.5070274617556816,0.4278862296686056,-0.4582680429577714,-0.4863457380134297,-0.34030175963153964,0.26338866978790837,0.2792748932626788,0.25052772851201704,0.7295904012622586,0.7566853524188937,0.6187785237850247,0.5868917084980406,0.6063954213341798,0.5365675405179986,0.48700872687719293,0.48700872687719243,-0.05962126097919193,-0.048892016748408616,-0.048892016748408616,-0.048892016748408616,-0.023818974287556288,-0.0214007648784212,-0.10929732921890443,-0.10970861182571276,-0.10764889819733102,-0.11167904981483849,-0.045260896142118937,-0.039272687362679325,-0.015867475543402936,0.11468869191485231,0.12593260248878824,0.08882380906580278,0.03791705402794034,0.05855619647913706,0.049625425588748016,-0.08239456792561797,-0.11446717031047644,-0.1456492962786572,-0.06838539013833567,-0.05782507471895347,-0.009393532196866897,-0.013072468317009306,-0.009699556761887324,-0.014309368732029686,-0.005650020249740174,-0.009357875387583372,-0.08103094105906981,-0.08849771529517747,0.32271380635169683,0.4018520193625675,0.3339537370923858,0.41428055017209314,-0.138006695808044,-0.12383435236747792,0.07037524524967026,0.07490476555642933,0.027852497041483282,0.03192823518054183,-0.11944921271808825,-0.04937702837224827,-0.011959424601708088,0.010798227644987167,0.057610211523513886,-0.09050531411453216
RPL_SVM_DOM2,-0.02673792989794542,0.05935086849783292,-0.002896249522211048,-0.026325098802710573,-0.02629485786902334,-0.14002196934994318,0.10068747478527895,0.01485353889672089,0.8119851384351693,0.8158000019147094,0.7681150203030559,0.7629355376141582,0.7162663457945665,0.7196345572480541,0.5534689090014647,0.5227602620396343,0.5227602620396343,0.5227602620396343,0.8624616612754498,0.8913949886116593,0.6948173599253619,0.7674441769591348,0.5097471883786453,0.5379937506772049,0.639709561832225,0.6752616367529609,0.7370679018149104,0.7559472150694839,0.6041546185226354,0.6724476087333152,0.6042799237158075,0.6516521726402176,0.9951765083112698,1.0,-0.2220195644248243,-0.24477070935263642,0.10823196077363466,0.10346640128634642,0.38727366226708965,0.40243785152062433,0.42148164912238434,0.32000623506415266,0.35474809575064636,0.38508440041477626,0.15416463808493366,0.11977365453671598,0.10613624521269452,0.14201789316581356,0.18700892479943956,0.18895888962779328,0.9289084751407486,0.9351957162936806,0.05092845932466938,-0.01354063607502509,0.02513899874327134,0.034786780773565715,0.17088888125897828,0.15498001497410094,0.142486272390967,0.16443338805584903,0.11746399033093119,0.10305270485713551,0.06034103958264614,0.020608880334611796,0.3081343503788495,0.2636983716420732,0.20258541457965723,0.14974828216468575,0.19766818430513547,0.13817547581183542,0.021621478327174107,0.012677636826394837,0.003082074862913092,0.003764887494715757,0.2306226176235174,0.22799506349463622,0.05661186841491485,-0.06759753864179462,0.2792746257724617,0.2704975568690398,0.221215706648591,-0.21574979705489786,0.016208775160046474,0.014425335653085496,0.29103938413938807,0.2545473900803286,0.20091344378372494,0.20012184255685528,0.05291587470465275,0.013060544008928155,0.2367839743320773,0.23406716316966572,0.015155898602625263,0.004812894657098782,0.026019710630353837,0.004812894657098782,0.004812894657098782,0.2622221406161522,0.25955258117433094,0.512892699993283,0.505136193503993,0.42863838625650746,-0.45718087406655245,-0.48465690625598,-0.3422098683641161,0.25947748438560164,0.27422350189825984,0.24836248030336144,0.7255389535516497,0.7576789871384924,0.6230973279934657,0.5797700102013298,0.6036549723725997,0.5376773612838867,0.4876917279930775,0.4876917279930794,-0.06230735945563396,-0.051845603145202666,-0.051845603145202666,-0.051845603145202666,-0.023978033289706845,-0.02078100645776329,-0.10998106146618707,-0.11047687415940402,-0.10818163423880488,-0.11234432686577236,-0.046916781198984125,-0.04143963458624871,-0.01801886556355706,0.11486345672827887,0.1269741855907933,0.08993951916261224,0.036846371144301455,0.0583972187763251,0.05064331595987812,-0.08172265492424442,-0.1138298053328614,-0.1429502788923379,-0.06642243282693562,-0.055579972381309836,-0.010184883603842442,-0.013195060516800883,-0.00871604048549203,-0.012946997971974225,-0.004287206802331172,-0.007920555853934752,-0.08107132070152416,-0.08812682949021994,0.32046036081225016,0.39751768101575097,0.3319995783406763,0.4110591419846758,-0.1368315283120346,-0.12210716914743822,0.0734597389689319,0.07812205107112334,0.028439685678826817,0.032288945314928624,-0.11677085145301004,-0.04576185906039647,-0.011725590670516792,0.011177262400965692,0.060134467261833864,-0.09243026031146745
E_AGE65,-0.04033782643474993,-0.06611512544975393,0.1010571862780374,-0.04069038304109375,-0.04068858204201314,-0.19705334632630872,-0.25585521160238944,-0.10798460641390573,-0.057347309605964694,-0.05660319441291295,-0.23104521618225765,-0.22974438553120916,-0.021197839481382885,-0.023049051229443132,-0.38188739435874425,-0.4008873273308205,-0.4008873273308205,-0.4008873273308205,-0.20220724521352879,-0.17839737636802097,-0.21502443635722657,-0.1776010575222635,-0.10122284498725133,-0.10598250541552653,-0.3628532499734804,-0.3458831429353418,-0.20106927266357993,-0.1744831499051623,-0.23582894638620386,-0.22591205336063921,0.09293999002669945,0.11918527386524727,-0.21940504446186093,-0.2220195644248243,1.0,0.8809086265295442,-0.42022321739121976,-0.42358298413324164,0.35939806073148267,0.35630598129070223,-0.2132932089651346,-0.252052169260174,0.2971635255567658,0.26744958126385615,0.14460660795844557,0.15806256818439893,-0.12655069354814563,0.04522759046368363,0.1527162900987822,0.15208957779758991,-0.1013936621163257,-0.10871381109335498,-0.08553108464343932,-0.17110441123766815,-0.06056125466869363,-0.13009044268897493,-0.21193095677330856,-0.2621561546699248,-0.17728769420932047,-0.18884470069637313,-0.28057151265409,-0.28393981820988634,-0.05837704828925135,-0.03473970452252659,-0.23397149688931548,-0.20676621182799296,-0.1947596112843154,-0.17307889882282135,-0.12027425888172226,-0.07242082497371224,0.01721660657930041,0.033598417713231195,0.003660838693556226,0.004272286362840754,-0.18764480945232545,-0.18898185491234915,-0.13076807071588487,0.14488872268780198,0.011549016118925762,-0.00015615966474606202,-0.2184493807503167,0.21940147499322046,0.21907081947149926,0.21349029251100937,-0.20250544580937954,-0.17331356460254,-0.2214493582188248,-0.22133119919033534,-0.05468078544481672,0.03369443286890046,-0.1662374778663548,-0.15852097106533533,-0.0471170730368421,-0.04129013592740807,0.012586254413465265,-0.04129013592740807,-0.04129013592740807,-0.25425012229996397,-0.24989254204281894,-0.14214910611870826,-0.13104731790705726,-0.107361408663942,0.813157970074407,0.7124883315958673,0.5803873560994899,0.6224730110240825,0.5559314842920441,0.4273452665363187,-0.42074818270922615,-0.3925454854754457,-0.2887284758344551,0.2154193073234053,0.22086464156805227,0.12525613850421408,0.2403796511415752,0.2403796511415698,0.022416396261049302,0.01599762629400789,0.01599762629400789,0.01599762629400789,0.052437695071302345,0.07935192993379096,-0.014714004455024297,-0.03454940939691745,-0.009124314172285125,-0.02689985034488519,0.12448555715103957,0.13524873742805427,0.1386055936761019,-0.07011385232258786,-0.06173694769252992,-0.04945623369874545,0.12210506422384067,0.08029106685924964,0.035895569271913175,-0.003987319425216502,0.007187086060055659,0.1445107910829934,-0.04887013357002836,-0.04218534645323495,-0.013146060161419724,0.08310389903237253,0.09817098293464409,0.10238669563678862,0.06571454757069499,0.06205766201156685,0.07736596595192623,0.07078474174052102,-0.19897662589861376,-0.1673731359058319,-0.29064185062149067,-0.28590881892916,-0.13038789267038328,-0.11731852607878059,-0.0255180396376753,-0.01374161371618033,-0.0654697011424555,-0.05647927532254975,-0.15270386402130684,-0.09551595841614242,-0.05556733029894213,-0.030626749554303216,0.001203555554662444,0.09846463895677927
EPL_AGE65,0.002147879951826288,-0.06386145289077769,0.14327271557717408,0.0017466907821087276,0.0017365556515798262,-0.19493207298054208,-0.3022799023068519,-0.10682600481014078,-0.052162909356755265,-0.05074933409824649,-0.22686580457471467,-0.22644753534214257,-0.012859252645417108,-0.014162627270912885,-0.4387011282679619,-0.45528770212138153,-0.45528770212138153,-0.45528770212138153,-0.2239623928745283,-0.19450455844487635,-0.24367764843472875,-0.1826149422697886,-0.12539468685635363,-0.12534385125800046,-0.40647933709508843,-0.3807978303125771,-0.25752880161064795,-0.23318296305765743,-0.26297665098928463,-0.23949205831089304,0.11463728090686853,0.15021820181984627,-0.24255447867317992,-0.24477070935263642,0.8809086265295442,1.0,-0.3737500699056058,-0.4182676442183404,0.3454316780510072,0.3692402020940706,-0.2616443082298141,-0.30184395856484425,0.3436137936080818,0.3102634667480236,0.15158073333418795,0.1953206311260886,-0.13147200522909344,0.08960040113292873,0.21150965221775755,0.2100745786044117,-0.09932990780576328,-0.10816466191528595,-0.11284397961889121,-0.2047287729631334,-0.07526252097782181,-0.14768469426962944,-0.25326800401369604,-0.3181484646835028,-0.19434237745069996,-0.2066004348065067,-0.3269775405070903,-0.3282727804335029,-0.06346544116890956,-0.02575910254003844,-0.2600427901466915,-0.20646181628030943,-0.21802284168704933,-0.17744800489286186,-0.143024371987745,-0.06609947830563091,0.028794525167364637,0.05686106018615851,0.006414946453681287,0.007485301771109603,-0.18104729125647911,-0.17742816020298716,-0.18627315960138377,0.1998929040250587,0.07960813330118342,0.061291768032422415,-0.26439688597641264,0.26681854691457463,0.31962570866535706,0.31453361377635936,-0.21152014039216524,-0.15778558786546862,-0.259920024254412,-0.2551637814525915,-0.06411834119992524,0.052600630575297846,-0.15774613035607432,-0.14748001552792894,-0.057658739214515434,-0.043168648690065814,-0.022023042574618682,-0.043168648690065814,-0.043168648690065814,-0.24771361979322404,-0.24463838398675905,-0.10346308085195409,-0.08466347294640958,-0.08701550393517236,0.7614166275038295,0.7756445816411123,0.6361238243644027,0.5773113612932237,0.5795030488975909,0.4334942606058433,-0.4012957630654367,-0.3831383692698379,-0.31387989011490786,0.19055274854351675,0.1969668980466937,0.08584008120594008,0.24605217630906875,0.24605217630906975,-0.011269931906708665,-0.016181277400708103,-0.016181277400708103,-0.016181277400708103,0.05094700170509081,0.0811999870405524,0.03439798826981071,0.018184417697844135,0.040187128950169536,0.02499209770461988,0.1005462420158773,0.10492982718486463,0.1088720923198458,-0.11143867548287813,-0.11152577526075645,-0.09122242194477227,0.07017301799358079,0.05510480110601929,0.04248061374883259,-0.002456677939895424,0.021793368422709822,0.18697702213162576,-0.01665801512176722,-0.003284757519498742,-0.011310582718682268,0.1313060431635168,0.15239400692072974,0.15657644581833452,0.06577399970624742,0.06136160634937721,0.08706765237887117,0.07963843672405127,-0.22063052627636962,-0.18105923088381087,-0.3483137821764756,-0.3446624494104677,-0.14259675886998563,-0.1289545969719199,-0.02647330754914978,-0.016541801028752787,-0.07637112172394372,-0.06592784075262198,-0.1487181535595376,-0.08705349627443117,-0.05812358477212735,-0.032292105002571465,0.007712640602737698,0.08314176791224544
E_AGE17,0.0466957501789549,0.06148711794474408,-0.0016823087646819467,0.04701186536740846,0.047018606432063306,0.22668981615795683,0.2934639147322564,-0.11601902927430272,0.11826807111989154,0.10899520603309222,0.13023076506106596,0.12236644210467487,0.1299639053795588,0.1292834527461538,0.23840210694055544,0.21292491994163246,0.21292491994163246,0.21292491994163246,0.16353869879937616,0.14304199746044505,0.25538690441285494,0.22317716814443403,0.06958157581126798,0.0619455995522228,-0.07649232960374373,-0.05095981030131112,0.002202724613390288,-0.014708537623894553,0.18691938883821785,0.15366489995125351,0.020677123360451667,0.004100872608695357,0.10614261693408385,0.10823196077363466,-0.42022321739121976,-0.3737500699056058,1.0,0.9512601372377065,-0.17069028107882953,-0.14689330342841736,0.16891902694954433,0.15970513198096858,0.34149791108782324,0.28797242871061196,0.015357353055380118,0.05364348534996201,-0.3139308355821983,-0.17445570444787345,-0.07466520309956115,-0.07932818232096743,0.17384113510995808,0.1768155398271403,0.07266720069625958,0.06800200018022397,0.044006738722549524,0.078574613322109,-0.07478507606881911,-0.030033979873074695,0.035584297520366556,0.036884597906379823,0.06550796380149461,0.06611904478777333,-0.006220824282133141,-0.00213421721618844,-0.022910958079306324,-0.0027343401941691096,-0.07192545209323897,-0.053394491650528314,0.01858038558730889,0.05383140207860864,-0.00999466973070479,-0.008381366463059689,0.001040587339936527,0.00040116601808165456,2.3575713472756512e-05,0.00035496802033050035,-0.073377637905835,0.07468657235762304,-0.0702195977037956,-0.06311221589393087,-0.10897019660200269,0.09467107826888053,0.055005167207070556,0.047354513740976774,-0.0005098328618790127,0.018115778714727606,-0.040966995645985924,-0.040307361631213214,0.005112025671594041,0.015960660394984054,0.005593180571077375,0.0072588606476862326,-0.09400647965397528,-0.09468211188667547,0.0043448712022736685,-0.09468211188667547,-0.09468211188667547,0.032280593213960984,0.025547324175043466,0.1629292430884768,0.1477243953214116,0.10952363833375274,-0.24880682749706712,-0.21762474585088176,-0.20881807917225081,-0.0519367278551462,-0.03926516673836612,-0.07489492914275135,0.1834267258658744,0.2156121607807657,0.1946816300750118,0.19475728858166952,0.16020897443574245,0.1144256668738575,0.044041901741219684,0.044041901741219885,-0.03555463393408595,-0.029843671341194762,-0.029843671341194762,-0.029843671341194762,-0.017354816582822695,-0.016591599028936335,0.07139032909583162,0.07028346570738347,0.06023891541699241,0.06787403497827665,-0.10573483653215891,-0.12189660679448672,-0.11409271717474964,0.07922605578040127,0.0873815943609754,0.05676462114673428,-0.10793547306569866,-0.08305059591909189,-0.021552308450546186,0.04511425280984787,0.04631510164015818,0.016715727718214304,0.03100490420238619,0.04256628850784618,0.0037961601939342816,0.037055131212267625,0.038045559079096694,0.04075058956105087,0.020793243309789326,0.025841399795144247,0.039639761629931096,0.04604152770119057,0.1485636877688999,0.10662620923723014,0.2634382232243035,0.23581067187594554,-0.0005584557000201054,-0.061063473475864126,0.05365943193606036,0.04480967626924619,0.04296774864795009,0.023948043712745906,0.08992114893709749,0.005047715502249612,0.034835200723090896,0.0003682105070997106,0.043989429592039116,-0.007670991060946295
EPL_AGE17,0.03607519309651761,0.06640284164918138,-0.00467181921055571,0.03643804091417905,0.036449949566219,0.2287144639093354,0.2827377600702047,-0.08568458914680284,0.1106532233461754,0.10177655225367195,0.12682822436296645,0.11966030912359206,0.1234349199807703,0.12321600222368548,0.24321530135717445,0.22180511608948514,0.22180511608948514,0.22180511608948514,0.1651734520317718,0.14479793728193213,0.24982835058354208,0.21121959174929028,0.06691787645507467,0.0579429221891849,-0.06422840853513295,-0.04615155462015142,0.00405625629359034,-0.016315563183221325,0.18333989236349357,0.1497748241882965,0.007242917343174008,-0.009967425738700504,0.09953527118576806,0.10346640128634642,-0.42358298413324164,-0.4182676442183404,0.9512601372377065,1.0,-0.1735091211305694,-0.16159817325545778,0.16245417578504623,0.1578424161762361,0.33552267750753917,0.297317842835798,0.014404905118037535,0.04700292676620666,-0.2380578742567506,-0.17164081409442558,-0.0800229325038329,-0.08283790199849037,0.1675357478577412,0.17144404728866797,0.07824598107121469,0.06945282641834286,0.04595237359081911,0.08402351919685418,-0.0658259520793904,-0.019459918245124535,0.044285303308071795,0.04567212577941675,0.07509986812165963,0.07528198325525504,-0.00875872984979757,-0.0064057853481923254,-0.019476696414859312,-0.0026760351571376816,-0.0672903944396634,-0.05386285321450594,0.024383923509808482,0.05854030502593961,-0.013006378771762394,-0.013565716195618823,0.0013541482342529154,0.0003580492036714395,0.00013710894645173967,0.00011775338454446225,-0.07591978856186825,0.07654569063073736,-0.09055382017222009,-0.08240438756172536,-0.10235273848695892,0.08944116335637345,0.03526278941705605,0.028787648024798503,0.0035372273436905595,0.019868994429059313,-0.039427332901239474,-0.039249818925208214,0.010307510583416437,0.0162179014873061,0.007209381468021293,0.008761401784981557,-0.09638577053745936,-0.09802640014844119,0.00773810228833347,-0.09802640014844119,-0.09802640014844119,0.03247353670462446,0.025729041295425827,0.14523239766090262,0.13117056310150493,0.10256382620376492,-0.2612742845736689,-0.2453234292204284,-0.23452645396060784,-0.06954832577489534,-0.0661314139586245,-0.08913638073925081,0.19179213815515717,0.22162896211214392,0.20887976300473357,0.17300920148708546,0.14505002383196877,0.11321039676233219,0.03299358890990324,0.03299358890990318,-0.03827378685840513,-0.031763726764244514,-0.031763726764244514,-0.031763726764244514,-0.019308410771656643,-0.020393951100952316,0.07116299153974506,0.06766277360128015,0.0567205614333339,0.06503980586634402,-0.10647285592105678,-0.12168542135224213,-0.11386450674793003,0.0880044031340617,0.10093938209247758,0.0692812094388878,-0.10521479646994024,-0.08827730526259084,-0.023260754725176764,0.04460770819322618,0.04218086128768214,0.008398476845534773,0.03168827006490308,0.042572420705010446,0.002267189080900402,0.042346935595060926,0.04339933566566728,0.045174721716616885,0.024490000066714458,0.029761868188515683,0.04125572774857923,0.04651629928225815,0.1503912527805236,0.10481557192848946,0.2690471392271684,0.24071057726771514,0.005053425752655487,-0.05362831190460389,0.054727266589646946,0.04540364875435653,0.04559254727354389,0.027003014303719736,0.09665471840974046,0.005626864801603786,0.032204701375740705,-0.003329236749227388,0.048318046327161315,-0.004785288648976948
E_DISABL,0.025945568844876036,0.015314942317004997,0.1270988565728458,0.026005625754889444,0.026030306682725466,-0.24792427340362946,-0.17490561298680263,-0.08895463692610867,0.47125404283441036,0.4678228582488577,0.26466826959954326,0.26074842891274413,0.4243642444041853,0.42493935092789814,-0.05752660516593218,-0.07943546464540348,-0.07943546464540348,-0.07943546464540348,0.4220612138960261,0.4428992960996625,0.22342873470305388,0.3382245200471752,0.2273060986981123,0.19332932669865088,0.049290156757434055,0.07947197498229025,0.18133020439154143,0.19909741831991165,0.08942406728645527,0.16369741810022925,0.4666756826736384,0.50147016655216,0.388500978654476,0.38727366226708965,0.35939806073148267,0.3454316780510072,-0.17069028107882953,-0.1735091211305694,1.0,0.932300069701177,-0.11614442424959816,-0.17934614078797798,0.5139590672803941,0.5092361184765983,0.30118793260328497,0.2987922337761081,0.05449503893945362,0.13103569094516954,0.31157910517306503,0.3128705797062828,0.4803329690086759,0.4757224984195449,-0.08598147758307151,-0.2255505938297997,-0.07133761544932446,-0.11106227010824891,-0.18803162351716804,-0.22655631935007595,-0.056732937675664515,-0.0597507154284661,-0.23882226328782402,-0.24446111396291428,-0.015673863329488814,-0.006129094211848121,-0.00917578089906022,0.00963642421986383,-0.11132473130813088,-0.10728436143433107,0.026892099630562813,0.048697728925347995,0.07495653501936467,0.10943957506189272,0.01301852809185076,0.014578963470197265,-0.007147251947700355,-0.011438575809516278,-0.1893403229218161,0.1960422128183358,0.14952507769188977,0.13423990678283965,-0.17448538122752424,0.18014786694152346,0.3064862145919671,0.30774242777589356,0.029307988919719495,0.055454843777614,-0.1418892859862674,-0.13960118147178055,-0.01010735569771734,0.05758281012070534,0.01656990227714881,0.0262184262709002,-0.08181893528490158,-0.07464102720563325,-0.028412008159732296,-0.07464102720563325,-0.07464102720563325,-0.06390019436231666,-0.06391118675465778,0.42175856518182053,0.4236747400088165,0.3386271275682279,0.23315044654102368,0.204595870096739,0.1547700016762124,0.6176697331018213,0.6066806275931979,0.5050286330683734,0.3058555765392734,0.34918413131535553,0.2791386725655443,0.5377753925637704,0.5408854712796621,0.4343309486007779,0.5584217399424279,0.5584217399424327,-0.12277123914905083,-0.11422639874642079,-0.11422639874642079,-0.11422639874642079,0.011342748402008768,0.03982693890851988,-0.008396731471578005,-0.013782026010839957,-0.0013073754078122104,-0.009832322090688664,0.012609222720612394,0.010705983583169392,0.033062039251189626,-0.05869369099297619,-0.03815866998576151,-0.06340116935993671,-0.00024187437331921394,0.024716324188900463,0.09708201448007107,-0.06239298074262963,-0.05938147956758409,0.08454268511761558,-0.03295180621792175,-0.004238743084695802,-0.01869652510522259,0.1107759743828297,0.14889721057504626,0.1567795130450468,0.021866634947650815,0.01942145041954837,-0.02716096005340589,-0.031972479392621114,0.06039901670635144,0.1578888196156308,-0.15262198875857685,-0.11801457774858075,-0.2695019529009177,-0.2754393595653459,0.04871216618400564,0.06457098355138549,-0.0286891485008999,-0.016588701145709903,-0.10845922827451655,0.001014490134903707,-0.07567383718940403,-0.045326173550962585,0.0867310557807751,0.008528139715160081
EPL_DISABL,0.03587406187900653,0.01660258512461848,0.128920486816436,0.03592736221607675,0.0359531118581074,-0.23595723041575728,-0.17602008005457048,-0.09530038124167196,0.4864218321049971,0.48681364477260863,0.2791696252133938,0.275936709083354,0.4393124903159232,0.4410247427027744,-0.07269762061170229,-0.09506278971042084,-0.09506278971042084,-0.09506278971042084,0.4190297853916928,0.45832599126981727,0.21548974270029514,0.3520384817463034,0.20980148206334123,0.1974621858806865,0.03536811503244055,0.07541180474011243,0.1827811071753467,0.2083659217161939,0.10514303422798989,0.19345710326565219,0.46395010038471124,0.5270865353220455,0.4045469625075146,0.40243785152062433,0.35630598129070223,0.3692402020940706,-0.14689330342841736,-0.16159817325545778,0.932300069701177,1.0,-0.12464768224730763,-0.18298508585544326,0.5704672094049827,0.5690655274173756,0.30861976201030694,0.33202328093616523,0.008889178774662115,0.14057654069772837,0.34365147181688843,0.34480910176885843,0.5100171177488009,0.5042599269462221,-0.09558970617293977,-0.2488908530167673,-0.07283038677028987,-0.11562838316848982,-0.21312982300525624,-0.2555771050378609,-0.06820362339496167,-0.07237519419991172,-0.2643047823617617,-0.27072377178954227,-0.019157494516728015,-0.0035296815997845152,-0.02165637914957846,0.006367671775469603,-0.13285939193725094,-0.12041415944747308,0.02433694350169249,0.060192263770633976,0.06261463231407724,0.09560835782350383,0.010148796758747363,0.011478462343001448,-0.009385523884390552,-0.013153696808488559,-0.21454022259388789,0.22246889044735196,0.16263101517449757,0.14493370405461778,-0.1954061458851754,0.2015548193414915,0.33821209044163053,0.3396651236539294,0.021203346941331976,0.055168078176851536,-0.16186307825442645,-0.15810637014692866,-0.011688426815388205,0.06989696763934858,0.01730288599806232,0.027918045045845347,-0.09216716913033046,-0.08343794074162894,-0.03443194383752362,-0.08343794074162894,-0.08343794074162894,-0.07021988365112482,-0.07008387979172331,0.4369270214418729,0.44881052810333705,0.35144114900231777,0.24618680061649592,0.2266643543934947,0.1728481123264091,0.6194071903411493,0.6347180508052703,0.523416489368337,0.3127864558493921,0.36496048225599464,0.27978584568421566,0.5316992140676785,0.5549669652145278,0.4323686513929394,0.5740527110059547,0.57405271100595,-0.13032223790663516,-0.122014604741775,-0.122014604741775,-0.122014604741775,0.010709851580518709,0.04050298146316487,0.004186527713030142,-0.004737843603466634,0.007254469104601961,-0.0016297077429920043,0.014995230641343614,0.01287992478611388,0.0383343186429359,-0.064666767276432,-0.043911399568925716,-0.07698709351086722,-0.0019371305782480933,0.02386853144609138,0.0981360404384841,-0.0678294205550554,-0.06425004937107498,0.10250527040303316,-0.04243810903947199,-0.008679356456750944,-0.015115041529332655,0.1292081417450586,0.17070528326237847,0.18085946170436668,0.023322444740930513,0.021243960080180833,-0.024823988038899774,-0.029734476571139562,0.06809066504393635,0.15436800415488638,-0.1542122899176493,-0.12160666931606078,-0.2988979997094386,-0.30663459394971476,0.05610631498519797,0.06528226474046167,-0.02657683622980549,-0.01452225795042037,-0.10518558764979719,-0.0008368167417033741,-0.07699568348596152,-0.04680062101153982,0.09109940737879094,-0.025880090367003932
E_LIMENG,-0.10988542508420056,-0.022294065086627398,-0.09598984729258933,-0.10986276356783306,-0.10985556447083968,0.07678841294539643,0.24280913025578613,0.0064451771136320715,0.3257268717235355,0.326054934887315,0.454787137416503,0.43970704934738464,0.2951233865949411,0.2914014008336496,0.587637608659795,0.5444134975703198,0.5444134975703198,0.5444134975703198,0.30714754677504136,0.30285720211035727,0.6649243324577017,0.5021215382906934,0.1271210138708969,0.15826966329590136,0.35299402954908154,0.33747045169429707,0.38111011872644324,0.36110090317981336,0.45297681008784446,0.3525444666660668,0.1170628003341036,0.11604603779159951,0.4290878039918482,0.42148164912238434,-0.2132932089651346,-0.2616443082298141,0.16891902694954433,0.16245417578504623,-0.11614442424959816,-0.12464768224730763,1.0,0.7005127819053985,0.32030283966901396,0.32150401328501504,-0.07337749360035734,-0.1300103148259358,-0.04045968249281317,-0.028924390746885926,-0.11603140926813013,-0.11733147064938305,0.43868803117180344,0.43383495884775203,0.1567013655035013,0.22162922261429524,0.1797091727548303,0.17038272399621399,0.33439462539975967,0.32375059823424607,0.15127305164615154,0.1701312696402542,0.3338183229478168,0.31495963792766557,0.06800966236244006,0.023165237150389248,0.2429025975825049,0.17275823725466632,0.3133221818316247,0.240805715446555,0.14199952258071996,0.053780729066490944,-0.023458668374694243,-0.051466859903760605,-0.003544154049115722,-0.004297753136542872,0.18875873091558798,0.18685456845303797,0.2161855915792382,-0.23105762265574697,0.14024596104934592,0.14670294236590117,0.34647447141864757,-0.3428451428958896,-0.23153717375538102,-0.2424767749751337,0.19361701339859697,0.13449091301216493,0.28030592472125315,0.2789896366491097,0.046235972137602846,-0.049369643315677274,0.15527084483566356,0.14506107172147398,0.10025708320562007,0.08041977229380982,0.09154664714358526,0.08041977229380982,0.08041977229380982,0.2819855203583825,0.27327337714090005,-0.10076170634283638,-0.10003478380516627,-0.05731852835778564,-0.41873358353217266,-0.4569148320309034,-0.29659948813250714,-0.0987310400471084,-0.12056369522555815,-0.13356351354512697,0.18100763351625332,0.1992186014730066,0.18660085977260477,0.2104067682767841,0.22595452122615942,0.19754077666617229,-0.03343433688181123,-0.033434336881812486,0.16512852072711048,0.1698026898027242,0.1698026898027242,0.1698026898027242,-0.008581595037647233,-0.023792330040870883,-0.11879774513847056,-0.10229866249070176,-0.10147443942566363,-0.10360891606171342,-0.022890704776293926,-0.011198906051725235,-0.018039111072660766,0.21439285030202163,0.17925227180306194,0.15441383181205023,0.06764298064631742,0.04150414614993845,-0.10200431681350483,-0.01830639583683739,-0.045624896965638206,-0.2226888158661975,-0.09308435027820587,-0.14363713807208692,-0.0059523409793811296,-0.12364727075264918,-0.1561311830307159,-0.17788535454851154,-0.037843290565325434,-0.04131492884010098,-0.016242690301529725,-0.017652419588525654,-0.0010390412612903297,-0.0381453714563032,0.6394747347015577,0.7365397834836056,0.21660806645926778,0.262461205041908,-0.024571041137378246,-0.027450238080843393,0.04856875766048051,0.04107939578105981,-0.10618349310016795,-0.15052032837935436,0.04995954964063033,0.042110119623482954,-0.044891417584507924,0.06793423835336111
EPL_LIMENG,-0.11294985927467004,-0.028004660868872943,-0.13484939880827648,-0.1129593118685406,-0.11297080020418065,0.18887089232091833,0.30097452340047504,0.07765022784563547,0.2381194923749262,0.240578739902139,0.4327570568563007,0.42802974391695753,0.22361120763453624,0.22015240716419635,0.5717737494285293,0.594820569584803,0.594820569584803,0.594820569584803,0.16199461962970532,0.16682016864600657,0.4416253841053936,0.398926290128749,0.09443922351175445,0.1447370526111907,0.3061388149793339,0.3143227827609817,0.3073439365396504,0.3145819216451314,0.3329193448745472,0.29592854301685667,-0.032141331055358116,-0.03480236422156824,0.3215327795826939,0.32000623506415266,-0.252052169260174,-0.30184395856484425,0.15970513198096858,0.1578424161762361,-0.17934614078797798,-0.18298508585544326,0.7005127819053985,1.0,0.4528109289746315,0.4572797599240279,-0.13210787567072524,-0.2007761941053638,-0.030584101947666364,0.006696152859718829,-0.14292241073052192,-0.14682586653678972,0.394786640660333,0.38760180893385887,0.18976779603633334,0.2807715221308795,0.2126511792995138,0.2143749160437973,0.33566613747407664,0.3760225762573847,0.14687913890648258,0.16113043813802674,0.3925753866802334,0.385318807595026,0.07229962411503495,0.02994884487610927,0.24490352151737305,0.17512864061110403,0.3346379048320367,0.2737555817020558,0.13177975504698078,0.044279263778202564,-0.04591136643913989,-0.09164347209498479,-0.00516028683952236,-0.007624453002342431,0.19612969816055725,0.19574163571577272,0.29871773986204114,-0.3140871093246925,0.07922100542619648,0.09061524620478197,0.3911796582360954,-0.3969966229815603,-0.3434066194546138,-0.3515873159249551,0.17303376789827568,0.10491789819486198,0.3458034551493826,0.340995995499474,0.050367806621584923,-0.05463837985729949,0.15827721111058335,0.14218281492700102,0.10084689155257845,0.07688364015617512,0.08920213530211012,0.07688364015617512,0.07688364015617512,0.28942590458799017,0.2853683659258713,-0.15199106868641651,-0.15373565296614844,-0.09103316729362146,-0.4149925160539361,-0.45966584612305317,-0.3634868746551723,-0.23090591994341278,-0.25960483962760494,-0.24445237169537476,0.0842223340573382,0.10209565535999865,0.09791094351999073,0.048855545265411686,0.06125952116147782,0.0476090741396563,-0.1802816588697247,-0.18028165886972322,0.19964150969759828,0.1983257505591158,0.1983257505591158,0.1983257505591158,0.0036904846982778873,-0.018708715545554797,-0.11680090255426635,-0.10042404860193314,-0.09827752157381799,-0.10081054154342373,-0.023938941720637257,-0.00879012811892319,-0.02832727949152967,0.24778667328281956,0.21723614905310995,0.17794100515079836,0.060974248803634376,0.02765250358867413,-0.13209269671172164,0.030603369003818038,-0.007361447338512301,-0.21807685069511148,-0.08940045115333434,-0.15373421372378698,-0.004898612978982518,-0.16451151023610686,-0.2158374981618492,-0.2377604659453626,-0.034792373718863845,-0.03135156718566513,0.0016062151824446519,0.004773363499207803,0.06921102228049406,-0.007071475889141345,0.5785535413144492,0.6369808251717336,0.30253760053928863,0.3289220951909958,-0.009718344185356772,-0.018921518588150298,0.08398420998124778,0.06989541562024319,0.045978329221327705,-0.03539406874113759,0.0997683095717167,0.07758877954980208,-0.03811495338812306,0.01510307917827691
SPL_SVM_DOM3,-0.030106091334833503,-0.007304713527463205,0.06904680510130329,-0.030105343916314073,-0.030097262197797837,0.0016694715324473452,0.07644180106786123,-0.11371066538838971,0.4640171610942913,0.46157344462827904,0.3802372709539895,0.3715141481729823,0.4574601885735119,0.4553504159528933,0.21583205607052605,0.1962835550137352,0.1962835550137352,0.1962835550137352,0.30942091007323846,0.3401290792574579,0.41349446899575354,0.47428652869238686,0.1458859134600887,0.16569612896647212,-0.051335514948524515,0.0016698930371321934,0.15746306113186395,0.17884266942518476,0.2273776803476283,0.24830466409918314,0.3137268841069651,0.35854151100475307,0.3559585260362568,0.35474809575064636,0.2971635255567658,0.3436137936080818,0.34149791108782324,0.33552267750753917,0.5139590672803941,0.5704672094049827,0.32030283966901396,0.4528109289746315,1.0,0.9614283139178316,0.18637238380790275,0.19872903243106452,-0.21266973963891145,0.04271226196771686,0.1796913639364918,0.1754279158014661,0.5835445454311008,0.5728333823245122,0.04723772287911416,-0.03897552336793876,0.07788179439588666,0.03474983481541766,-0.0888913284690887,-0.09805282304562529,-0.03085620473467359,-0.030268182041564125,-0.043256627892962356,-0.05215078624271456,-0.005417568985031632,-0.0009765953090829643,-0.014012090496643405,-0.0030670516183493304,-0.023789451349932555,-0.024872379703704654,0.030621383875144976,0.05818825774923161,0.015070389848559403,0.020115999959837354,0.0068783002381904755,0.006097417748384138,0.01732355821631106,0.0169514621382623,-0.08135704695758851,0.08416447431210163,0.13748848247267015,0.12890211741863644,-0.07221606954146197,0.06594670210995032,0.1748868859056974,0.16387472635789813,0.0047723576651535335,0.020341252399745414,-0.041747594108958036,-0.03993717708102142,-0.0028818401424761486,0.04518246095909739,0.026181912899198235,0.028785419433780896,-0.07632686443566407,-0.07949795445289824,0.029641093892311714,-0.07949795445289824,-0.07949795445289824,0.02303634529058715,0.018429073826476523,0.1730927141745516,0.18122849218330087,0.1488930956249204,0.15428566678328356,0.132644602277403,0.09246226594758743,0.4911461622255511,0.484983307223613,0.33555681177880536,0.11556966255838556,0.18409593710375527,0.16417174936488702,0.5393127464677752,0.5487010874524376,0.3884162032942193,0.36857274651022076,0.36857274651022376,0.025503148942441038,0.030367323053259225,0.030367323053259225,0.030367323053259225,0.026712245888669457,0.04636361151854199,-0.012676594550045907,-0.018374840144676066,-0.0036783974486195364,-0.014372664476589823,-0.009514031277915405,-0.0072546970782705455,0.0011149026839157691,0.10874130710938888,0.10825101029579964,0.05723421020794494,0.018010278387920162,0.012528803958538887,-0.01744678430215709,0.004740474446203022,-0.0054549309352062035,0.02871230210615085,-0.07307755141408816,-0.08131360233275532,-0.016844511703115173,0.06646529940898097,0.06996955113353143,0.06489905708764435,0.04211014927744238,0.04353769625061346,0.059688122115983754,0.05748851234672946,0.043371694267243584,0.0431401425599682,0.2363448910914136,0.27993995492300333,-0.05622149097868674,-0.06927807362848498,0.04194696321977143,0.04233632508878327,0.02117813450589879,0.014825912838999571,-0.06200230888423771,-0.06976761241648191,0.0043685039578508856,0.0021167741525500534,0.059363868529472175,0.03738760930327308
RPL_SVM_DOM3,-0.034917932066334055,-0.004084593781207057,0.06506368500609742,-0.03488983117682647,-0.03487721768035096,-0.014391049095067334,0.06665350567814095,-0.0820882197661295,0.4877305564580874,0.4869043027649802,0.4066345380843805,0.3984275887737264,0.47434887030581696,0.4729502934445902,0.22550428312991264,0.21095879887838956,0.21095879887838956,0.21095879887838956,0.34540999798780747,0.37388342752958603,0.4176906705639257,0.4754438779232583,0.1559073638421709,0.1750119936235098,0.004971029338134695,0.052522103998749514,0.19461406376850257,0.2132111903158803,0.23537220918549367,0.2578929949844819,0.32551612573073846,0.37025673796769587,0.3859891234554826,0.38508440041477626,0.26744958126385615,0.3102634667480236,0.28797242871061196,0.297317842835798,0.5092361184765983,0.5690655274173756,0.32150401328501504,0.4572797599240279,0.9614283139178316,1.0,0.18569796956007364,0.19104775615693853,-0.1429531647330494,0.06706285423280568,0.1896656548808195,0.1870728346173505,0.6001489951533338,0.5940599744479083,0.05051926137043187,-0.039060599824067385,0.08354567099289713,0.04170525064795508,-0.06354762107400103,-0.07739321109426502,-0.020085420485772006,-0.016910778377793343,-0.028672040104875035,-0.03788461155484852,-0.003697171111069997,-0.0025939222726321315,0.010461310810636818,0.015998826640024312,0.00040135393726288787,-0.0072136324277261256,0.04578544886632428,0.0667064160567946,0.01463279115452808,0.01946271837310407,0.007164010183440841,0.006795651624712661,0.03503562373608902,0.03520315042963676,-0.06933308081294987,0.07071783520977806,0.14797030889967352,0.1390048473220707,-0.03850024198174861,0.03451423648135711,0.15429120849961117,0.14537709764358903,0.026973835919072767,0.03871161781142648,-0.020104285370800383,-0.018457403395331893,0.004021655440866824,0.045963579384984105,0.045887500249202795,0.04771966727852317,-0.06779817059041054,-0.07194272498510845,0.028780150053526635,-0.07194272498510845,-0.07194272498510845,0.04258576266329732,0.038330416808712235,0.18532924709495044,0.19274906885838858,0.16271392398649384,0.1072721382617334,0.08988843415746685,0.07353946683222035,0.45720074311491515,0.46242153375182954,0.3323605455598979,0.16547235388799883,0.21942573104889573,0.1935425584827006,0.5081129782066472,0.5348881933865289,0.39519805255856566,0.3776492506319335,0.3776492506319361,0.023144480972369246,0.028236944137625244,0.028236944137625244,0.028236944137625244,0.026719120724279122,0.04686267073376274,-0.013659597751918906,-0.020603241501354484,-0.005596697321928424,-0.016675543281177495,-0.013488957148796258,-0.009961862045987256,-0.0006980722178086573,0.11648136021852568,0.11759909716083497,0.06491735927900957,0.015052732951065817,0.009694218976208072,-0.02176576772135442,-0.0057066382404558375,-0.020005938287173317,0.008038518474862916,-0.07678269880564523,-0.08624250686107919,-0.016253683319698113,0.06475527004199062,0.06584425910760884,0.05886217754460561,0.03424200060150072,0.03551396499140492,0.048855267196571316,0.04569589798202267,0.04163273997810666,0.04457383925387861,0.24170092906828675,0.28646689577896034,-0.05552048876479102,-0.061032769798276085,0.04464396204713809,0.04545230919304287,0.023065003658515104,0.019129687557346103,-0.06571104519860248,-0.06310353655178749,0.00041197858575821994,0.0007653436658333077,0.06375964267053703,0.027342303532924824
E_MOBILE,0.0022277363355377583,0.014967506413490216,0.1957844821177819,0.0023226565047443685,0.002367727792878983,-0.10418458148725798,-0.06221710377866624,-0.09847512637185042,0.1559461317594303,0.17368652745101207,-0.010011356639940386,-0.009902095714149167,0.1871360069000707,0.1962415245805393,-0.13673376390977307,-0.14569042671127655,-0.14569042671127655,-0.14569042671127655,0.19795316264084242,0.24055073064437613,0.18839081083600387,0.2620480664068299,0.016031911201391545,0.02136738842722078,-0.2244193220025549,-0.20691297209003728,-0.13611211500290177,-0.12542614965237453,0.18419925730805606,0.22196408800871786,0.2964301213369123,0.31047972876533386,0.1458674167639309,0.15416463808493366,0.14460660795844557,0.15158073333418795,0.015357353055380118,0.014404905118037535,0.30118793260328497,0.30861976201030694,-0.07337749360035734,-0.13210787567072524,0.18637238380790275,0.18569796956007364,1.0,0.7063791479029761,-0.007348195435417089,-0.08202911631541186,0.4649032024290996,0.47291737072592077,0.2509042333095621,0.2561477520758906,-0.059468775751165215,-0.2737042882470194,-0.04870781324691967,-0.07498483488374394,-0.3242438060586476,-0.42445085012747663,-0.06395207272077628,-0.0547877254935205,-0.30711670165682475,-0.32126656313434016,-0.06111168647503197,-0.028187562623519246,-0.2512770763729882,-0.1855127684932503,-0.27424459552263125,-0.24863618481388466,-0.11140331318143844,-0.017564083586648863,0.032139362859924143,0.0982781367189341,0.004392408257762009,0.006642967662131768,-0.17617053431850807,-0.17835833835413684,-0.46055835353046837,0.47104577558356797,-0.2283234169766225,-0.2510986773819656,-0.4353503834247679,0.45572540397069594,0.3236424366567795,0.33273311730269656,-0.21372283573556408,-0.13374334171372512,-0.38798712910935346,-0.3736378680091299,-0.032171546867681255,0.11090773404855599,-0.15114328285217726,-0.13344311525643202,-0.25137172122056967,-0.23762049162059323,-0.04626055290745167,-0.23762049162059323,-0.23762049162059323,-0.26420272475759554,-0.27149643072777385,0.1350567589261008,0.16660185776267258,0.09700981105021647,0.1901628325672016,0.19835834129689286,0.13913259594409635,0.39804368076497737,0.39739956091490475,0.3664946476840347,0.165527700244225,0.20749876494447672,0.14773752312796604,0.2873885497241109,0.3328046420491508,0.28906446070636715,0.3391356913966057,0.33913569139659594,-0.12686585355761415,-0.11436131292637955,-0.11436131292637955,-0.11436131292637955,0.0428115869584379,0.1028954074595596,-0.0688682315598843,-0.11084414085306302,-0.07296034154911576,-0.09810118243815247,-0.012247788313525836,-0.01189906370359455,0.02355232725994956,0.09695856170457645,0.151097287689227,0.06916345399402542,0.04736831955459285,0.07506309524130095,0.05727476326852808,-0.02574373857651665,-0.026544807869130105,0.20956429360214526,-0.12052505716880743,-0.09070583331412892,-0.008773986261851467,0.22803589410212788,0.30237793126335494,0.3085758504568717,0.15836507880061154,0.1645712725126781,0.09280588940867393,0.09327271815786765,-0.08761876499778655,-0.07640848235673701,-0.04941763510829924,-0.03428796184083482,-0.1786159521025847,-0.200786410788382,0.1046863885313965,0.11362577143433647,-0.02501906629726599,-0.023009507788270104,-0.0992101850969969,-0.06746858383387529,-0.075305905875737,-0.06834954299128489,0.09362499601929579,-0.13698621944795147
EPL_MOBILE,0.04225992354674017,0.022582242646336376,0.208844221727319,0.04234300029123186,0.042400139705275626,-0.04528528122862479,-0.10274652923428977,-0.08488995953205225,0.1628002898191815,0.17549217858181201,-0.009526562322621442,-0.012198500165638004,0.1959573541972317,0.2017795400955256,-0.2278236416753033,-0.2509013058085666,-0.2509013058085666,-0.2509013058085666,0.17034730635386489,0.21998374412496746,0.1416945732460619,0.22935787426459392,-0.02640634062726814,-0.017666221119358633,-0.2697843807097261,-0.2392122365101383,-0.16287427177597644,-0.1476566986952046,0.16230055587898815,0.2168895408588059,0.2832906281064177,0.3257226933297696,0.1180722028335576,0.11977365453671598,0.15806256818439893,0.1953206311260886,0.05364348534996201,0.04700292676620666,0.2987922337761081,0.33202328093616523,-0.1300103148259358,-0.2007761941053638,0.19872903243106452,0.19104775615693853,0.7063791479029761,1.0,-0.02939873179200184,-0.02643546589205531,0.72024495613786,0.7273261867836511,0.2845803747766983,0.27878417958565155,-0.07754826840613742,-0.354230290347998,-0.030071617195472817,-0.06142777471851178,-0.431281835293648,-0.5319740016979285,-0.1289812686025904,-0.12000849952895379,-0.39171246587588726,-0.4071854780063827,-0.07268616312311475,-0.018790727197017656,-0.2941327036750157,-0.19530340779403213,-0.36248335971119,-0.3039439546370464,-0.10951729642289815,0.04092086044119506,0.035198768296703965,0.09974067206476081,0.007541814181890186,0.00934079059637023,-0.1728641769435456,-0.17215370727641405,-0.5294601853019754,0.5496127145804418,-0.20535912829910205,-0.2325582126775474,-0.5205666740126133,0.5369312083807461,0.4261755150038635,0.4269011801192127,-0.23511942856481566,-0.1322702110569278,-0.4652575494705727,-0.4489809433672685,-0.01900494300721108,0.17398130287933314,-0.13812758016731239,-0.11776869113886586,-0.3035474564979231,-0.28233150952813596,-0.06403184942082246,-0.28233150952813596,-0.28233150952813596,-0.2850714088786361,-0.29358748954518527,0.17168426067774722,0.20969955688553044,0.11511719453247585,0.25017643020454466,0.2767477783849013,0.21214363774061293,0.42456512528078766,0.4520774998828786,0.3943244588609228,0.1636622720561825,0.20643596181681995,0.12228099366047596,0.2791326809564816,0.32864619726826805,0.23948527136237624,0.3533890012818559,0.35338900128185075,-0.12272315042703219,-0.10762519716121727,-0.10762519716121727,-0.10762519716121727,0.050194708546326,0.11197930044197084,0.030253366969583417,-0.025135038730966036,0.008936871940283536,-0.014002982734174989,-0.009997133098525197,-0.018909437425107024,0.017722344786549864,0.07409149327520907,0.12325206017647615,0.01428205630146215,-0.021537171410735877,-0.006031316611864125,0.018379801821926882,-0.022966044820289033,-0.010656817845686128,0.28467990414736183,-0.14146673615922095,-0.10193255949156019,-0.011466607710858142,0.27685449160590925,0.3498178470818156,0.3643465455203172,0.12677666771110194,0.13613011733005315,0.09999047229651249,0.09881769329745234,-0.10789113962219439,-0.11858489275204284,-0.07041394704174696,-0.08608707189823098,-0.22561342636520923,-0.26776344726170886,0.10182968733147967,0.10794376911404885,-0.0099231384449697,-0.012172462504777036,-0.0770468836139107,-0.07266230951619487,-0.07999417948370315,-0.0822051433889838,0.10710366235259228,-0.08569647242022994
E_GROUPQ,0.007861996228756758,0.006209817828858516,0.043206349494520235,0.007890146576382078,0.007885668376234401,-0.05007710381527047,-0.15841862574772786,0.2208258398514616,0.08728813468043921,0.09074392004661254,0.09241927669826498,0.09484476174973425,0.07194340811020052,0.07250030701836989,0.02951764476914364,0.047775272513610814,0.047775272513610814,0.047775272513610814,0.1775653301843287,0.13585239622918896,0.06517847461862454,0.039080492002873626,0.09778151320173425,0.05483579125000824,0.18892496864886496,0.15451822397246504,0.12314590884865227,0.0903594064289846,-0.014527723269926475,-0.02926300324188498,0.115258221977405,0.08200258253271563,0.10575490458081267,0.10613624521269452,-0.12655069354814563,-0.13147200522909344,-0.3139308355821983,-0.2380578742567506,0.05449503893945362,0.008889178774662115,-0.04045968249281317,-0.030584101947666364,-0.21266973963891145,-0.1429531647330494,-0.007348195435417089,-0.02939873179200184,1.0,0.38721192447506436,0.26102370461765156,0.2653831682162114,0.09871983247511117,0.09727177182587013,-0.017170601682373256,-0.03902321369449591,-0.013139583405921898,-0.018781179871026975,0.0034067491378124448,-0.007620106090375247,-0.009826038665063737,-0.012004534563283514,-0.030653415153631743,-0.030641675315748667,0.010624319964356149,0.015222718343338364,0.05530498244302068,0.056683543576313326,0.06028791174384839,0.058513201736662586,0.0300370612684571,0.028121052729854094,0.002062112892437351,-0.00273574803384499,-4.5562011882473855e-05,-2.428102646521715e-05,0.06220949876390148,0.0641706832683288,0.007293494216692944,-0.007678045787630871,0.04783107400404543,0.0439199388080692,0.02140929046402275,-0.021108318835252746,-0.001379720106876996,0.0004039004224652297,0.06701606318480077,0.0654205675545494,0.02793489347659249,0.02794290041743415,0.040373514321096336,0.032414076422830077,0.0707851942432392,0.0723594251172433,0.0021964755841958417,0.002368041707923955,-0.017805928846270747,0.002368041707923955,0.002368041707923955,0.04465894538200056,0.04667353167939892,0.07495187613578928,0.06054777357493861,0.056202157848962764,-0.20382723965815105,-0.16833920457308255,-0.08207577288095212,-0.11510477126848492,-0.08666315687493407,-0.028472634043820156,0.26920616738237824,0.18171450625091276,0.15045063375327294,-0.11522727603296593,-0.08456101952161839,-0.023638770718866765,0.02359442643018441,0.023594426430184726,-0.004776140309398066,-0.004135514091268809,-0.004135514091268809,-0.004135514091268809,0.0062670018158950454,0.014184436799616874,0.0024354946859864524,0.00411183045437341,0.007885247699034151,0.006325863392065117,0.008557588976411559,0.007805160743594316,0.0029516648242216927,-0.014804994472563346,-0.018410477164828763,-0.01181618240005504,0.0009022063635865679,0.009513253562463499,0.012412076239841146,-0.029990453463776122,-0.03133828805790082,-0.024429327089850086,-0.0005399172868455062,0.001922019121703313,-0.01097151571630531,-0.004397927188894268,-0.007862213435907681,-0.007901308774345509,-0.018011976896790908,-0.021041256707108255,-0.018462101466903583,-0.02325130799119606,0.037543081631594324,0.06563824617131267,-0.042083059667389365,-0.024352534385807804,-0.013300310577209621,-0.006016056240823434,0.008217490010223162,0.013077084725466532,0.0024481007218523864,0.009081776292911178,-0.008958333344491351,0.018876000299765407,-0.020563748105587937,-0.01442216064904922,-0.003224969495350056,-0.012184253960143988
EPL_GROUPQ,-0.012275215847011559,-0.0461212246301899,0.045998394562644575,-0.012545474210740523,-0.012568346156635405,0.020115158983042364,-0.09982831366981604,0.18722336178586127,0.23411058764291443,0.23395752336958361,0.2537968776490772,0.25472659049607316,0.20044312777959894,0.19895967004573809,-0.011267519871173361,0.0014086856080635344,0.0014086856080635344,0.0014086856080635344,0.13773089312777106,0.13892824908023682,0.037785569040836506,0.07235274391450024,0.05172465172356744,0.055118205751783896,0.18149300770136242,0.19889402262791808,0.1383215287246654,0.14343197474485272,-0.05320764805037421,-0.03384545468965912,0.12210064361891708,0.14805041270670097,0.1447126899845693,0.14201789316581356,0.04522759046368363,0.08960040113292873,-0.17445570444787345,-0.17164081409442558,0.13103569094516954,0.14057654069772837,-0.028924390746885926,0.006696152859718829,0.04271226196771686,0.06706285423280568,-0.08202911631541186,-0.02643546589205531,0.38721192447506436,1.0,0.6744373796608734,0.6552283993481514,0.28971618209747346,0.2780599206294337,-0.008628153040245008,-0.05368610874496421,0.0549860622959526,0.00942571826222829,-0.004311186527991865,-0.016691183910667606,-0.06748577031426752,-0.06779038091509723,-0.04565346678637788,-0.04735308167500702,0.02060749230268886,0.039073528544352205,0.10488835972272434,0.1271028430698671,0.10442359128328563,0.12407854367681204,0.05102578140315823,0.06735003708409078,0.0010121636336873844,-0.006761567770757129,0.005047180527955675,0.004261541596030632,0.13995057234840294,0.14930074234192164,0.06512537174085875,-0.06468435589549425,0.21534644271244388,0.20387127874504438,0.11997533528955699,-0.12282374826709369,0.034510774767458875,0.032318284115109945,0.11785968633295218,0.12635306303839874,0.08024398876469543,0.08243681917885369,0.0316919827793092,0.06134186207519577,0.146896775968338,0.14694824265560502,0.029372938866256297,0.031228382202741017,-0.025641393304250328,0.031228382202741017,0.031228382202741017,0.1112129099411261,0.1166737994216169,0.1267104938491522,0.1271773527581833,0.09991295440107928,-0.006866625801501072,0.015983308195304052,0.024080288651954027,0.060465776459754025,0.08350398499579681,0.06511327497648858,0.11048994647709105,0.08976481059956107,0.07001672185014897,0.00043754537221647564,0.011372136457906095,0.012711124123122681,0.08859506546138994,0.08859506546138873,0.05235127869523796,0.05139546332680582,0.05139546332680582,0.05139546332680582,0.018180685171520425,0.02604147490448403,0.11032422953852364,0.10436875310960185,0.10403652454013089,0.10317104305874722,-0.0011590969782345137,-0.011158752599773284,-0.024258200108204214,-0.030156994539449068,-0.06587907867830706,-0.06659359905082161,-0.05213730775916583,-0.060419562936278176,-0.07186724288115301,-0.04192555263007493,-0.045788099044482417,-0.019209646792065615,-0.023000544272509495,-0.03098349190170694,-0.015841058955492055,-0.0029225468832907255,-0.016253418213518833,-0.016455874928214455,-0.09849044252728097,-0.09818454505364718,-0.037911741440083434,-0.03960859271813352,0.025561930381171216,0.029215980574545417,-0.033154880681348614,-0.04026832192702295,-0.019335513568981073,-0.023891671186740022,0.029581634617724804,0.02075236778409198,0.012179943208381469,0.012217690618136367,0.023531500152118395,0.025339797702958414,-0.0012991117183931019,-0.0030223832534983295,-0.00022126935852607034,0.04965257973649869
SPL_SVM_DOM4,0.022810715484366455,-0.015391733427800744,0.1840309863280547,0.02268384371584172,0.022710105469993844,-0.01599225832864063,-0.1407740570383064,0.06635394682417388,0.28269825919365427,0.29196674208627116,0.16907154732702723,0.16774307876800462,0.2838276203126138,0.2870987368869316,-0.17816986010694277,-0.18649609595116703,-0.18649609595116703,-0.18649609595116703,0.21948494569471433,0.2578633124312243,0.1278321588371505,0.21877102034146892,0.015151384830844643,0.025296143759742238,-0.07332215904599589,-0.03866878297823137,-0.024317188131333687,-0.009532094637895823,0.08215072226772828,0.137111809223001,0.29394918367563955,0.3432935196354699,0.1876220680850402,0.18700892479943956,0.1527162900987822,0.21150965221775755,-0.07466520309956115,-0.0800229325038329,0.31157910517306503,0.34365147181688843,-0.11603140926813013,-0.14292241073052192,0.1796913639364918,0.1896656548808195,0.4649032024290996,0.72024495613786,0.26102370461765156,0.6744373796608734,1.0,0.9918998181615937,0.4112212587270989,0.39885212709169166,-0.06378318988215756,-0.29956531424663985,0.016072739577330606,-0.038806441107986686,-0.3217053334158604,-0.4046048872987418,-0.14226710766929782,-0.13542633596966414,-0.3212379804631101,-0.3338906529711045,-0.039354412107588,0.013390451448152147,-0.1449943504842463,-0.055925450137575,-0.19605598635700555,-0.13877682666899144,-0.04566026473692052,0.07726971467691301,0.026895505050990233,0.06928812510571895,0.009107235283157404,0.009892388477666877,-0.030452999300130033,-0.023378843186971424,-0.3456447998162207,0.36086529743891865,-0.0022503973956480594,-0.030300835452481138,-0.2994842400112684,0.3096956997989038,0.33870364844305484,0.33771831494647203,-0.09227641551078927,-0.010058987505383542,-0.28817177908849023,-0.27453920145388244,0.006994282939985038,0.17118310419890623,-8.410876726319151e-05,0.014928408887239276,-0.203760377600618,-0.18665577784388257,-0.06525759817523909,-0.18665577784388257,-0.18665577784388257,-0.13338505138245996,-0.1358857995333364,0.21544166371983012,0.24419682701287013,0.15486032895735716,0.18521627083753298,0.21976792096579575,0.17543836599161836,0.3589209193901798,0.39491226145653235,0.33810135067037483,0.1934844334720157,0.2119848938859282,0.13665429236089807,0.20879077270596966,0.2525072084429566,0.18664718371306194,0.3234207871061334,0.3234207871061329,-0.05466344492327001,-0.044172527614415286,-0.044172527614415286,-0.044172527614415286,0.04952764775922795,0.10047419583900546,0.09965879617236072,0.05443489897013449,0.0792292665069271,0.06174961003406455,-0.008596378231827918,-0.022074986335048737,-0.0038817731891443007,0.0334200141870126,0.04501918633145696,-0.035615939420198264,-0.052419703948865214,-0.04681583944553938,-0.036698469476228145,-0.04561425067409457,-0.03900177815225934,0.19847116279188112,-0.12059379885706331,-0.09674991580143276,-0.018890082154917286,0.20326396465555915,0.24797030726022304,0.2587896023491386,0.025502181751704423,0.0327299650514238,0.047841508603365966,0.04595608013474397,-0.06221427710316629,-0.06951583656027949,-0.07430665273501473,-0.09219353446020227,-0.17945528184474613,-0.2140142750211457,0.09575424614667266,0.09333215096964097,0.0012328892558337036,-0.0006050609509226745,-0.03908262278931979,-0.03616011672643772,-0.059290619827930935,-0.06233368235802656,0.07935230219233887,-0.00980496925392504
RPL_SVM_DOM4,0.023763739575857687,-0.013695966909505818,0.17851520246334787,0.0236459722822158,0.023672331074721248,-0.020543968292410557,-0.1422112848209609,0.06963237249361941,0.28285464698941326,0.2922181593073477,0.16672426167358986,0.16468517884872155,0.28299581834713444,0.28638268184784127,-0.18128829900154153,-0.19008207727423296,-0.19008207727423296,-0.19008207727423296,0.2243768496072281,0.2620821660590347,0.12750323502625519,0.21828298148581143,0.017201426899475205,0.026257580546326705,-0.06867451217070572,-0.037103118353351915,-0.02077423613150214,-0.00758009481659337,0.08333534004887391,0.13779759797126903,0.2965740022619917,0.34598517255800615,0.1899598655858151,0.18895888962779328,0.15208957779758991,0.2100745786044117,-0.07932818232096743,-0.08283790199849037,0.3128705797062828,0.34480910176885843,-0.11733147064938305,-0.14682586653678972,0.1754279158014661,0.1870728346173505,0.47291737072592077,0.7273261867836511,0.2653831682162114,0.6552283993481514,0.9918998181615937,1.0,0.4092390725105877,0.3965541273677921,-0.06528075898807637,-0.30229727598179434,0.015748882663702793,-0.03883702333045238,-0.320963603451261,-0.4044059113496564,-0.13952600882730484,-0.13313614584387085,-0.32152934161072294,-0.3343657164155238,-0.03979741088036144,0.013045123905704307,-0.14423614472870455,-0.05623065594870149,-0.19502951953898215,-0.13884454316133843,-0.044861185148238336,0.07697550092497084,0.027650828276920416,0.07018213815308141,0.008459403482707267,0.009152413267740168,-0.030733266215454684,-0.023912704572784212,-0.34799879873564554,0.36316066590115426,-0.0077469940121901075,-0.03585156643337399,-0.30182059104406794,0.31265703453455557,0.33762711643931137,0.3367419855937378,-0.09171655100702353,-0.009595669759563132,-0.2889715672671949,-0.2755300060404179,0.0073105858633142175,0.1673003122645608,-0.002733916454990966,0.012135956168662112,-0.2042118722979971,-0.18709515338014024,-0.06646124158065028,-0.18709515338014024,-0.18709515338014024,-0.13488746963959752,-0.1372252589225894,0.2197492388120004,0.24847726024152722,0.15722398914864555,0.1838529651299881,0.21925129204215202,0.1774605142839509,0.35913410016938146,0.3960930204669142,0.34029765843757415,0.20159526665674168,0.21841961281812128,0.1413892542538565,0.20769706503032112,0.2523867740537276,0.18755745327854542,0.3274029740957162,0.32740297409571284,-0.05691472493205539,-0.046161246983148864,-0.046161246983148864,-0.046161246983148864,0.04667728102910239,0.09618344464964122,0.09655052792280189,0.05182526323990363,0.0755821203713557,0.05894296705983128,-0.00877813520725801,-0.021587390084738468,-0.002544343035573904,0.03230205380887286,0.044804367767616905,-0.03632424612422198,-0.05161443515866644,-0.04540457185749659,-0.03512082519941742,-0.04615230411890396,-0.03934711143073595,0.19854602239271107,-0.12187557921171695,-0.09764765213049079,-0.01745028329544508,0.20237345479613797,0.24806194676621104,0.25909169211084737,0.025700094245662358,0.032945354809059725,0.04538901582936411,0.043765168829157305,-0.06629515303422089,-0.07197619118294135,-0.07600795390691714,-0.09304871236959729,-0.18149010785288722,-0.2153935956093223,0.09267766794744987,0.0915241763967387,0.001332676479347139,-0.00029187868432424107,-0.040949380126981856,-0.036376350484471104,-0.06094886865662052,-0.06339010410022386,0.07932289173918405,-0.030135262510815438
SPL_SVM,-0.042326841981444305,0.04518598123550423,0.03661154140114628,-0.041978771239037205,-0.04194521002573944,-0.09337469690305521,0.10535903966496594,0.009723979057926595,0.8316793095971998,0.831991341375649,0.7745147644969772,0.7655099311249469,0.752004034190035,0.7522259175009616,0.5506621127259242,0.5233836271527762,0.5233836271527762,0.5233836271527762,0.8167916987795634,0.8462000609129395,0.7156311961631967,0.7961007125857954,0.4628701525628736,0.48637224444744337,0.5064307154802354,0.5537950664783549,0.6414135473516386,0.6607354116366243,0.5736781189338153,0.6382258858772497,0.6117438898275575,0.6617392604216051,0.9331026695083503,0.9289084751407486,-0.1013936621163257,-0.09932990780576328,0.17384113510995808,0.1675357478577412,0.4803329690086759,0.5100171177488009,0.43868803117180344,0.394786640660333,0.5835445454311008,0.6001489951533338,0.2509042333095621,0.2845803747766983,0.09871983247511117,0.28971618209747346,0.4112212587270989,0.4092390725105877,1.0,0.9924123761800845,0.0611514561002313,-0.051364951497189164,0.06914876962609208,0.05559354887189004,0.08026508326102252,0.054917693061322014,0.10261085342102257,0.12522496301186342,0.06470310895621076,0.04829310496462086,0.04323247058974415,0.02130888702129451,0.23155135859981266,0.21113296402587775,0.14771574842409058,0.11205057512499152,0.16652581150874857,0.14414004227064298,0.01621549117496443,0.012979826747914456,0.004694707919467906,0.004861825664721255,0.19849728739735448,0.19802083259408423,-0.01743287899606218,0.011228669800031297,0.2511929160131711,0.23806219182285074,0.1331659733607512,-0.128968742765628,0.08523307251354593,0.08085492897244888,0.22928823657431865,0.21520339280276293,0.12590721396668444,0.12834336192897214,0.048585683304543756,0.05365813086790122,0.21227777584592727,0.21225232009525705,-0.046020199019449544,-0.053926638207183894,0.0230876290064116,-0.053926638207183894,-0.053926638207183894,0.2163918500016804,0.2122749467592158,0.4827591458636656,0.4789846183397107,0.39818378237070945,-0.3448422423342408,-0.36962405133111875,-0.2627264859303191,0.36885444194041334,0.38455276176532766,0.31859940467193304,0.6507526971928455,0.6923854415764144,0.5641798813505019,0.657361735996947,0.6797373525010619,0.571879623175165,0.518612248328579,0.5186122483285771,-0.048033341647736344,-0.03480589537214632,-0.03480589537214632,-0.03480589537214632,0.0008370883943260252,0.016802066761289446,-0.08835227594876603,-0.10029339617415367,-0.08796290574135583,-0.09888123126689083,-0.045128706861989755,-0.0405973438428555,-0.01793910594491197,0.16408437411471058,0.173927274017399,0.10395216504927031,0.03194411939871306,0.047052449361830936,0.013145270093158027,-0.06922995575846991,-0.10203657422415637,-0.08879148672052042,-0.11231842341999657,-0.108288344696834,-0.015826459768676974,0.03286359333609509,0.040997825369532094,0.03660056023055144,0.013726883353167808,0.013467609544600663,-0.04306146292374568,-0.04941781096402528,0.3012916890917723,0.3618637039238551,0.3622562995400809,0.4361917593887189,-0.12039618063222961,-0.11846196473673012,0.09650053403106258,0.10006501646898391,0.03760451116770127,0.03740896187386794,-0.10050616979397552,-0.053674715704109664,-0.007442527756963356,0.0073263650052800815,0.08140947754835597,-0.06703876952709616
RPL_SVM,-0.042387002519852224,0.04631409467337244,0.04076637479610943,-0.042031665197380684,-0.04199709013089579,-0.09635709265251807,0.10504677230169454,0.0063285721071930255,0.8346938821845303,0.8400446552340631,0.7777152202352219,0.772133650264234,0.7545582271332476,0.7587228209827406,0.5478989679892703,0.5212917547829047,0.5212917547829047,0.5212917547829047,0.8147683873733719,0.8500960887115956,0.7117809908842994,0.7992307939135386,0.45572084167049365,0.4811274271401081,0.5010436084783267,0.5491929185542136,0.6345792411780059,0.6563513617516976,0.5734311396893235,0.6389616018735669,0.6063012192959266,0.6586177838610457,0.9311706342140011,0.9351957162936806,-0.10871381109335498,-0.10816466191528595,0.1768155398271403,0.17144404728866797,0.4757224984195449,0.5042599269462221,0.43383495884775203,0.38760180893385887,0.5728333823245122,0.5940599744479083,0.2561477520758906,0.27878417958565155,0.09727177182587013,0.2780599206294337,0.39885212709169166,0.3965541273677921,0.9924123761800845,1.0,0.06113858684691782,-0.05111180264730594,0.06616377903809117,0.05419463886466322,0.08083571248957333,0.055006652541196514,0.10326976415041085,0.1262580279859357,0.06455304188525364,0.04831412320061301,0.042372768763550894,0.01963881661898923,0.23018726510478232,0.20953037556528128,0.14514995041667536,0.10857913193187375,0.16533385060903133,0.14222609505414485,0.016982273793074685,0.014092364078766214,0.005379228145063554,0.0056094265728019645,0.19524251344991547,0.19449957663225778,-0.018902938634254962,0.012789907865875257,0.24951420661708268,0.23667352556590524,0.1306547266085262,-0.12645509126092994,0.0866355577038283,0.0826653151787268,0.22773548208636227,0.21361802280882944,0.12257867429065016,0.1249838074142877,0.04810541204319861,0.053035120953395236,0.20963139903917452,0.20981876698119017,-0.046180583019917475,-0.05390725351464551,0.02348356273599187,-0.05390725351464551,-0.05390725351464551,0.2141056232080819,0.20968116856850727,0.4821619288225452,0.4789435636585865,0.39933703207487126,-0.3472877354169055,-0.37176739427098054,-0.2660442304815669,0.3632379275949241,0.3783712326729063,0.3154305265814513,0.6506301935952277,0.6951642175304084,0.5692108495890484,0.6512399001637352,0.680086567076223,0.5760914998411988,0.5198831797433496,0.5198831797433444,-0.050890055597315145,-0.03807772042236734,-0.03807772042236734,-0.03807772042236734,0.0012289793920997368,0.01873428800794232,-0.08677018927641508,-0.09887639233006211,-0.08609681325639276,-0.09730665188465776,-0.04588793452108255,-0.04189837919375072,-0.019498376756001693,0.16318216486915538,0.17403027191622797,0.10534558971904036,0.03026894188367075,0.04516907229759974,0.01322756771570316,-0.07155254790441086,-0.10420415606237532,-0.08972641473050877,-0.10825210881841009,-0.10374590934491477,-0.015911482415481484,0.03399156565122534,0.04226653231457326,0.03793571141865151,0.013847393331386341,0.013216078612277063,-0.04348336545732818,-0.04997888627556999,0.30113732410945104,0.3621899031971446,0.36015482205887345,0.4329263807095588,-0.12392197545313834,-0.12119084259422482,0.09702502725107305,0.1010969466698288,0.03831202553475874,0.038191916857460685,-0.1013123849622073,-0.052299672928062355,-0.007713425325360542,0.0073134955831494755,0.08274279051012774,-0.06646692875629652
E_OZONE,-0.23556410013303114,-0.06047793668360169,-0.06782819183702292,-0.2355922015670864,-0.23558389589963724,0.06715977422763891,0.10475949726618686,0.024050640811918857,0.06957699612069253,0.06858887274774778,0.15371367165058916,0.14797413625169062,0.0676345464501824,0.0625117172053921,0.20596488029066476,0.20063152021311761,0.20063152021311761,0.20063152021311761,0.0067462029008217095,0.004526754201406697,0.1337992453996306,0.09636598300025219,0.06487628942548747,0.08782616798134481,0.04739457301585569,0.048013219483460205,0.09151000839207468,0.09333164942676477,-0.009606758982801564,0.0011251244162686878,-0.07487796177306145,-0.0784382190591262,0.05085365643221726,0.05092845932466938,-0.08553108464343932,-0.11284397961889121,0.07266720069625958,0.07824598107121469,-0.08598147758307151,-0.09558970617293977,0.1567013655035013,0.18976779603633334,0.04723772287911416,0.05051926137043187,-0.059468775751165215,-0.07754826840613742,-0.017170601682373256,-0.008628153040245008,-0.06378318988215756,-0.06528075898807637,0.0611514561002313,0.06113858684691782,1.0,0.42697541105985143,0.24906939902577035,0.24702470604376944,0.08836654220161509,0.136072896489419,0.07460701176107859,0.09118150539012337,0.36249901768030185,0.33228537366506844,0.009231183014715226,-0.0002605229335004761,0.03947201194423141,0.010850984984966667,0.2031504283777385,0.1822434893430781,0.040199927120829884,0.009378129938661332,-0.018952897986285012,-0.031098316556545998,-0.002165168004572719,-0.0025361417784218092,0.07938365094593773,0.08173290829058372,0.1312199280433024,-0.13601304546967832,-0.0006092751344322995,0.004131892837070462,0.13418268505790246,-0.13889822697103538,-0.1508926529436092,-0.15222496862394158,0.02488275283472784,-0.0027814267654238606,0.10855222775308229,0.1051458400231397,0.023748294572595932,-0.025499505150046623,0.022236005404858886,0.01415760711978198,-0.06405848423557267,-0.07756454922541584,0.0076209183139239155,-0.07756454922541584,-0.07756454922541584,0.18544709253613606,0.1779307241862128,-0.055604226809373214,-0.05421663071132299,-0.05323420240044868,-0.13500787094910352,-0.1512259691492698,-0.10102186626640663,-0.12749104087123755,-0.14665187962894302,-0.13315857245726542,0.009967552499716334,0.01640019521425002,0.016973706588309385,-0.019801041722632674,-0.009610984486479575,-0.020043359809869356,-0.09452484067740555,-0.0945248406774056,0.18954069923883807,0.19991209110170607,0.19991209110170607,0.19991209110170607,0.04848764575197257,0.04418045830050437,0.011876769891743806,0.04407684172614121,0.053514867935204616,0.05301158841740862,-0.041599628467428304,-0.055236960966785244,-0.07387887434417528,0.3394304908291389,0.2548382034825013,0.08161023804084765,-0.12584875313967064,-0.20338663334680182,-0.22211427120563698,0.16230648077471757,0.029158602183642423,-0.1514037624888615,-0.13721176676628127,-0.18160850351353297,0.005049095458153448,-0.09018338241823852,-0.11010557591720017,-0.12992686465292827,-0.09270279493940752,-0.10336428041573285,0.010532784553764185,0.006426972535570607,-0.03889706799516755,-0.05269394082899032,0.2868131221356279,0.2920193806517028,0.09551745834662695,0.09645588148533754,-0.014049762314635277,-0.01753076673380263,0.03561610835054518,0.028300711151109683,-0.003485514548136333,-0.03091402617815544,0.011891936009906698,0.0028473251217936437,-0.03054115245436452,0.1028220173423465
EPL_OZONE,-0.16067077015481207,-0.04979918042529127,-0.1051002219415074,-0.16074494750795468,-0.16082742620171567,0.08660367731998397,0.13968531616025806,0.05000409316987613,0.06171044658765142,0.051964589340723184,0.2465100595422225,0.23842468505336112,0.08447963428405816,0.07322708415574998,0.294608826610209,0.30241939906408527,0.30241939906408527,0.30241939906408527,-0.09020662294541068,-0.11552505897466195,0.06996230088123434,-0.0026962547842880502,0.09305565823768866,0.10725152449424985,0.1361192864111847,0.11486360001015776,0.13261987471994321,0.12560241661848567,-0.031106448386565528,-0.0751254332413616,-0.18977530468197912,-0.20734214521300118,-0.010909777001058529,-0.01354063607502509,-0.17110441123766815,-0.2047287729631334,0.06800200018022397,0.06945282641834286,-0.2255505938297997,-0.2488908530167673,0.22162922261429524,0.2807715221308795,-0.03897552336793876,-0.039060599824067385,-0.2737042882470194,-0.354230290347998,-0.03902321369449591,-0.05368610874496421,-0.29956531424663985,-0.30229727598179434,-0.051364951497189164,-0.05111180264730594,0.42697541105985143,1.0,0.17516146064238364,0.24212205055000757,0.3526457211168695,0.4319725207090971,0.11090826228081413,0.11753267091619057,0.7019865110426298,0.7000088174866254,0.06261177319209084,0.037279549381103796,0.22844083276364222,0.15807821225317373,0.33731820830704184,0.30030630075578646,0.0828071616401282,-0.009522075435560872,-0.062445173678222776,-0.09050529102471877,-0.008258511424678847,-0.009673501459225358,0.17822570241591915,0.17794108918807036,0.35790040343517365,-0.37485573248185217,0.13263604287414787,0.1501162494110598,0.3608167276515813,-0.3681289384520187,-0.2997098817214378,-0.3016287293486479,0.1586129638514582,0.08808683829631336,0.3157952670163895,0.30695175693707955,0.00947373889788338,-0.11068876088218103,0.09806111640879041,0.08410080701514136,0.1833681008096253,0.15159716674355025,-0.017027771229772292,0.15159716674355025,0.15159716674355025,0.4383163894246183,0.4345298492652557,-0.09545729632911228,-0.11465969881615547,-0.07440363740569819,-0.2600545423980272,-0.2806702633449045,-0.20742623113188063,-0.3168345334802348,-0.34080510056984475,-0.32312200740043595,-0.068228335531831,-0.07658414539746054,-0.053535349558247035,-0.1449162200989211,-0.16593921330324515,-0.12932784424304541,-0.2564593227379827,-0.2564593227379816,0.29207371402452753,0.2770048292628197,0.2770048292628197,0.2770048292628197,0.01920188959076908,-0.0027930058996140945,0.09407302268770086,0.1819974871529926,0.16752399991870442,0.18019650528855713,-0.04879403319504814,-0.06767865706612483,-0.12903993734924973,0.22874529907184546,0.11454863460262389,0.0513715505610329,-0.18550603041984465,-0.231263010379628,-0.09934266473544025,0.1291027068685521,0.053609921148764506,-0.288223622869939,0.11997195514479611,0.07704965893525796,0.012038182146604615,-0.21863618067342944,-0.2690627699070607,-0.29114129962444946,-0.11384668415159889,-0.14787217892929017,0.07667714186524581,0.061220682647459605,0.019921148203541964,0.017899983655079513,0.2739536508914331,0.2939661754115519,0.1889253252684289,0.2080912859563721,-0.02294156819886515,-0.02764316465824161,0.022176170907206215,0.015933903430421295,0.015180412319786871,-0.010668497108439898,0.05248848319840437,0.048574998671282704,-0.05830263469996015,0.3312191570928947
E_PM,-0.24554139223928156,-0.11078176832639108,-0.09243775191382089,-0.24587117227918204,-0.2458117459438423,0.08822139981573854,0.08315320124459939,0.03976427307560988,0.08671693936539299,0.08478990226324631,0.18110507072960016,0.17334306830951593,0.04628595331487629,0.04004887185587516,0.1737973565106261,0.1828541298589839,0.1828541298589839,0.1828541298589839,-0.02300598588826411,-0.023224015326341624,0.11989129918956061,0.07192724081303505,0.047199668023054794,0.07788516678334509,0.08707141872656314,0.09684386408054328,0.061493171181934224,0.0662445502403663,-0.06114058248129325,-0.05316345842715195,-0.0983472874740969,-0.10410517067839216,0.026463871340161604,0.02513899874327134,-0.06056125466869363,-0.07526252097782181,0.044006738722549524,0.04595237359081911,-0.07133761544932446,-0.07283038677028987,0.1797091727548303,0.2126511792995138,0.07788179439588666,0.08354567099289713,-0.04870781324691967,-0.030071617195472817,-0.013139583405921898,0.0549860622959526,0.016072739577330606,0.015748882663702793,0.06914876962609208,0.06616377903809117,0.24906939902577035,0.17516146064238364,1.0,0.608059233003461,0.014084760327143295,0.05266097840235805,0.07096928950755409,0.09181247716475516,0.3968446880233704,0.37252135705810274,0.004739972659604981,0.004018360116118225,0.011519422592462218,-0.011902354217065907,0.223496740050656,0.2053828146731861,0.05698516407253349,0.03198010041680645,-0.019415675233545076,-0.03332928914628326,0.0023870699660711193,-0.00035857862890667285,0.0917281241093324,0.09248803033212585,0.12934411854832065,-0.13414151551890985,0.016856203957056337,0.01672103134084994,0.17010080750509532,-0.16864620659341317,-0.1635312666264916,-0.16680388125666656,0.022984110002116146,0.00851411236337439,0.10641502550200481,0.10823873541451919,0.03275456235724339,0.011705307265453123,0.05446528086643053,0.04629401644156867,-0.027912155556816864,-0.03641987446521735,0.041936922128949505,-0.03641987446521735,-0.03641987446521735,0.22578593631793217,0.21550887362624654,-0.04897296278438279,-0.031648828380571856,-0.021324820246516742,-0.0968438541598012,-0.10654018995059482,-0.07328911983558488,-0.14876436901995008,-0.1638083880009644,-0.14155658562131104,-0.006095540277760657,0.001240890376774263,0.0062008238663703455,-0.08764471261781623,-0.08418535766147014,-0.07986309563065652,-0.10091557464525971,-0.10091557464526038,0.2634994830165827,0.2682191210984486,0.2682191210984486,0.2682191210984486,0.11690454709736667,0.12085907305215336,0.35685159875605454,0.30960123022349195,0.32122431166764476,0.30623439007030034,-0.04964949342986534,-0.05481384291692135,-0.09220883874736002,0.43943642255464205,0.35103435654342874,0.05915675776241195,-0.22336551741474542,-0.37556755064435554,-0.5863235685549695,-0.10437830675364798,-0.13284070328960815,-0.13163050584701053,-0.3508781528861784,-0.4792437695710737,-0.023469118060902343,-0.10357846872023474,-0.12779368167527674,-0.15415499626611445,-0.3263032601263372,-0.32673364248394415,-0.09345114118066503,-0.07575890308684027,-0.11999422940987187,-0.1395287090440014,0.24197233467879195,0.2438966470364978,0.24441815908273803,0.24886275693067972,0.002478101873305944,-0.003254769953714111,0.14570526657976252,0.13436704602474694,0.11321995504062035,0.08066323483677944,0.012422396845083495,0.0017009144085522064,-0.029447398808012865,0.15069700575126668
EPL_PM,-0.10833175765115542,-0.007620519533918229,-0.11411296095083538,-0.10821960784322814,-0.108177959461415,0.0952134989695314,0.09923668598756546,0.0545713209358386,0.10762827258222858,0.1048431433239006,0.2305103546146219,0.22509909610252016,0.10002778511916098,0.09033664116637867,0.19620568236315505,0.21262334359299684,0.21262334359299684,0.21262334359299684,-0.018526891875232234,-0.023015890726125456,0.10694735861077762,0.04409472468624761,0.012748824358402322,0.04173688727859862,0.11118941128230321,0.11675563697932156,0.06349795279084229,0.0670674297216107,0.07955725302002387,0.06035407438242657,-0.10971723274712696,-0.12623011010412083,0.03627847531874012,0.034786780773565715,-0.13009044268897493,-0.14768469426962944,0.078574613322109,0.08402351919685418,-0.11106227010824891,-0.11562838316848982,0.17038272399621399,0.2143749160437973,0.03474983481541766,0.04170525064795508,-0.07498483488374394,-0.06142777471851178,-0.018781179871026975,0.00942571826222829,-0.038806441107986686,-0.03883702333045238,0.05559354887189004,0.05419463886466322,0.24702470604376944,0.24212205055000757,0.608059233003461,1.0,0.02739789515065837,0.10939446012527147,0.0611691233448344,0.07488471309610685,0.6164761623934162,0.6010175985189968,-0.007535002060510028,-0.011225324257471593,0.03867745612894153,0.01184633875021594,0.17873427648818865,0.15857999278005425,0.06909592391155242,0.04809486027918946,-0.02353472257022431,-0.04654410941824986,0.0013870954176715196,-0.0026553814806150274,0.08267405432069917,0.08302687096037271,0.1559695807967673,-0.16308896498768588,-0.01907943690643229,-0.01517908982894419,0.1933176215477328,-0.1955590625690539,-0.21815464759573155,-0.21906947875534422,0.00015480885079156343,-0.017185744997320965,0.14481669291481797,0.14559112247119763,0.04194507220907496,0.009439522036182736,0.05220161249629015,0.03888317995497053,-0.049076060744581866,-0.05837976516562521,-0.020558320264917187,-0.05837976516562521,-0.05837976516562521,0.3156210467394551,0.3042668491942232,-0.06891100128323195,-0.06307839938810311,-0.04278608272147108,-0.16858215554385184,-0.178377783263087,-0.13600577523590324,-0.2129400074588609,-0.22971913335200117,-0.18598525589967743,0.019261619693068503,0.02577128208505723,0.0319099761387402,-0.0977459159038202,-0.11363591937727775,-0.08001612291980323,-0.13441126061762548,-0.13441126061762507,0.2862365272157955,0.29557258053416574,0.29557258053416574,0.29557258053416574,0.0905972923274975,0.10674663314888683,0.31299704594979505,0.2939943126461548,0.3027173491267263,0.2934315900748228,-0.08492212497749548,-0.10090416122506178,-0.14346234797639837,0.4654635947939627,0.4082696448635617,0.08276226577329011,-0.3110784481526614,-0.45067120207564415,-0.563401953291907,0.005065535450487612,-0.058877355142291095,-0.16077143323169263,-0.2538497239061881,-0.3540794276319672,-0.013024275222796488,-0.07947356004067925,-0.10662816334361484,-0.1349767748135008,-0.2567636543941186,-0.2510272924640311,-0.011289621053692049,0.00027261036200755675,-0.1076127900757962,-0.12529992073762317,0.2628992415313242,0.2749985547678881,0.20035528060912303,0.2050759006138885,0.021039233589762323,0.012185568659205922,0.1460790673784808,0.13523480131756513,0.12506801173881013,0.09520296623460275,-0.002713498150143216,-0.012331359898305982,0.014015909601877046,0.3693763317607236
E_DSLPM,-0.019071730909125062,-0.09851898794187218,-0.2456660736739714,-0.01966746318647437,-0.019631066445368085,0.012898074620687606,0.16591437238808024,0.1275055267709219,0.17264714637090356,0.16447100867891604,0.37947603462379015,0.37434795996198067,0.08485354730110777,0.08064316129370208,0.4042989987122206,0.4129602690727373,0.4129602690727373,0.4129602690727373,0.05567518079970142,0.03478282364757424,0.12424904849495093,0.07806775944320003,0.12373207465329586,0.12728045389670922,0.43713832406174224,0.40456226249446303,0.3123579395816284,0.30042366971735945,0.03927680179603889,0.026391206329379805,-0.0859211799451013,-0.0990741723467566,0.17523178715028653,0.17088888125897828,-0.21193095677330856,-0.25326800401369604,-0.07478507606881911,-0.0658259520793904,-0.18803162351716804,-0.21312982300525624,0.33439462539975967,0.33566613747407664,-0.0888913284690887,-0.06354762107400103,-0.3242438060586476,-0.431281835293648,0.0034067491378124448,-0.004311186527991865,-0.3217053334158604,-0.320963603451261,0.08026508326102252,0.08083571248957333,0.08836654220161509,0.3526457211168695,0.014084760327143295,0.02739789515065837,1.0,0.8560512470626298,0.3846463025940821,0.42983334364971304,0.5885295559592816,0.6002167208078432,0.13956552817096668,0.06044694925198382,0.45001335997360115,0.34550833181571555,0.49374484066610197,0.3950428936355075,0.16461273409081514,0.015450318369003083,-0.039269675688500365,-0.07621544754702883,-0.0071925474876110345,-0.008184057894631728,0.3069122285317322,0.30563317245597826,0.41984191135468024,-0.4468874796264981,0.25953995896272675,0.27771134056863017,0.6175912162623725,-0.611150981679725,-0.4118356211713135,-0.4097262561502733,0.39752754977936217,0.2973043654493875,0.5131048911914565,0.5071228131525272,0.03644177361201539,-0.15143918250868774,0.2726151944798087,0.25819616413164226,0.347830760444041,0.3195206168524139,0.1158909424814759,0.3195206168524139,0.3195206168524139,0.5082237390625248,0.5093876797867152,-0.12361394223199813,-0.14255617964164577,-0.05138166410246327,-0.40414234789004394,-0.4431658299782671,-0.32601523962017515,-0.34151558449147207,-0.3643076495283426,-0.3000713060983897,-0.0012383744214886513,-0.015127505121361717,0.015171690967567616,-0.11769894276174393,-0.12774091166776366,-0.056859622131199446,-0.23411543093170184,-0.23411543093170514,0.007892170719025718,-0.008062013602807526,-0.008062013602807526,-0.008062013602807526,-0.07690417934686866,-0.13085254104376387,-0.13665746350781377,-0.07879540150983604,-0.11062328655826785,-0.09106058091872969,-0.0012376463514855614,0.02035445768499838,-0.007028011314847736,-0.11438013602841322,-0.14866359780823535,0.07771184471543194,0.10719508752912342,0.10974416240101327,0.027013160971674877,-0.07169251796446678,-0.11255890545568766,-0.3914431013510179,0.20629878484137074,0.16095561992165414,0.01627738366730734,-0.22803457776440625,-0.27130078617352116,-0.29191475312535076,-0.0941474724356572,-0.09263589546371916,-0.16452587429618715,-0.16403461629237887,0.18559279206095752,0.21055768498373376,0.19129152288135934,0.22752714835244855,0.21520602356664958,0.2867504509440032,-0.07607481400881949,-0.08314376260753782,0.024652034482043422,0.02853898171501598,0.0222030074054694,0.029595210833541698,0.09869401239529277,0.11246683149215789,-0.09283688372314097,-0.10329317586067856
EPL_DSLPM,-0.07224174687715366,-0.06297893729313979,-0.29788624980628603,-0.07253555940083024,-0.07249767903749982,0.05984219620552627,0.22586453068045878,0.14454781990006665,0.170647312523592,0.15591855336062713,0.40668757042777154,0.4007922286736796,0.07270762917890748,0.06529894797308297,0.4603547997608965,0.4823950727157481,0.4823950727157481,0.4823950727157481,0.03994454319941243,0.007240301147140156,0.1014106060434913,0.0426705922673281,0.12241935415672,0.12657875601139096,0.43320299289579806,0.4150890595164944,0.34596418063604567,0.3388358330142453,0.05892101229106524,0.03859154482712024,-0.15731967674072322,-0.17819981208274782,0.15884508935558986,0.15498001497410094,-0.2621561546699248,-0.3181484646835028,-0.030033979873074695,-0.019459918245124535,-0.22655631935007595,-0.2555771050378609,0.32375059823424607,0.3760225762573847,-0.09805282304562529,-0.07739321109426502,-0.42445085012747663,-0.5319740016979285,-0.007620106090375247,-0.016691183910667606,-0.4046048872987418,-0.4044059113496564,0.054917693061322014,0.055006652541196514,0.136072896489419,0.4319725207090971,0.05266097840235805,0.10939446012527147,0.8560512470626298,1.0,0.4353068608358221,0.4649072920084703,0.7185465258766645,0.7314766084307088,0.12387380328586343,0.054848184655179766,0.48974316842983084,0.38094162525305175,0.4903910952025579,0.40955323101350655,0.22183498004527466,0.05637667819407094,-0.051606983669565384,-0.10452364530356646,-0.010553613689133578,-0.012108646644413558,0.3397724369907246,0.33473279345291296,0.5451522458788828,-0.5743011502173255,0.2549484683441374,0.2788720279599539,0.7101159561897581,-0.7172979686982074,-0.5353815251000572,-0.5357817577151125,0.4075239037259446,0.29126701383822506,0.6394819616375359,0.626275990790468,0.04066523703655304,-0.19753624448135146,0.2848744334300658,0.2582561679481927,0.39616713209812504,0.36363758207286156,0.12200610757877613,0.36363758207286156,0.36363758207286156,0.5740025237087848,0.5775585181433219,-0.12432594718812298,-0.15360784442748204,-0.058312739125024604,-0.4436848808453084,-0.49306249223165327,-0.39222099098154173,-0.4034069973657503,-0.4381898767724448,-0.3810069413104334,0.023799262679525424,0.005034340926617435,0.04514232998007081,-0.11571289923258891,-0.14373269453671417,-0.07450277785074547,-0.2802987204155421,-0.28029872041554893,0.007766408617656844,-0.006473274915971711,-0.006473274915971711,-0.006473274915971711,-0.10679265812486284,-0.183736286261322,-0.1802352287916694,-0.12833441442913768,-0.17169685050923503,-0.14526538816935702,-0.014235008583560336,0.009787429461664082,-0.010454138615141283,-0.07712395031687776,-0.09445637366265956,0.07024986082100888,0.07905212490569277,0.07008714494269233,0.0260241718724956,0.007404971401829479,-0.030241747515255418,-0.3751242922876069,0.18507359196467468,0.14218582456489293,0.022732846367755372,-0.3070338363266128,-0.36213063759154446,-0.3720937453941482,-0.0936597181765654,-0.09032842551221167,-0.19307193279412996,-0.18820427791396238,0.24777936328029915,0.26886792398946285,0.22255952264420656,0.2504120444291841,0.23552392379041498,0.29018912035448235,-0.10572861053140473,-0.11647696607116413,0.04272337421998185,0.03993707078444903,0.05813044657617504,0.04931900405734383,0.09755853728782977,0.10088306382581363,-0.12120941721881201,-0.1170155370958988
E_TOTCR,-0.031828783622888546,0.07926409560678926,-0.16223705993134907,-0.031286570191753495,-0.031233709369195516,0.04767252071475108,0.18766331288241003,0.07480556461493504,0.16640321686924167,0.15949397709495175,0.2694608619230589,0.26511495240074473,0.10490375641295384,0.10085074606416793,0.2916956036298549,0.3080991843719858,0.3080991843719858,0.3080991843719858,0.07853441513837,0.06887852529348162,0.1291200165475309,0.1117638867117472,0.07671589872539751,0.08479382822943334,0.19952424764739288,0.19248523214521812,0.15015525114993233,0.14743895000518076,0.14007301380269432,0.14059440374193916,-0.015911101547409476,-0.039095533402152535,0.1425405715982951,0.142486272390967,-0.17728769420932047,-0.19434237745069996,0.035584297520366556,0.044285303308071795,-0.056732937675664515,-0.06820362339496167,0.15127305164615154,0.14687913890648258,-0.03085620473467359,-0.020085420485772006,-0.06395207272077628,-0.1289812686025904,-0.009826038665063737,-0.06748577031426752,-0.14226710766929782,-0.13952600882730484,0.10261085342102257,0.10326976415041085,0.07460701176107859,0.11090826228081413,0.07096928950755409,0.0611691233448344,0.3846463025940821,0.4353068608358221,1.0,0.872797532777645,0.5108186391885469,0.4967890146867844,0.03902369320387866,0.010871080140840927,0.18234527618173826,0.15354981884826013,0.18318539579010512,0.15483151077942858,0.1147440062529002,0.054083282717102686,-0.012615168000052336,-0.018354133624199787,-0.005378071024499775,-0.00704705874924635,0.14648203673730847,0.14039249603639364,0.10800083376212143,-0.11803524557107928,-0.020799515094209794,-0.013007036112535845,0.21312536472296206,-0.21244536142561368,-0.21049595418726766,-0.20361311525666975,0.14675683810841617,0.1088906825305797,0.2328401137904892,0.2292228693886328,0.02614675699001395,-0.09084350147888534,0.09347822597930489,0.08091336445774301,0.06610068977220777,0.05994282629053498,0.016529731336206884,0.05994282629053498,0.05994282629053498,0.32848263842328546,0.31585203984940496,-0.0818871777434279,-0.08675045229207425,-0.046383633080449155,-0.26646707884620835,-0.28515615109807296,-0.2383572200819993,-0.16433244062278465,-0.17656893027028334,-0.1432842920831408,0.09900824467057864,0.10876788116704213,0.109115259265756,0.0788862572510215,0.0688558348981393,0.08704738460642375,-0.0753382509842178,-0.07533825098421866,-0.2784609008806974,-0.25308946224396683,-0.25308946224396683,-0.25308946224396683,-0.05033960785069297,-0.10346491432326141,-0.28980717151413327,-0.30726996350107505,-0.31404212765724066,-0.3127933872830237,-0.023514548798712412,-0.015137465073954092,-0.02538545559728285,0.06950701634077372,0.12930760840744948,0.16415443782230799,0.07662137980973678,0.1812237730331474,0.12947426365638828,0.02654285574434719,0.010562149930314027,-0.09640615422024286,0.05729286436505264,0.05409487263295613,0.01526478104478617,-0.09333270052025495,-0.07076029484371715,-0.0594774720796249,0.13733481203059097,0.14886623609731367,-0.1110293303590464,-0.10870923289516993,0.24918607011905547,0.25848973160711497,0.11326001016981277,0.11340423988660761,0.09573977470858014,0.11533704350686713,-0.0790639493616736,-0.08846219791851287,0.02007484516810072,0.01811908003162753,0.023153691673700103,0.00680444636748162,0.028873898565278056,0.02527529365170094,-0.03403906537125938,-0.36893350341257813
EPL_TOTCR,-0.05179802763378155,0.06328369425189587,-0.15510357735051758,-0.05132610283508202,-0.05125218237597379,0.031940733307608334,0.19235827438389605,0.070966845419367,0.1817892460654625,0.1748945657371262,0.2939710045000564,0.2880107774913941,0.11549173026339425,0.111886520706418,0.32397096797003944,0.34114010427077224,0.34114010427077224,0.34114010427077224,0.09665470306126575,0.08854241218314099,0.14544516799159454,0.12704835195557454,0.08301046478267253,0.0922634458716602,0.22198366478662704,0.2128763340202152,0.16328939346630522,0.15877478165451203,0.16121570576822147,0.16894912827035483,-0.003315947849733036,-0.029896919912693738,0.16489586669005227,0.16443338805584903,-0.18884470069637313,-0.2066004348065067,0.036884597906379823,0.04567212577941675,-0.0597507154284661,-0.07237519419991172,0.1701312696402542,0.16113043813802674,-0.030268182041564125,-0.016910778377793343,-0.0547877254935205,-0.12000849952895379,-0.012004534563283514,-0.06779038091509723,-0.13542633596966414,-0.13313614584387085,0.12522496301186342,0.1262580279859357,0.09118150539012337,0.11753267091619057,0.09181247716475516,0.07488471309610685,0.42983334364971304,0.4649072920084703,0.872797532777645,1.0,0.5721287326354666,0.554822795553498,0.03645499689348988,0.002243309855897924,0.1746142284778758,0.13885404599812642,0.18768975641317429,0.1449241117301231,0.10096418620546745,0.03553012885723614,-0.018965162726139913,-0.022924566872091167,-0.006151448286435175,-0.007297993044058716,0.12538789283893254,0.1193170714294475,0.10588086592545144,-0.11642017869312715,-0.020528077642867404,-0.012973329054088845,0.22899758569629827,-0.225583914293864,-0.21920811413847596,-0.21361008240602478,0.1420255127343077,0.10268455313713583,0.23379150908308655,0.23103879497925225,0.027402454426774917,-0.08529204290748871,0.09414137437637413,0.08181421522574875,0.05871905245073359,0.05293837938995262,0.01312632497040737,0.05293837938995262,0.05293837938995262,0.3452157311523379,0.3309770370586914,-0.08932552091391598,-0.0935973679707702,-0.05115076672759933,-0.291384417939982,-0.31041140243464554,-0.25636010613017746,-0.1781379935517363,-0.1917222869966369,-0.14995774904200626,0.10294870685783028,0.11114820878714232,0.11347371484158184,0.08217791425846255,0.07359088905774033,0.09259143982718886,-0.0816815060630194,-0.08168150606302056,-0.3044133737498319,-0.27726020700637216,-0.27726020700637216,-0.27726020700637216,-0.05226756337808184,-0.09255974328915134,-0.2955975287980225,-0.32785377109464936,-0.32993473131387113,-0.33260754144851845,-0.034442354065739006,-0.031527966223261226,-0.04551860915363887,0.12627862313289812,0.1866418524740947,0.20552438177541257,0.06893490799766114,0.18033316599548307,0.08748864012996897,0.01208654758230442,-0.011041451963832237,-0.11543021740722952,0.04544845322797199,0.037259172078260704,0.014419849523803204,-0.07331673087322575,-0.05767761949279022,-0.049198113317352764,0.14629661325067841,0.1607297610569462,-0.1194671682195094,-0.11712573097982926,0.27593629543046816,0.2844988083894698,0.1127154750236749,0.11921117920194783,0.10822454382133206,0.13176301747538965,-0.05310929072805419,-0.05990860246594683,0.024893042660877662,0.023241465738465233,0.01900727546361645,0.007121323707711424,0.03178139725638227,0.03027770299839409,-0.026401525914070644,-0.4232118817049573
SPL_EBM_DOM1,-0.15655816752569504,-0.02399359890184729,-0.24715780723690073,-0.15647944012611575,-0.15645658178085212,0.10952081578137246,0.24252030475578912,0.11756884435352236,0.19231386473777823,0.1798120915601221,0.440536858767698,0.43080894222170774,0.14293376702629565,0.13023916847708672,0.4726979467782764,0.49651114263597057,0.49651114263597057,0.49651114263597057,0.0006142613970175163,-0.025501331143343933,0.15991139985918287,0.0757217735384192,0.11262145219602795,0.13609072065187153,0.32630379129864157,0.31104542296230747,0.2541026049737219,0.24896876779030228,0.09725193483774437,0.06626467951696821,-0.18141501277817623,-0.21199136470426475,0.1206687015818563,0.11746399033093119,-0.28057151265409,-0.3269775405070903,0.06550796380149461,0.07509986812165963,-0.23882226328782402,-0.2643047823617617,0.3338183229478168,0.3925753866802334,-0.043256627892962356,-0.028672040104875035,-0.30711670165682475,-0.39171246587588726,-0.030653415153631743,-0.04565346678637788,-0.3212379804631101,-0.32152934161072294,0.06470310895621076,0.06455304188525364,0.36249901768030185,0.7019865110426298,0.3968446880233704,0.6164761623934162,0.5885295559592816,0.7185465258766645,0.5108186391885469,0.5721287326354666,1.0,0.9907592352044627,0.07620342453792336,0.02935803318579546,0.3341958517516896,0.24455789785878235,0.44715047570209815,0.3812228714930966,0.17367006640899804,0.04882689367124565,-0.05992146691379056,-0.10106758511534147,-0.008344823441187267,-0.0116737313849965,0.26672231312842876,0.26301715916334684,0.4366960427917607,-0.46022583242788845,0.12454449704477323,0.14402733155534123,0.551598619339419,-0.5568079062571215,-0.4751807583098151,-0.4746423861293055,0.2494429879519766,0.16041392811340097,0.48856280537575464,0.47993178584523605,0.04660041185840392,-0.13573581714317318,0.19138916468705308,0.1664839078081642,0.20565660960765628,0.17553559586433037,0.02950355325648065,0.17553559586433037,0.17553559586433037,0.630893223472138,0.6206419438426797,-0.14196983604782396,-0.15843407840135634,-0.08667837849165719,-0.42954836277454217,-0.4653972967545214,-0.3646805860418822,-0.42153958862395907,-0.45518992647049605,-0.39534657166328946,0.023399677658032185,0.01936288237970915,0.045774044839730375,-0.1152472190631286,-0.143361230386583,-0.08365220470057741,-0.28803912374064217,-0.28803912374064344,0.15046279910199478,0.15287761263181493,0.15287761263181493,0.15287761263181493,-0.004580322031507529,-0.045524844019553756,0.0213008343550396,0.05516326845193076,0.03788949049612817,0.04684494681311159,-0.07496125476880033,-0.08085597206386039,-0.13674899031745205,0.32131546312108344,0.2631695117033478,0.15096485401097937,-0.167911419959756,-0.21591024141197182,-0.2596545505163494,0.06115603863889018,-0.019205427815633405,-0.35626526887137255,0.010147926336599392,-0.07011391693286048,0.009565549922216416,-0.25351224740787487,-0.2998493249616527,-0.32238869294248873,-0.1467756775853143,-0.15192161175851676,-0.07950446077393998,-0.07792690822123775,0.1345728484398151,0.13576883871331208,0.344210404351482,0.3691792607956347,0.28395318218286664,0.32003011578681817,-0.053206183673843034,-0.06499960219324767,0.09841992840980887,0.08939029101053732,0.08914155385091037,0.05811691019332921,0.06363657770914681,0.058297228141909595,-0.0671720749637553,0.18132040226280027
RPL_EBM_DOM1,-0.139411690602286,-0.023999775083360503,-0.25395938932690837,-0.13935887396280808,-0.139339583062472,0.1117746016732251,0.2447962799376702,0.1182993481940003,0.18115388117879275,0.16786900040484154,0.43255228550215435,0.42435370224672936,0.13058632627357503,0.11768900400232377,0.4672724831312739,0.4948047859775299,0.4948047859775299,0.4948047859775299,-0.01114040201884439,-0.03947599019408082,0.13449854010194456,0.056022194627856375,0.11127737356168717,0.1321739889519412,0.32252382725807,0.3084373977171128,0.2479838204836702,0.24346790000743826,0.08141672665915621,0.051020884262143996,-0.1922504557688078,-0.22442377842694894,0.10586951373848075,0.10305270485713551,-0.28393981820988634,-0.3282727804335029,0.06611904478777333,0.07528198325525504,-0.24446111396291428,-0.27072377178954227,0.31495963792766557,0.385318807595026,-0.05215078624271456,-0.03788461155484852,-0.32126656313434016,-0.4071854780063827,-0.030641675315748667,-0.04735308167500702,-0.3338906529711045,-0.3343657164155238,0.04829310496462086,0.04831412320061301,0.33228537366506844,0.7000088174866254,0.37252135705810274,0.6010175985189968,0.6002167208078432,0.7314766084307088,0.4967890146867844,0.554822795553498,0.9907592352044627,1.0,0.0807501228651964,0.03250030102897085,0.34138668045088294,0.25013916083624027,0.4450414660254236,0.3832464558796983,0.17180108260361865,0.04533436011184401,-0.06151573754708187,-0.10396697046331428,-0.008260235555864588,-0.011406943160497982,0.2686340298805809,0.26527245209787415,0.4500991547173409,-0.47358668365390044,0.12922483347452285,0.14948527301745332,0.5586625410140342,-0.565108469737285,-0.4821577591685214,-0.4812421994856463,0.26232809703333865,0.17149673089944867,0.49795829840477396,0.4886638052693409,0.04696475237143686,-0.1384589897058618,0.19953663581070843,0.17467117753511113,0.21896897738715235,0.1892890750877629,0.029023076220987546,0.1892890750877629,0.1892890750877629,0.630461622921007,0.6244679573222706,-0.13505144327963928,-0.1538480794861943,-0.08118281297086394,-0.4314876259141998,-0.4662893229638364,-0.37087237603815515,-0.43312557592426804,-0.4662721922951486,-0.40606033429608096,0.01345006037187458,0.007180870716845345,0.03645995251363688,-0.1272464108552313,-0.15925979744160768,-0.09601824751581094,-0.2988265977219837,-0.29882659772198344,0.12917558337503338,0.12782383429917624,0.12782383429917624,0.12782383429917624,-0.002229353140206738,-0.04417781601617386,0.030848994543199337,0.06525521644144562,0.047612203241215074,0.056527492197435435,-0.07449135460233285,-0.08011905769213554,-0.13645402810405977,0.2837911522120014,0.23085920599319082,0.14412275473983438,-0.16669098601254528,-0.20752350336478914,-0.23835527080958446,0.06417772010935935,-0.013727243810682676,-0.3534555875448636,0.04308783169291493,-0.03818898151089864,0.009589389645281334,-0.2612768420012876,-0.3104271783421811,-0.33157335970714635,-0.1456811500674426,-0.149682323585598,-0.08476782726835795,-0.08216394320566206,0.15024386310377974,0.15276081607632744,0.32312925947253385,0.34382616933837074,0.2865225411703724,0.3223323424059802,-0.056861659019083785,-0.0687212998882594,0.09677757454960698,0.08788561742146747,0.09974450443649759,0.06918414552779804,0.06868894183433205,0.06365443126376108,-0.0672780716679753,0.2104356253349806
E_NPL,0.013552164536257313,-0.03604471578261081,-0.039142282233397,0.01330446997590166,0.013304949837368555,-0.01437474381904684,0.002018957795359847,0.029735756641422178,0.11890930916163857,0.11487370673027879,0.17783204033640104,0.17268746821138167,0.10880841837306232,0.10378642705572086,0.07049100203472651,0.07335816720380223,0.07335816720380223,0.07335816720380223,0.03762333806672892,0.03379767298053133,0.041567811868344136,0.04323691137313716,0.040169962784312806,0.04368536744723452,0.10427404138152836,0.10284137331352401,0.07140650654696686,0.07238343711687059,0.007189618144128718,0.00398064794785743,0.006044046769241479,0.004507783149413898,0.0614184536724322,0.06034103958264614,-0.05837704828925135,-0.06346544116890956,-0.006220824282133141,-0.00875872984979757,-0.015673863329488814,-0.019157494516728015,0.06800966236244006,0.07229962411503495,-0.005417568985031632,-0.003697171111069997,-0.06111168647503197,-0.07268616312311475,0.010624319964356149,0.02060749230268886,-0.039354412107588,-0.03979741088036144,0.04323247058974415,0.042372768763550894,0.009231183014715226,0.06261177319209084,0.004739972659604981,-0.007535002060510028,0.13956552817096668,0.12387380328586343,0.03902369320387866,0.03645499689348988,0.07620342453792336,0.0807501228651964,1.0,0.6875234900672391,0.1943575529606418,0.16406167444808875,0.16053805366693738,0.14056619551730787,0.10285589984873494,0.06072847732885504,0.007704062132223258,-0.00683106635566915,-0.0012112943364804244,-0.0013557893881144848,0.34886266327533627,0.2723342327553875,0.09900950038367438,-0.10359890252883736,0.10116124377776992,0.10323607083633234,0.12220601444681563,-0.12320698486185992,-0.052508724381149126,-0.05272532501949425,0.16470912046797895,0.13841678908895874,0.1099893472356233,0.10733921465049702,0.032325895981399545,-0.006909386245732654,0.11873195524968429,0.11591364274570905,0.10396644062385123,0.1005571065884069,-0.005362681711719862,0.1005571065884069,0.1005571065884069,0.26391132442368664,0.23420061744117435,0.008816980384871984,0.00718236515525588,0.021682844956117657,-0.09129948285951756,-0.09632569980134754,-0.07822084719942979,-0.059857182182146314,-0.05962269913778898,-0.048719306546050306,0.024253275876341907,0.023383258035009836,0.02299746923272069,-0.02328759589575049,-0.029130106701329133,-0.015852070155750398,-0.031921755377234545,-0.03192175537723398,0.00830724761438929,0.0018871263952856447,0.0018871263952856447,0.0018871263952856447,-0.015299863364385068,-0.025189567984019955,-0.00831872361224571,0.003181686057160745,-0.004325598489528541,0.0002745303007568197,0.025612548738197717,0.035637202256339075,0.03759786524578799,-0.04844420512797305,-0.06256839317408852,-0.014223763996771105,0.03458435918798854,0.04619808273564299,0.0024085811024350287,-0.002416763129211657,-0.00018366409865872837,-0.04106968663661829,0.05432522521283035,0.04325509117788296,0.003705114543158785,-0.04778681346466928,-0.05809615480904944,-0.061676828766636604,-0.0009789887229513263,-0.005065646157902704,-0.002372917236130402,-0.002868683354448296,0.011670349009062813,0.022991476085286202,0.03812216652651885,0.05402182745269202,0.033568155682646456,0.042798563990150314,-0.013882822977904592,-0.013924278828653306,0.011437569784511242,0.011314115135140981,0.0009758211368126116,0.014706960047689146,0.0181808025804322,0.020027761435966008,-0.01984511915843639,-0.01768095589423527
EPL_NPL,0.027509795794728845,-0.046485384004005315,-0.025407392291651707,0.02717585144690059,0.027172423002185125,0.015300224766273633,-0.010838080120967975,0.05409969028934521,0.13516807253356222,0.13088545750520883,0.18923328543398488,0.18579836754362364,0.13526006390191267,0.12918291989165456,0.016310503484518204,0.017544103583102544,0.017544103583102544,0.017544103583102544,0.009474836299863502,0.008178125878154526,0.015468814835793775,0.022378984092464336,0.018608166338569463,0.023325571785787716,0.037690347674636505,0.038756364712504196,0.024645029781328563,0.027276651298034083,-0.018272868854307747,-0.02178059024096997,0.005399369589810836,0.007470981728244928,0.02153136184014556,0.020608880334611796,-0.03473970452252659,-0.02575910254003844,-0.00213421721618844,-0.0064057853481923254,-0.006129094211848121,-0.0035296815997845152,0.023165237150389248,0.02994884487610927,-0.0009765953090829643,-0.0025939222726321315,-0.028187562623519246,-0.018790727197017656,0.015222718343338364,0.039073528544352205,0.013390451448152147,0.013045123905704307,0.02130888702129451,0.01963881661898923,-0.0002605229335004761,0.037279549381103796,0.004018360116118225,-0.011225324257471593,0.06044694925198382,0.054848184655179766,0.010871080140840927,0.002243309855897924,0.02935803318579546,0.03250030102897085,0.6875234900672391,1.0,0.1454091364229018,0.15606633166801812,0.10115729681944566,0.1313214316241195,0.07939498112503744,0.08726375802285506,0.011625101543453139,0.0038327176563147224,0.0009271987703968915,0.0033438724782222443,0.4477904566780454,0.3663843300345284,0.05619070490090481,-0.05526509649577771,0.07762304847133142,0.07542724101347474,0.045286649795288916,-0.0475826012029007,0.0009555282167728029,0.0012602815929287923,0.12464925620700852,0.12764752731434667,0.05283085048163582,0.053974999575476766,0.04369368912633432,0.035049398670736545,0.11924229885227414,0.11823000442829583,0.08255744792542531,0.08286810508502163,-0.01455051416593714,0.08286810508502163,0.08286810508502163,0.3005661321539675,0.2747144085681595,0.022261731577700884,0.02615023613109826,0.03071615612159949,-0.042099808332759704,-0.03688438525623829,-0.037652288271977294,-0.029538682438546134,-0.023661599941494648,-0.02674524940151389,0.009457399153104418,0.009697910625685499,0.005753708039734395,-0.02348844929303766,-0.02994966504097309,-0.021778150930820247,-0.016200009153761814,-0.016200009153761075,0.002480415357687632,-0.003148473483811643,-0.003148473483811643,-0.003148473483811643,-0.008413808115514492,-0.011331835158827902,0.014512423148063556,0.022354331958342664,0.017405819999309992,0.019700149203462837,0.03825765879900051,0.046381058849330435,0.047480488594139905,-0.06639144494949313,-0.07904158197391171,-0.03421374161856123,0.03039597815070516,0.045258451808401164,0.004829683939419243,0.014869413206813264,0.025069540439227014,0.011984693276643966,0.050466572884731366,0.04162328804297564,-3.4935681874440677e-05,-0.028706341069489195,-0.03345356888342565,-0.032107494035474735,0.01361908219995604,0.008018643665817985,0.022526568087293673,0.022395332404704635,5.7362682741418404e-05,0.0014944361564357927,0.00978869253077583,0.01281175786513882,0.018079350080312376,0.01642417166492943,-0.003846444473988924,-0.005613401640811669,0.008036267475188662,0.006134693188289117,0.01017062636327599,0.009150893420652293,0.009276553725190833,0.005866498217013943,-0.013376090250559256,-0.011009320185710056
E_TRI,0.016662660709684574,-0.01798816624354108,-0.1280289910491131,0.016521821411244343,0.016476000448826234,-0.06737790670224666,0.04198683615948416,0.17302856767383995,0.4180144313056377,0.4047764562874164,0.5805108889213446,0.5759220120074884,0.32917895113720813,0.3217734918216349,0.32036695662411097,0.3253817081692581,0.3253817081692581,0.3253817081692581,0.24142324989340308,0.22265352659981982,0.2171337489170833,0.19503631912604646,0.16814201274603782,0.16298514482602589,0.4574990332623847,0.4636281264990423,0.34981652480287295,0.35718286231024166,0.08811293823710406,0.07955964837844764,0.0664855455387941,0.07608591527749452,0.31315249715180615,0.3081343503788495,-0.23397149688931548,-0.2600427901466915,-0.022910958079306324,-0.019476696414859312,-0.00917578089906022,-0.02165637914957846,0.2429025975825049,0.24490352151737305,-0.014012090496643405,0.010461310810636818,-0.2512770763729882,-0.2941327036750157,0.05530498244302068,0.10488835972272434,-0.1449943504842463,-0.14423614472870455,0.23155135859981266,0.23018726510478232,0.03947201194423141,0.22844083276364222,0.011519422592462218,0.03867745612894153,0.45001335997360115,0.48974316842983084,0.18234527618173826,0.1746142284778758,0.3341958517516896,0.34138668045088294,0.1943575529606418,0.1454091364229018,1.0,0.8864737839285947,0.5497514552165582,0.4989118317983375,0.3954179427022342,0.2606369930219896,-0.0005190337974310615,-0.050502443131238056,-0.004970515817264802,-0.006091817383064218,0.6911721789691975,0.6863657177600366,0.39661587460849695,-0.4135551591149605,0.34271158473778923,0.35431152556733986,0.5024449052184645,-0.5060159549024573,-0.26458618574622644,-0.26017479064362814,0.6256728365596758,0.5302486271335842,0.4912420095873125,0.48066603253713924,0.11713382785978604,-0.04565209993797206,0.4690881227832191,0.45405146656037704,0.28592709110593933,0.2720132369959052,-0.009246370464550183,0.2720132369959052,0.2720132369959052,0.6685601961444833,0.6727232451105418,0.13066491091260013,0.10790836683523411,0.13201941116708413,-0.38257904629253836,-0.4063204369573587,-0.3130442270131461,-0.18973985613726085,-0.19049933959256507,-0.15883192631367404,0.20953157321647856,0.19985102549348155,0.18102941626701619,0.01911837809735683,-0.0035147762841043284,0.03440390363764702,-0.04046553212250626,-0.04046553212250569,0.03465943083127738,0.024404492532566012,0.024404492532566012,0.024404492532566012,-0.06379082819963952,-0.10691925814904414,-0.013504525582079055,0.03460020343046894,0.0011506931396389408,0.022550393302496006,-0.011898759436905543,-0.006093879448002916,-0.030956418794172196,-0.09367020278905044,-0.13926685890702087,-0.043781858833867565,-0.020038098026555238,0.0031061240596508438,0.029181514880017044,-0.025650198391792813,-0.038510519479693604,-0.2453299603830007,0.12482801015874127,0.1126188742879249,0.014926459567060311,-0.20079680144351944,-0.24263070206350876,-0.24916845042283467,-0.12091958864110644,-0.13172120132146886,-0.12571660214299626,-0.131083520456774,0.1281940195581646,0.19483961124156568,0.14587705460869074,0.19446461496771708,0.08707707152040663,0.12948036098072027,-0.05663838215157144,-0.0589203173989469,0.01685952585756075,0.022204636067568277,-0.01608170777208218,0.03403005421305395,0.04080421810146495,0.058769161298147125,-0.05917317473849411,-0.03585669966972482
EPL_TRI,0.04761558480902643,-0.006095662250536772,-0.08480074840699482,0.04750398415163676,0.04745201450202804,-0.013866077811518432,0.026968939682870823,0.17956700944037718,0.42420980859999996,0.4138334237724555,0.5692035333808493,0.5668714774903594,0.35183337918483215,0.3440144154773999,0.22804994911646814,0.23113152259653616,0.23113152259653616,0.23113152259653616,0.21003151843405782,0.20009613572727353,0.18298465815756,0.17752567847669784,0.12551012338043507,0.12186705849213082,0.3693078648069854,0.3836240601611622,0.2725934009319383,0.2814948453380588,0.07152662221868109,0.06875710035313633,0.07975715938675818,0.09893731891808902,0.26804532000566045,0.2636983716420732,-0.20676621182799296,-0.20646181628030943,-0.0027343401941691096,-0.0026760351571376816,0.00963642421986383,0.006367671775469603,0.17275823725466632,0.17512864061110403,-0.0030670516183493304,0.015998826640024312,-0.1855127684932503,-0.19530340779403213,0.056683543576313326,0.1271028430698671,-0.055925450137575,-0.05623065594870149,0.21113296402587775,0.20953037556528128,0.010850984984966667,0.15807821225317373,-0.011902354217065907,0.01184633875021594,0.34550833181571555,0.38094162525305175,0.15354981884826013,0.13885404599812642,0.24455789785878235,0.25013916083624027,0.16406167444808875,0.15606633166801812,0.8864737839285947,1.0,0.4317802807503485,0.45714794107326706,0.33246675922999636,0.2960355677026758,0.006208357011559118,-0.02581493685697483,-0.0007810540360108373,-0.0014367634922936227,0.7385731109915956,0.762159544991349,0.276145639162689,-0.2878256361135366,0.3014039665437929,0.3068577390862813,0.37344080624591885,-0.3769563292453643,-0.156699731671889,-0.15160616563490364,0.564058337812176,0.5388789583377656,0.39606735500388884,0.39562950181472256,0.11708804791423626,0.0179337490074516,0.48300484355356527,0.4758531527264169,0.23188322642143688,0.22599426504698017,-0.03289233324916597,0.22599426504698017,0.22599426504698017,0.6690169823259856,0.6758453047683813,0.1364117931979773,0.1252630109143141,0.13052750071231264,-0.31351252504731447,-0.3196423935907223,-0.25237213165156663,-0.1391343498550552,-0.1271903623066626,-0.1059923601271955,0.19645061120489707,0.19333695325755454,0.1640581716378025,0.026489687513461584,0.01098043068140087,0.034534559872537104,-0.009497088236905775,-0.009497088236905019,-0.005915880081055635,-0.01274653755884869,-0.01274653755884869,-0.01274653755884869,-0.061021803413200716,-0.10062977149931651,0.009031961527116206,0.05129278277698699,0.018404505458969267,0.04018137036166386,-0.023073928416887008,-0.021939845267083098,-0.04039270293883076,-0.11750392297508676,-0.1513523973604006,-0.05790508965588607,-0.04071649152986563,-0.002732891685800571,0.050211083304491894,-0.009001855968413101,-0.007051648461907842,-0.15264087827759212,0.13211957507085662,0.13428305666265733,0.017058320390832476,-0.14520191777690267,-0.16316570934008717,-0.15910763597252245,-0.08190549145609034,-0.09010872622363782,-0.08969396199768184,-0.09343348804929066,0.11403729590192169,0.16326725245341972,0.1017946949399144,0.12811883544902347,0.050854944547158096,0.07648760891332869,-0.05746441825225145,-0.06444499298074227,0.008592578209972527,0.011889554217522346,-0.010585669982692543,0.01433796617535891,0.028499624373561714,0.03665461473045655,-0.05244660373173585,-0.08934878823307131
E_TSD,-0.14730296327254558,-0.1187803356836076,-0.14274493015551437,-0.1478314984485174,-0.14786249395533174,-0.024171989802724093,0.07521905002042137,0.15092113467658028,0.284453976926369,0.27422124394146935,0.4862713865443543,0.47931124235677497,0.2049071945795865,0.19698291238105325,0.3760747466257688,0.380253242308823,0.380253242308823,0.380253242308823,0.1117328846837961,0.08898375588012354,0.18740321816970548,0.14384519563087406,0.16219230900282622,0.17794022151750913,0.4342706091619611,0.41798671225646405,0.31679886541517016,0.30788748908068797,-0.05068404236802315,-0.0636877205063488,-0.041247193680638485,-0.04454711620441594,0.20682251909302868,0.20258541457965723,-0.1947596112843154,-0.21802284168704933,-0.07192545209323897,-0.0672903944396634,-0.11132473130813088,-0.13285939193725094,0.3133221818316247,0.3346379048320367,-0.023789451349932555,0.00040135393726288787,-0.27424459552263125,-0.36248335971119,0.06028791174384839,0.10442359128328563,-0.19605598635700555,-0.19502951953898215,0.14771574842409058,0.14514995041667536,0.2031504283777385,0.33731820830704184,0.223496740050656,0.17873427648818865,0.49374484066610197,0.4903910952025579,0.18318539579010512,0.18768975641317429,0.44715047570209815,0.4450414660254236,0.16053805366693738,0.10115729681944566,0.5497514552165582,0.4317802807503485,1.0,0.8543758474160553,0.26770718209144606,0.11060377638156953,-0.027404789026715535,-0.06336017266150104,-0.004795971755830788,-0.005458774309745935,0.5844643607739723,0.5796549659391279,0.41462034955904037,-0.44014394605059304,0.35425895294733145,0.36785838493261297,0.5700770450786962,-0.5657170707499052,-0.30898136898052514,-0.3086840583147898,0.4383290749430984,0.3422145572401013,0.5035462046945206,0.49803810355095596,0.07145426878866362,-0.0953919972494972,0.33205866294623737,0.3166964743013258,0.26222120022091294,0.24501413536846678,0.03463706133119057,0.24501413536846678,0.24501413536846678,0.6105481936154361,0.6111937700786911,-0.014842840345142858,-0.03703864178149881,0.019241305564526693,-0.3728826365695509,-0.3954164410056782,-0.2889127983439276,-0.29351370735320653,-0.31205891596016744,-0.26367622440624744,0.0751995461308808,0.054094645768161864,0.07062221350350485,-0.09856330182350188,-0.11178117410907941,-0.05889646049561711,-0.169765648597074,-0.16976564859707172,0.13601298965043507,0.12606047273145726,0.12606047273145726,0.12606047273145726,-0.037689887234015056,-0.07850810723715562,-0.025391016752587203,0.03859868402189414,0.013046819574262408,0.030606262563046067,0.008813553398502885,0.024538067256202063,-0.02903230194319201,0.11202994947478903,-0.005439257543830649,0.009792220368592251,-0.02669452694302185,-0.038676718972301044,-0.15300804995236508,-0.04060316433345769,-0.07693616028935028,-0.35012106079456295,0.02609112588952347,-0.05321098438849428,0.0105667210111845,-0.21298302103157415,-0.26106736750248816,-0.29438852171611063,-0.1626421380555871,-0.18434930417886763,-0.12167814606854913,-0.130305441737307,0.06618838769126285,0.10566203182278011,0.22090015675708746,0.2633109334122966,0.26744084724599415,0.33021407367855565,-0.05996474499676891,-0.06140029897324383,0.04862319250770953,0.04798254064860485,0.02042097095994332,0.051102920547979803,0.07236270075088637,0.08885301156939841,-0.07691500445364029,-0.01644363173210595
EPL_TSD,-0.11120668715276036,-0.1110065763903948,-0.13172379267911813,-0.11174028753176342,-0.11178880269030457,0.023262114353545405,0.06745112304162597,0.16668173149542417,0.2948247695592718,0.2823307095022881,0.49045013718026104,0.4853223457256869,0.2355577975061331,0.22440213425324515,0.2926845537822819,0.29833870061662404,0.29833870061662404,0.29833870061662404,0.07555967939794149,0.05451424719783042,0.1402156869644369,0.10519319525299593,0.13558417320971702,0.15221652107427527,0.35142505178494743,0.34378540929032414,0.2549747701104131,0.2504295598714155,-0.07632478638364251,-0.09685177953276458,-0.04814896215483395,-0.0455315256745817,0.15372223844306887,0.14974828216468575,-0.17307889882282135,-0.17744800489286186,-0.053394491650528314,-0.05386285321450594,-0.10728436143433107,-0.12041415944747308,0.240805715446555,0.2737555817020558,-0.024872379703704654,-0.0072136324277261256,-0.24863618481388466,-0.3039439546370464,0.058513201736662586,0.12407854367681204,-0.13877682666899144,-0.13884454316133843,0.11205057512499152,0.10857913193187375,0.1822434893430781,0.30030630075578646,0.2053828146731861,0.15857999278005425,0.3950428936355075,0.40955323101350655,0.15483151077942858,0.1449241117301231,0.3812228714930966,0.3832464558796983,0.14056619551730787,0.1313214316241195,0.4989118317983375,0.45714794107326706,0.8543758474160553,1.0,0.23905346082079731,0.16120666015833546,-0.024043166491673918,-0.05573427976789476,-0.002107704701039398,7.255378908907752e-05,0.6865998746749585,0.7027277404793176,0.35970363126126315,-0.3776860419172805,0.31632630361445796,0.3246676493218919,0.4638980989826064,-0.46441535024483044,-0.24230898917988689,-0.23990456242936725,0.40159237862731384,0.34915976381545355,0.43708502808213834,0.4367827503950873,0.07780293603863067,-0.04440028739052663,0.34591076075769756,0.33353269811865077,0.2306820360669579,0.21997254502651345,0.01053359928749332,0.21997254502651345,0.21997254502651345,0.6458615467465695,0.6543192776153428,0.002366957727315487,-0.012867040042740929,0.02490041968924926,-0.31088260619891755,-0.319796002392818,-0.23865601546321008,-0.2613790129621273,-0.26771067402341486,-0.24017999289566155,0.060733369809368734,0.042646231214574955,0.05621839533309137,-0.10415154081021434,-0.12046570400783421,-0.0778988701569055,-0.1548370860260999,-0.1548370860261003,0.11876763285646505,0.11153181314986173,0.11153181314986173,0.11153181314986173,-0.010754896264218917,-0.0539941854535922,0.006083537632964003,0.06936733181440018,0.04857820793839327,0.06314327178731935,0.014363644820341125,0.023535842602556516,-0.027379687074250144,0.06260125742513302,-0.046409804830351384,-0.03472191817668174,-0.04604620759985916,-0.042969733061691585,-0.12164925840256727,0.012091673282648638,-0.009273530028277369,-0.2564260954505427,0.04095117392915449,-0.026722025215780893,0.007336004705579743,-0.1990603543442193,-0.23927851460951324,-0.2606302875347342,-0.1341349856226048,-0.15432963393634838,-0.07852568363697741,-0.08408085654213375,0.05940970069223283,0.08609735273867289,0.1739771080300959,0.19843447102179068,0.22728361399349398,0.2713054537422423,-0.06467049372992599,-0.0692518859443758,0.04323695103163487,0.04073321384570429,0.03481235173114624,0.04424252303684593,0.06472783528489193,0.0724400704429663,-0.08190981001779032,-0.02100097020129486
E_RMP,-0.031933224373858385,0.018927049653283224,-0.07014004871076975,-0.031767911082252145,-0.03176702373193485,-0.047135984192281606,0.023850202380003845,0.09715092094358249,0.3007337287966457,0.287198451330608,0.38605098298473417,0.37588850897922776,0.2625091906542716,0.25327658810400755,0.18240081051029733,0.18191814444454613,0.18191814444454613,0.18191814444454613,0.1767472392860918,0.1659619973284569,0.16113831326218422,0.14114444327626693,0.09568225254720188,0.09039782857076459,0.22288819897025913,0.23176422425003826,0.1926944072325186,0.19815876622173698,0.10460404727568771,0.09866109355657662,0.06545619388194546,0.07098916703090076,0.20051485326935062,0.19766818430513547,-0.12027425888172226,-0.143024371987745,0.01858038558730889,0.024383923509808482,0.026892099630562813,0.02433694350169249,0.14199952258071996,0.13177975504698078,0.030621383875144976,0.04578544886632428,-0.11140331318143844,-0.10951729642289815,0.0300370612684571,0.05102578140315823,-0.04566026473692052,-0.044861185148238336,0.16652581150874857,0.16533385060903133,0.040199927120829884,0.0828071616401282,0.05698516407253349,0.06909592391155242,0.16461273409081514,0.22183498004527466,0.1147440062529002,0.10096418620546745,0.17367006640899804,0.17180108260361865,0.10285589984873494,0.07939498112503744,0.3954179427022342,0.33246675922999636,0.26770718209144606,0.23905346082079731,1.0,0.7186957134346267,-0.001702745806746021,-0.024076196781260883,-0.0029330680047632124,-0.0034065021775116144,0.5705336192752701,0.5231074181098869,0.18777358291689783,-0.1933370432376398,0.15284200244773485,0.15798465162407235,0.22120073089996206,-0.22557896593500354,-0.12131825481260247,-0.12029708766068684,0.33672735107691015,0.28314231365162945,0.2347557537814379,0.22883384354229744,0.06025424923609069,-0.011173059408954878,0.24838829705029988,0.23858921166573283,0.11700261309212724,0.10957159527338031,0.008894620695091598,0.10957159527338031,0.10957159527338031,0.45701179354829047,0.43513566186658864,0.07813361426353257,0.06865783207294293,0.06999314532343315,-0.1897494778379209,-0.20754135675048263,-0.15915524781475357,-0.04968774661942936,-0.048479092587800685,-0.045599540655848,0.15824339319711703,0.15622471368595287,0.13656212560808645,0.07224697388930716,0.06290129348809144,0.05969808011486303,0.020065947832414527,0.02006594783241377,0.028492126803585833,0.026918423662937493,0.026918423662937493,0.026918423662937493,-0.029945375198890806,-0.050542584580465386,0.0030073621016446016,0.009619238321005325,-0.005687000983600041,0.003875710395288918,0.01842394444458461,0.028128433635736683,0.029781455327936926,0.012925297933302935,0.005826504099464656,0.00711227754650841,-0.005638626607755064,-0.020119911169941995,-0.017707617557187985,0.006587082272633543,0.003438611574204585,-0.0712531521311501,0.0005117414792704968,-0.009113188803487325,0.006488489219688642,-0.08758081775684545,-0.10523560436011926,-0.1040254923734056,-0.038956152079777914,-0.04506135472156613,-0.034908239729085654,-0.03722007378896479,0.057653483076598316,0.09212523206969013,0.12234049633771671,0.158181877377222,-0.0009170700105201736,0.010495134680255418,-0.028853036091616588,-0.029468315511563776,0.0173767265922407,0.019126412449022703,-0.026081055039793882,0.0018963623219406117,0.0010003377661024894,0.01029018499800139,-0.022423168172523097,0.0317955197501816
EPL_RMP,-0.010269958375398697,0.04181281035669585,-0.0006910161230557679,-0.009991813294568717,-0.009990411173262976,0.0008935174120993871,-0.008333011779218191,0.10686477285082048,0.31782238513856853,0.30966938688372864,0.3815064939159341,0.3773111719893519,0.3191531377370462,0.3134532096235362,0.06052141521131213,0.05542278927184306,0.05542278927184306,0.05542278927184306,0.13667217342952362,0.13896782263758925,0.11971061971377937,0.12392264911432013,0.03750644953099439,0.033591725204748825,0.09214764914531437,0.11078718244950621,0.07695283496958605,0.08127945146400609,0.09113881502343826,0.09556903643938838,0.09410501046680753,0.11671626006928237,0.141105051812405,0.13817547581183542,-0.07242082497371224,-0.06609947830563091,0.05383140207860864,0.05854030502593961,0.048697728925347995,0.060192263770633976,0.053780729066490944,0.044279263778202564,0.05818825774923161,0.0667064160567946,-0.017564083586648863,0.04092086044119506,0.028121052729854094,0.06735003708409078,0.07726971467691301,0.07697550092497084,0.14414004227064298,0.14222609505414485,0.009378129938661332,-0.009522075435560872,0.03198010041680645,0.04809486027918946,0.015450318369003083,0.05637667819407094,0.054083282717102686,0.03553012885723614,0.04882689367124565,0.04533436011184401,0.06072847732885504,0.08726375802285506,0.2606369930219896,0.2960355677026758,0.11060377638156953,0.16120666015833546,0.7186957134346267,1.0,0.002607168343517064,0.002869543738179276,-0.0012576738391893525,-0.0004805747306179449,0.6588171891759649,0.640171041985456,-0.017348199560057773,0.017107607299065443,0.09581742524848141,0.09337443248469597,0.030850491002501625,-0.033175098373200415,0.051959092874225815,0.04483964853945909,0.2379877335779007,0.2666757096872563,0.06975939730026794,0.07587618406195276,0.05540265390920695,0.08514260788009644,0.24268511386564762,0.2434091266227263,0.024915075277784627,0.029293284755889017,-0.017357985126329894,0.029293284755889017,0.029293284755889017,0.46300762604968054,0.45121937897968933,0.07431520440522883,0.07280402444975662,0.04809723811544617,-0.0867066199920764,-0.08480861801445735,-0.06538796486160174,0.03591873665717679,0.05571352550733613,0.04255051715387522,0.131733277124223,0.13528973511193837,0.09929734536028251,0.0970907042070545,0.10128665727965333,0.0681396030247237,0.06278748681378736,0.0627874868137871,-0.009046355283196804,-0.007882383090005609,-0.007882383090005609,-0.007882383090005609,-0.0089538435490026,-0.012128602465908966,0.07823859222105357,0.06529759345347613,0.05689424112242425,0.062216615314739765,0.0013798697120792022,0.00781573308919792,0.020855851750056546,0.011330330071448824,0.021966059852766444,0.009711746010085813,-0.03975700687227266,-0.05307153714074304,-0.014371958746015984,0.01743467455950009,0.03189487463659629,0.04884383423412221,0.006501494516081138,0.015427598464660656,0.005478593774988853,0.07749861344252096,0.0682625757825548,0.06547221454602135,0.03222846903284761,0.02942362973745258,0.060767955196523324,0.052709741661542665,0.027196044090578273,0.03933010436490196,0.07061787407698045,0.08037859663908928,-0.05329996701249009,-0.06352125952403073,-0.018854062562084762,-0.022342187185847774,0.010846653511584235,0.010411586753848708,-0.02932827803077009,-0.028092851934080915,-0.016832617871022235,-0.018365946632779698,-0.0034450361710245923,0.050440539487984125
E_COAL,0.040673645590529224,0.0007139374675918392,0.01690937446678506,0.04061747770772122,0.040618643120238634,-0.028750033685903918,-0.033902536219823726,-0.009763711581269173,0.05370682723724076,0.05375950707473011,0.02575766510313248,0.028031391661778374,0.04184435461945041,0.04438270600424632,-0.05335177504741654,-0.06225646132861357,-0.06225646132861357,-0.06225646132861357,0.03559872546209275,0.03888573815328759,0.017167304252241593,0.02660614365232087,0.016175221220038817,0.019874210808853113,-0.012110269272706089,-0.007900246847645138,-0.01369034938756976,-0.012461438073896238,-0.018363028750366082,-0.014536450543759717,0.043470120118905,0.04955326054577523,0.02014842705192376,0.021621478327174107,0.01721660657930041,0.028794525167364637,-0.00999466973070479,-0.013006378771762394,0.07495653501936467,0.06261463231407724,-0.023458668374694243,-0.04591136643913989,0.015070389848559403,0.01463279115452808,0.032139362859924143,0.035198768296703965,0.002062112892437351,0.0010121636336873844,0.026895505050990233,0.027650828276920416,0.01621549117496443,0.016982273793074685,-0.018952897986285012,-0.062445173678222776,-0.019415675233545076,-0.02353472257022431,-0.039269675688500365,-0.051606983669565384,-0.012615168000052336,-0.018965162726139913,-0.05992146691379056,-0.06151573754708187,0.007704062132223258,0.011625101543453139,-0.0005190337974310615,0.006208357011559118,-0.027404789026715535,-0.024043166491673918,-0.001702745806746021,0.002607168343517064,1.0,0.5917797306200611,-0.0004014243942660826,-0.0004702033167984213,0.06579181544344732,0.05488242005607672,-0.03233149706920663,0.03282349201742085,0.03341681759635708,0.033124731557430766,-0.0405425594294939,0.039582064923680826,0.0663512125992629,0.06645777129656343,0.021382971607327314,0.0293211476384526,-0.022523549311041297,-0.021012387043532175,-0.0048647255689153535,-0.004000296791676527,0.006607732186461958,0.007096340286470333,0.013719161564712529,0.014751095920230753,-0.009637249490595936,0.014751095920230753,0.014751095920230753,0.02408502306843822,0.023076264436977398,0.04825014127808366,0.05136703765928338,0.042589525852742935,0.032350696097763615,0.041898287656351174,0.043687310996398956,0.06674901344533143,0.06577897326296873,0.06604082964761403,0.03770153151535294,0.04100212554599234,0.033768560098586246,0.03824810546676351,0.041856587313559616,0.03342895988641121,0.07141780526034072,0.0714178052603402,0.021179007749606033,0.02191863079760487,0.02191863079760487,0.02191863079760487,-0.0033283030278171005,-0.0012337359007931084,-0.024867642652969014,-0.02609032575092861,-0.024486994065955673,-0.024668708377822642,-0.014788489337493988,-0.018501045560197757,-0.015240410355702427,-0.039192094799805954,-0.05375799639058244,-0.07670759296217766,-0.021954355390157068,0.003399058425819609,0.029258867530396734,0.007770441697497014,0.019851470839587274,0.020025121023511214,0.006325118766827876,0.016972406243333564,0.0014529577976697557,-0.006499975774258648,-0.009121659696647836,-0.007365529496234202,-0.01449779136059995,-0.01656660163389108,-0.018557461672044556,-0.017908627858729403,-0.02779730157382073,-0.027021078384716006,-0.029429920817224484,-0.03050570295628991,-0.025406144038825372,-0.028012661126224643,-0.0043290607654421775,-0.0039224956935058845,-0.008836840410266623,-0.008852071501933843,-0.023510444036100437,-0.013113425741317044,-0.0169825490554396,-0.016570004197519337,-0.007166756642775142,0.030927502412295724
EPL_COAL,0.04837369787384541,-0.0019249761733290084,0.05691835150211013,0.0482902699614371,0.04829451894855283,-0.03214647297110669,-0.052682712786152455,-0.01936842334336924,0.07009965884583917,0.07377904539671236,0.018775158394858257,0.02250862909054136,0.06768605194294282,0.07179823294187691,-0.10286801830844841,-0.12359153327537717,-0.12359153327537717,-0.12359153327537717,0.03676896739258259,0.04608271185523601,0.019981475838003557,0.03905679447912207,0.010882528787424683,0.016018392320476374,-0.05245433980225528,-0.05036342763942899,-0.05427061260451011,-0.05762819515200782,-0.02543585047717789,-0.020243603196115414,0.07250712745831014,0.08156799424721327,0.011026634135034461,0.012677636826394837,0.033598417713231195,0.05686106018615851,-0.008381366463059689,-0.013565716195618823,0.10943957506189272,0.09560835782350383,-0.051466859903760605,-0.09164347209498479,0.020115999959837354,0.01946271837310407,0.0982781367189341,0.09974067206476081,-0.00273574803384499,-0.006761567770757129,0.06928812510571895,0.07018213815308141,0.012979826747914456,0.014092364078766214,-0.031098316556545998,-0.09050529102471877,-0.03332928914628326,-0.04654410941824986,-0.07621544754702883,-0.10452364530356646,-0.018354133624199787,-0.022924566872091167,-0.10106758511534147,-0.10396697046331428,-0.00683106635566915,0.0038327176563147224,-0.050502443131238056,-0.02581493685697483,-0.06336017266150104,-0.05573427976789476,-0.024076196781260883,0.002869543738179276,0.5917797306200611,1.0,-0.0006805704083238678,-0.0007971774209033826,0.0860691213838221,0.07941504768972578,-0.11082940006385793,0.11159136982039118,0.016319590947663092,0.011898311922422671,-0.10000104212114204,0.10443832794075339,0.1280275874127729,0.12508622851178636,-0.01850953990218578,0.012182679250432007,-0.08856713714693788,-0.08326796638003603,-0.017184896579470022,0.0089957658114792,-0.019040219660292828,-0.01525833247488469,-0.013659915062469071,-0.007094645715496196,-0.01633888451877803,-0.007094645715496196,-0.007094645715496196,0.015795311445208557,0.015103832917498292,0.06645726486609105,0.07399507457630816,0.05759597223975193,0.06540317826827384,0.08421773278935547,0.09036276924237283,0.10958290153326268,0.11164767354378324,0.11402709171957309,0.04756709277616245,0.056274585897416934,0.04456205997620617,0.05694591597203157,0.06751992865960044,0.05122731400337734,0.11639730346845988,0.11639730346845942,0.025252410975095948,0.02900976404981045,0.02900976404981045,0.02900976404981045,-0.0014589784272896437,0.015973936716584917,-0.02887101899032619,-0.02806283766665286,-0.021346171011115817,-0.02315940933746161,-0.025072238684727858,-0.03136646479679617,-0.025864747882873417,-0.0485374259330907,-0.06589672358428322,-0.09245278520137916,-0.04075623846089759,-0.007635407793931801,0.04256502387498934,0.02307537512210136,0.042063349039390185,0.051714346782256115,0.0035699934550287413,0.020064406294266052,0.0024633283272397985,0.027910951938302554,0.03765470237142752,0.03843971337039313,-0.00029435175502280593,-0.00181013131727826,0.0022716867458685975,0.005580087464873896,-0.04832430845872646,-0.049438696153110154,-0.05933280580766049,-0.0659930257896333,-0.04287080072383235,-0.048363088119941985,0.0025057561705324576,0.005448015969940864,-0.014074802137118645,-0.01412175180205422,-0.038356560586943436,-0.030279810302443883,-0.026457008627251446,-0.026049019730636468,0.0013279935566416112,0.04113422695607775
E_LEAD,-0.0015487624962984483,0.0019388391107569738,0.008945990007355806,-0.0015340593702453755,-0.0015332752308208067,0.0010261186400930414,-0.0038180667991886135,-0.0004379011380452348,0.006239951796130692,0.006884173061296025,0.002229067468276233,0.0030423544518371937,0.00533670587471979,0.006157487181085524,-0.0073781901685160516,-0.008968312886057652,-0.008968312886057652,-0.008968312886057652,0.003585221859946297,0.005188164451287381,0.000907827092464134,0.0033526707557220855,-0.00109934608332182,-0.000716988376143971,-0.004211640632476436,-0.003956428095282891,-0.0024548668442411444,-0.002033381763458729,0.0017799126838000537,0.004451723238357392,0.005455079118866947,0.006824113109111644,0.002641501612292465,0.003082074862913092,0.003660838693556226,0.006414946453681287,0.001040587339936527,0.0013541482342529154,0.01301852809185076,0.010148796758747363,-0.003544154049115722,-0.00516028683952236,0.0068783002381904755,0.007164010183440841,0.004392408257762009,0.007541814181890186,-4.5562011882473855e-05,0.005047180527955675,0.009107235283157404,0.008459403482707267,0.004694707919467906,0.005379228145063554,-0.002165168004572719,-0.008258511424678847,0.0023870699660711193,0.0013870954176715196,-0.0071925474876110345,-0.010553613689133578,-0.005378071024499775,-0.006151448286435175,-0.008344823441187267,-0.008260235555864588,-0.0012112943364804244,0.0009271987703968915,-0.004970515817264802,-0.0007810540360108373,-0.004795971755830788,-0.002107704701039398,-0.0029330680047632124,-0.0012576738391893525,-0.0004014243942660826,-0.0006805704083238678,1.0,0.8537251438364094,0.006029999360302456,0.006154197833112674,0.0014338317102215621,-0.0006308469747472388,0.0035138005910212854,0.0033907829391658156,-0.007281285015129869,0.0078783438447441,0.008180616825528427,0.008527962505828768,-0.006214609713116094,-0.006056367349498742,-0.008426965449305317,-0.008256683323389425,-0.001836222756453911,0.0004751699426893472,-0.006455708299462112,-0.005955559527834081,-0.0027686189073451114,-0.002538954434906562,-0.0010477271816480042,-0.002538954434906562,-0.002538954434906562,-0.0017531221903560397,-0.0019124199175241411,0.0033849078650342586,0.005077042679568237,0.005047638682092436,0.006341787926630301,0.008185254605308733,0.00967765868827289,0.009770960491247871,0.009680836456443038,0.009461931043047074,0.0005551770928231539,0.001455556307912698,-0.002860515035646124,0.003593257673378497,0.005665389548589364,0.007851464271879199,0.009492702760005883,0.009492702760005798,-0.0023238335730935028,-0.0020245889202481168,-0.0020245889202481168,-0.0020245889202481168,-0.0003520430521541428,0.0019716779042171576,0.011605458621983906,0.009005287209552763,0.008897931292392119,0.009267021560848328,-0.0016077514927390498,-0.0020113672828790717,-0.0016396177217025754,-0.0028047067035605012,-0.0016996070942880569,0.0006838465002775621,-0.0036071606237466753,-0.003899047065864378,-0.0031782697792357706,-0.002811309008443036,-0.0031567913016958362,0.003788691460369669,-0.0032527602967074415,-0.003417273621922485,0.0001579603578707202,0.0027228594767786485,0.005114795389141072,0.005419191979559895,-0.0040112559481540145,-0.004121412384120227,-0.00112326104254366,-0.001040294319982706,-0.003803790530424556,-0.0039702523220233885,-0.003983098870531182,-0.004698508809138809,-0.002983397842165671,-0.003264811507632163,-0.00022786275119700004,-0.0004305406047673396,-0.0011064400411650319,-0.0011474169033647065,0.0010966115015646233,0.0009593028657416355,-0.00127880742357282,-0.0015025380579565617,-0.0008931111739545302,
EPL_LEAD,-4.946907438353689e-05,0.0032891688454480244,0.00875536469342417,-2.8534097363047845e-05,-2.7811004870026395e-05,-0.00013145189767553635,-0.004735000711617906,-0.0012827536219912387,0.006914975376650556,0.007731985150137331,0.0023443868617754908,0.0032662423923141572,0.006020973005956899,0.006903084495593186,-0.008742790656443481,-0.010723032209436286,-0.010723032209436286,-0.010723032209436286,0.004096542678789793,0.005968537606960696,0.0018385440860670566,0.004958388469470716,-0.0004329971421695248,0.00029515896223063416,-0.005241999710224176,-0.005146325078786328,-0.0033367990937625837,-0.0031019958742149016,0.0008335095222577598,0.0037916043528699746,0.007918571342146208,0.009218310418264153,0.00322180368216914,0.003764887494715757,0.004272286362840754,0.007485301771109603,0.00040116601808165456,0.0003580492036714395,0.014578963470197265,0.011478462343001448,-0.004297753136542872,-0.007624453002342431,0.006097417748384138,0.006795651624712661,0.006642967662131768,0.00934079059637023,-2.428102646521715e-05,0.004261541596030632,0.009892388477666877,0.009152413267740168,0.004861825664721255,0.0056094265728019645,-0.0025361417784218092,-0.009673501459225358,-0.00035857862890667285,-0.0026553814806150274,-0.008184057894631728,-0.012108646644413558,-0.00704705874924635,-0.007297993044058716,-0.0116737313849965,-0.011406943160497982,-0.0013557893881144848,0.0033438724782222443,-0.006091817383064218,-0.0014367634922936227,-0.005458774309745935,7.255378908907752e-05,-0.0034065021775116144,-0.0004805747306179449,-0.0004702033167984213,-0.0007971774209033826,0.8537251438364094,1.0,0.00903107923846217,0.008946140708517514,0.00015760658420476396,0.0012760173477739892,0.0018071224863440906,0.0013966520220845635,-0.009291911253156808,0.010086766558181325,0.009048564331789672,0.009512915243068668,-0.00707940659325763,-0.004989534532801732,-0.010848857178258358,-0.01102237475884593,-0.0020883396490138533,0.0033737025327337904,-0.004994588855163459,-0.004124632800446373,-0.006797303677975237,-0.0062105397379666315,-0.0012272417993217325,-0.0062105397379666315,-0.0062105397379666315,-0.0018341288023389086,-0.0019633105637324962,0.0032094972164406063,0.00507633841726538,0.004666747382916315,0.006766850253116714,0.008864730411115584,0.01133580140885175,0.010787663446189654,0.010930808423993849,0.011083111597870728,0.0014104548868532271,0.0027605257341348174,-0.0020138605113611623,0.003647853341917751,0.0059509093844603575,0.007872762278768862,0.010718394378651849,0.010718394378651847,-0.004156653376036776,-0.003730517254427902,-0.003730517254427902,-0.003730517254427902,-0.0004143581859523315,0.0022814886066948267,0.009756097380675616,0.009190501929627205,0.0091586314489648,0.009529704801646565,-0.0018832190949821198,-0.0023559892752373105,-0.0019205451936609931,-0.004694657243859803,-0.004761550131659222,-0.0009097947986030417,-0.003965975034263787,-0.003083355773880053,0.0005957646010463618,-0.003318867928192452,-0.0037501500876000386,0.004437835160089569,-0.0021016116628930236,-0.0016864669424663768,0.0001850248396805095,0.004437602312421098,0.008383417949511586,0.010185697906656632,-0.003497688898074591,-0.0031989272748753385,-0.0011784238205278755,-0.0009159650321398773,-0.00453231149451138,-0.004710259437445724,-0.004863400207439328,-0.005680901051525083,-0.003433469603230507,-0.0036918533929542322,-0.0005731272533798772,-0.0007185061629457694,-0.0012960143548258083,-0.0013440121416018374,0.0008633965533584465,0.001700907695801867,-0.0014114914198519045,-0.001753991534726209,-0.0010461343213357054,
SPL_EBM_DOM2,-0.01881154520846334,-0.042669827132399384,-0.08679718848112601,-0.0190533583260721,-0.019092514421657523,0.005567243364197872,0.024566075285222738,0.19781332359050804,0.47272227331816635,0.4591667123377022,0.6462028373581145,0.6407400056627067,0.42171422966608346,0.41030416457529784,0.22572946821078882,0.22480495937548506,0.22480495937548506,0.22480495937548506,0.17894976683709427,0.16836720352105508,0.18747717456619695,0.17726836090100034,0.12643658004941483,0.13212114027687785,0.3292029481184511,0.3404794418854421,0.2425083407564033,0.2463262352045533,0.0286042572513458,0.02075774282669673,0.06309312907294976,0.08333320556391932,0.235289901550177,0.2306226176235174,-0.18764480945232545,-0.18104729125647911,2.3575713472756512e-05,0.00013710894645173967,-0.007147251947700355,-0.009385523884390552,0.18875873091558798,0.19612969816055725,0.01732355821631106,0.03503562373608902,-0.17617053431850807,-0.1728641769435456,0.06220949876390148,0.13995057234840294,-0.030452999300130033,-0.030733266215454684,0.19849728739735448,0.19524251344991547,0.07938365094593773,0.17822570241591915,0.0917281241093324,0.08267405432069917,0.3069122285317322,0.3397724369907246,0.14648203673730847,0.12538789283893254,0.26672231312842876,0.2686340298805809,0.34886266327533627,0.4477904566780454,0.6911721789691975,0.7385731109915956,0.5844643607739723,0.6865998746749585,0.5705336192752701,0.6588171891759649,0.06579181544344732,0.0860691213838221,0.006029999360302456,0.00903107923846217,1.0,0.9820817118219979,0.24636289746896795,-0.2578309122594969,0.31100987873686176,0.3141871469266128,0.3453298764580565,-0.3480693587408785,-0.11896235236090502,-0.11957463899062197,0.5182656195060074,0.5049205797475304,0.36405836880659287,0.36751333466986214,0.11174799382459664,0.038740753014173346,0.46570048269560854,0.4584334896138636,0.21521605489785267,0.21148302713437772,-0.022068395868481597,0.21148302713437772,0.21148302713437772,0.8169836456976795,0.8099049728090756,0.10019750842998143,0.09112973814478179,0.0966317950898103,-0.28912199413024736,-0.2904524023549757,-0.22237633363761508,-0.13877280899299158,-0.1258967718224745,-0.11321263680417291,0.16681938292039053,0.1609486235714993,0.13639257602204963,0.011183820894862619,-4.629635025974921e-05,0.011585688084575841,-0.029598794276182495,-0.02959879427618264,0.04602321341057082,0.03981584236602358,0.03981584236602358,0.03981584236602358,-0.033909251548560206,-0.06668007310866651,0.04257618539251397,0.08080006744100103,0.055491911065253266,0.07248613532912493,0.006293381825531877,0.015080160779706213,-0.005773578313206669,-0.038254231168332625,-0.09650168980172147,-0.05225873803467409,-0.04799821830238092,-0.03040191875984184,-0.03136872855744075,0.01660340746730161,0.020373792073251254,-0.13025387832992538,0.08433778652435993,0.060756905190394006,0.012146988140285676,-0.10565823577527401,-0.13330637066917772,-0.14132147342375373,-0.06691218841079222,-0.08136381218238976,-0.03103168122996079,-0.03803348836413703,0.07366679310127962,0.10890221034750763,0.13750816779225744,0.16207429161770245,0.08822874415565907,0.11016725330485395,-0.05741087683654669,-0.0637318993258578,0.02661931050096852,0.026077243506293233,-0.0044854304671732015,0.00988483047712456,0.029159792471366096,0.03373152105244227,-0.05853996513672465,-0.013076150411159915
RPL_EBM_DOM2,-0.019560854057786604,-0.04346806158109845,-0.08274286373677114,-0.019806470332773638,-0.0198481298070655,0.013688993662490342,0.026140367334161772,0.19574869599307723,0.47203541347970546,0.4597307170800819,0.6477050466295238,0.6444992065518895,0.42154709062843165,0.4107920105080407,0.22254108229501807,0.22145913504540085,0.22145913504540085,0.22145913504540085,0.17560313683059736,0.16526166767553116,0.18430930370488757,0.17490947977700325,0.12379393312543524,0.12981190424615674,0.33216914032715783,0.34367680266149525,0.2415784204816804,0.24425311190806875,0.023140066610037244,0.014168755685394807,0.06292103539531226,0.08489898885545641,0.23291617523451752,0.22799506349463622,-0.18898185491234915,-0.17742816020298716,0.00035496802033050035,0.00011775338454446225,-0.011438575809516278,-0.013153696808488559,0.18685456845303797,0.19574163571577272,0.0169514621382623,0.03520315042963676,-0.17835833835413684,-0.17215370727641405,0.0641706832683288,0.14930074234192164,-0.023378843186971424,-0.023912704572784212,0.19802083259408423,0.19449957663225778,0.08173290829058372,0.17794108918807036,0.09248803033212585,0.08302687096037271,0.30563317245597826,0.33473279345291296,0.14039249603639364,0.1193170714294475,0.26301715916334684,0.26527245209787415,0.2723342327553875,0.3663843300345284,0.6863657177600366,0.762159544991349,0.5796549659391279,0.7027277404793176,0.5231074181098869,0.640171041985456,0.05488242005607672,0.07941504768972578,0.006154197833112674,0.008946140708517514,0.9820817118219979,1.0,0.24015688592508597,-0.25225768602874393,0.3176143045643459,0.3202904985594,0.3455400233696173,-0.34797382693014134,-0.11210665448319278,-0.1130283816099435,0.5117690495938382,0.5084292772305972,0.36601005538592596,0.37156555095302907,0.11107063535806244,0.044165237179656376,0.47288995272073786,0.46682879886627937,0.20818756988838702,0.2052331644318595,-0.021907648753266264,0.2052331644318595,0.2052331644318595,0.8087415736878605,0.8129863393078739,0.09678344142381459,0.08828439619249547,0.09359163470700821,-0.28979295465297156,-0.28812915804463207,-0.22024493324037997,-0.14265444915617098,-0.12755113132839604,-0.11507187061815134,0.16353906014678388,0.1571134523011414,0.1329633883731391,0.006129634968555638,-0.004253250284755457,0.007621877613990271,-0.03290755344229921,-0.032907553442297545,0.04698555064486575,0.0410735857979752,0.0410735857979752,0.0410735857979752,-0.03191905803536014,-0.06563692295468644,0.04715545434781297,0.08682216397771798,0.06136275927071884,0.0785640526720999,-0.0029760287619039994,0.003983303709241449,-0.018048154561419588,-0.03640890842168222,-0.09600812761381304,-0.049431694112351314,-0.05355006110419097,-0.03394467863184509,-0.031757241455243806,0.01362263801980508,0.017555996870758032,-0.13394705232596046,0.08691901998157961,0.06328767896070196,0.013432947010324086,-0.09966314099160004,-0.127344496001535,-0.1360377542233658,-0.06931543475455636,-0.08330778112148515,-0.03033352615720056,-0.03727061651682814,0.07401892288499023,0.10746774105164689,0.1361162933720263,0.15784860310899823,0.09274826544937063,0.11566894970998147,-0.06058289664191581,-0.0677714277142777,0.024785065201181202,0.024157380202354767,-0.0029508716433436066,0.007723950045187858,0.03138330939448422,0.03536442650747369,-0.06028299333539771,-0.013674122990277924
E_PARK,-0.05729480650242514,-0.07406918756765157,-0.2551055716056474,-0.05767987872962139,-0.05772968076230621,0.03502681256824948,0.1365724121499061,0.09935271152089245,0.027066589957589614,0.011883582192952097,0.2034802958645161,0.20289786199136045,-0.03693813717232591,-0.047853003132051396,0.3143367109851449,0.3423837515894502,0.3423837515894502,0.3423837515894502,-0.01496983717323639,-0.055792400562327954,-0.0058264886172109,-0.0812651974079646,0.09940889314613792,0.11073872644621877,0.33599372071633793,0.33981552404853427,0.3014459101472228,0.3143334113474267,-0.04976777344237333,-0.09384932725540984,-0.2162562564279476,-0.2389826563629165,0.059012145878075205,0.05661186841491485,-0.13076807071588487,-0.18627315960138377,-0.073377637905835,-0.07591978856186825,-0.1893403229218161,-0.21454022259388789,0.2161855915792382,0.29871773986204114,-0.08135704695758851,-0.06933308081294987,-0.46055835353046837,-0.5294601853019754,0.007293494216692944,0.06512537174085875,-0.3456447998162207,-0.34799879873564554,-0.01743287899606218,-0.018902938634254962,0.1312199280433024,0.35790040343517365,0.12934411854832065,0.1559695807967673,0.41984191135468024,0.5451522458788828,0.10800083376212143,0.10588086592545144,0.4366960427917607,0.4500991547173409,0.09900950038367438,0.05619070490090481,0.39661587460849695,0.276145639162689,0.41462034955904037,0.35970363126126315,0.18777358291689783,-0.017348199560057773,-0.03233149706920663,-0.11082940006385793,0.0014338317102215621,0.00015760658420476396,0.24636289746896795,0.24015688592508597,1.0,-0.9916986080639059,0.24956796509614926,0.26929035067259055,0.614392878532114,-0.6414753803190668,-0.6394146007732004,-0.6281875066206353,0.32680029060636456,0.19120016690925992,0.5792735948680803,0.5548062186786629,0.05321868534631858,-0.16624684477378607,0.2182946382323919,0.185138809028406,0.31547404629909276,0.28683484654913777,0.06752546856086691,0.28683484654913777,0.28683484654913777,0.324471959081935,0.3353457275857195,-0.06716551122993773,-0.09105089279669877,-0.00797222097030367,-0.26014278837286087,-0.30452083440349254,-0.24515434859221175,-0.3402349859076795,-0.376128623904631,-0.34735550989550706,-0.06191044193916901,-0.0964492214394901,-0.030167922218712805,-0.1899000298608842,-0.2433068917211814,-0.16628967313277057,-0.2594967803676027,-0.2594967803675998,0.23960787649396312,0.2202677936926207,0.2202677936926207,0.2202677936926207,-0.007651669338749776,-0.04608888662848797,-0.04332563850947779,-0.007569328857307928,-0.020299651355259216,-0.013271091438254314,0.07301105911339095,0.08644807038170753,0.044078561586971134,0.012948980404349917,-0.04596572564607146,-0.014536031474887587,0.04551933870108869,-0.009435180641185129,-0.11883138347564819,0.05653289041995665,0.01984351110915221,-0.28479710112577494,-0.007363132604843176,-0.07214545515138605,0.013285560763036497,-0.43788265950529587,-0.5225041333001345,-0.5271113744606113,-0.20810844804207768,-0.21554345100852235,-0.14727911062919127,-0.1359053645532425,0.09886709528760865,0.11326430386084746,0.18210441956759385,0.21138355021542818,0.2137843529289832,0.24970224167823124,-0.0998805784130767,-0.10635863788104563,0.0506847135844738,0.04796638133646252,0.0878468047111094,0.09083761343558,0.07380091340004472,0.07752831128636067,-0.12217958831887728,0.0459586032444325
EPL_PARK,0.0606901885057492,0.07465366387287392,0.2577388516372773,0.06107389698270403,0.061125308252291365,-0.026526927065650775,-0.13629992359277826,-0.0944996588377183,-0.036806849150810034,-0.02151164034389072,-0.22130762309127416,-0.22038422000636632,0.027247185518113753,0.038013555807220586,-0.3331143996177861,-0.3613881964835903,-0.3613881964835903,-0.3613881964835903,0.008640684050299684,0.050458035920539615,-0.0036821574498651483,0.07309291397026982,-0.10661572054083937,-0.11789171768199537,-0.35567288817524484,-0.3584650972588612,-0.31444985362597533,-0.3257702664579617,0.04648290239991469,0.09154366168426786,0.2126402785298314,0.2363185656289708,-0.0702287125913846,-0.06759753864179462,0.14488872268780198,0.1998929040250587,0.07468657235762304,0.07654569063073736,0.1960422128183358,0.22246889044735196,-0.23105762265574697,-0.3140871093246925,0.08416447431210163,0.07071783520977806,0.47104577558356797,0.5496127145804418,-0.007678045787630871,-0.06468435589549425,0.36086529743891865,0.36316066590115426,0.011228669800031297,0.012789907865875257,-0.13601304546967832,-0.37485573248185217,-0.13414151551890985,-0.16308896498768588,-0.4468874796264981,-0.5743011502173255,-0.11803524557107928,-0.11642017869312715,-0.46022583242788845,-0.47358668365390044,-0.10359890252883736,-0.05526509649577771,-0.4135551591149605,-0.2878256361135366,-0.44014394605059304,-0.3776860419172805,-0.1933370432376398,0.017107607299065443,0.03282349201742085,0.11159136982039118,-0.0006308469747472388,0.0012760173477739892,-0.2578309122594969,-0.25225768602874393,-0.9916986080639059,1.0,-0.2745740796087686,-0.2950596700822169,-0.6469271163178227,0.6725644789478932,0.6466055085448024,0.6367562484337659,-0.3413509143221865,-0.20259423531294404,-0.6012850679297965,-0.5776588541738233,-0.04869635025704181,0.17638889135129818,-0.22720970228978074,-0.1942834613965921,-0.3288602605939118,-0.29938947115847114,-0.07033202240892464,-0.29938947115847114,-0.29938947115847114,-0.34615852416236736,-0.356954916919322,0.0686867871292694,0.09427665689164894,0.00796482958765236,0.2822830819191507,0.32712042072969705,0.26305493629531523,0.3552371193308095,0.39159181235254314,0.3589763520282846,0.05703800346066879,0.0920525530621611,0.024563663407380625,0.19212921309782327,0.2466136223707054,0.16562539454895092,0.26705435798552724,0.2670543579855251,-0.24524683477184955,-0.22572435211028563,-0.22572435211028563,-0.22572435211028563,0.013902307333318664,0.0566562976015283,0.04244616396874414,0.00295607591193754,0.019082026201981905,0.009638309553907083,-0.06930644687249615,-0.08313539822267874,-0.038584704208612076,-0.013201350487166896,0.04781924047830419,0.010907505986173557,-0.04474086053617416,0.011624814348487823,0.12367382523570349,-0.051763043637674935,-0.013209084354465751,0.3070751562561479,-0.0019187208437885588,0.06519176249497442,-0.013379790709283385,0.4324354160276479,0.518242815605989,0.5280452805962782,0.20951066382909114,0.21690982956979712,0.14582990651755356,0.1345114635944636,-0.10233804576023653,-0.12127325970273746,-0.18948553535065682,-0.22249498147478547,-0.22453942779628341,-0.264134410954565,0.10040934467083508,0.10679978339503357,-0.05140246173313797,-0.04911009963396048,-0.08545111159440355,-0.09276385270326891,-0.07540929787959039,-0.08103380385089949,0.12266173819270326,-0.04109932418148414
E_HOUAGE,0.005756056149425512,-0.06365706755607821,0.028816364603581137,0.005348179953994235,0.005296441159758515,-0.24190122944661022,-0.19651166308215906,-0.07142872418249076,0.41590275563529194,0.40840847337369773,0.44869352117362654,0.44492471513183657,0.3395332486182864,0.33426248542775633,0.12336512477198669,0.0963084516469034,0.0963084516469034,0.0963084516469034,0.2425394347969367,0.24778931215968855,0.19796599906256526,0.21395223035830074,0.18082148340435517,0.18392551876339028,0.22775430204446598,0.265161075196854,0.22316183044679902,0.2363655576684132,0.006425132958282391,0.0008077093092685083,0.20262753592352273,0.2557258364424787,0.28229536374289116,0.2792746257724617,0.011549016118925762,0.07960813330118342,-0.0702195977037956,-0.09055382017222009,0.14952507769188977,0.16263101517449757,0.14024596104934592,0.07922100542619648,0.13748848247267015,0.14797030889967352,-0.2283234169766225,-0.20535912829910205,0.04783107400404543,0.21534644271244388,-0.0022503973956480594,-0.0077469940121901075,0.2511929160131711,0.24951420661708268,-0.0006092751344322995,0.13263604287414787,0.016856203957056337,-0.01907943690643229,0.25953995896272675,0.2549484683441374,-0.020799515094209794,-0.020528077642867404,0.12454449704477323,0.12922483347452285,0.10116124377776992,0.07762304847133142,0.34271158473778923,0.3014039665437929,0.35425895294733145,0.31632630361445796,0.15284200244773485,0.09581742524848141,0.03341681759635708,0.016319590947663092,0.0035138005910212854,0.0018071224863440906,0.31100987873686176,0.3176143045643459,0.24956796509614926,-0.2745740796087686,1.0,0.9962874642359981,0.3826923874127801,-0.37885072832787525,0.3588266788969311,0.34041261525878197,0.36553764516995835,0.33487666492083956,0.29459292188071806,0.2953046442217945,0.00614348611155326,-0.05164748916767932,0.27884582671265884,0.27732090264561515,0.26587456371075957,0.26369892132062167,-0.026747702926157677,0.26369892132062167,0.26369892132062167,0.4459236939907279,0.44844212086590585,0.2330414737131111,0.2259221511496055,0.2144114156612528,-0.09786480263730223,-0.07778507972463902,-0.04640982639171594,0.10274754615017015,0.12833942052806865,0.058431357035396154,0.1536670627441485,0.1576693801343614,0.14572421432176208,0.16063868511715607,0.15367711663489136,0.12875674553681876,0.16317582925345908,0.16317582925345905,0.05911920616219172,0.04455943296986209,0.04455943296986209,0.04455943296986209,-0.02861266474251781,-0.05071317654563826,0.1299602484461979,0.1921069412240444,0.16316753856050178,0.18139158245340095,0.003530611494157588,-0.003727589858294963,-0.04522192499424565,-0.16111630509637884,-0.2595003691430176,-0.16463425561448544,-0.06421173200661577,-0.06139137208035682,-0.005833081976574336,-0.10072114418676772,-0.10052584538825954,-0.23365564554507826,0.158625691527618,0.14048317998484716,-0.003576242194073932,-0.041607663757988,-0.08803078328868275,-0.1152846130625445,-0.16518525663412298,-0.1843860535088794,-0.08783625110306292,-0.10591510691004863,0.035207085824676854,0.12901130863617455,-0.007759999507014008,0.0622527542446555,-0.07567182204692656,-0.03015111476198981,-0.03675199331023677,-0.028733593780235035,-0.03637673556233165,-0.021119230361501845,-0.12630066871336956,-0.0052524622931945375,-0.008618684159096604,0.03563468074779652,-0.025656291659802367,0.11117597525660486
EPL_HOUAGE,0.0019273242470424887,-0.06211258586133312,0.015168919359954283,0.00153459131690694,0.0014847800396208576,-0.23346084418830443,-0.18040892709219375,-0.0719778968865774,0.4042961075410281,0.39614631310605963,0.4460111933426667,0.44244151172107177,0.3259754910409168,0.32084774323269594,0.13964983290945568,0.11458935610257254,0.11458935610257254,0.11458935610257254,0.23266469862351494,0.23589086691532699,0.1924151471086737,0.2044796194155863,0.1826662324774657,0.18494460123819495,0.23017617005464697,0.26737879289986677,0.2240973170750091,0.23783813136717039,0.0011442892711096555,-0.005370169015465073,0.18480094816116857,0.23439454310197524,0.27343217264843145,0.2704975568690398,-0.00015615966474606202,0.061291768032422415,-0.06311221589393087,-0.08240438756172536,0.13423990678283965,0.14493370405461778,0.14670294236590117,0.09061524620478197,0.12890211741863644,0.1390048473220707,-0.2510986773819656,-0.2325582126775474,0.0439199388080692,0.20387127874504438,-0.030300835452481138,-0.03585156643337399,0.23806219182285074,0.23667352556590524,0.004131892837070462,0.1501162494110598,0.01672103134084994,-0.01517908982894419,0.27771134056863017,0.2788720279599539,-0.013007036112535845,-0.012973329054088845,0.14402733155534123,0.14948527301745332,0.10323607083633234,0.07542724101347474,0.35431152556733986,0.3068577390862813,0.36785838493261297,0.3246676493218919,0.15798465162407235,0.09337443248469597,0.033124731557430766,0.011898311922422671,0.0033907829391658156,0.0013966520220845635,0.3141871469266128,0.3202904985594,0.26929035067259055,-0.2950596700822169,0.9962874642359981,1.0,0.4022497425626057,-0.39957414854501305,0.33874567597616545,0.321781833939209,0.37428009551294356,0.33725138704774593,0.31318856524150906,0.31292536481714545,0.006513374581561588,-0.06081732279135336,0.28106606298175857,0.2786794690449478,0.27218747326625453,0.2685367799393441,-0.021563338533860336,0.2685367799393441,0.2685367799393441,0.45441601904660234,0.45711301092869705,0.22054718548826852,0.21061161626137892,0.2059141551690635,-0.11384918236718684,-0.09807186093719399,-0.06491624088128407,0.08101255505184599,0.1033709524270982,0.0396067403004849,0.1454473392948417,0.14869961127562464,0.13989722683090947,0.15026751033253555,0.1406334998645042,0.11924459998434246,0.14323658915727364,0.14323658915727155,0.06487894652914236,0.05024448611910114,0.05024448611910114,0.05024448611910114,-0.031196178251264497,-0.055384984559284145,0.12282194026234036,0.18658491647667652,0.15671650947073676,0.17574597016063118,0.0005335233099105554,-0.006040157117620949,-0.046926260259768274,-0.15641112852154548,-0.2552992519942744,-0.16184352469264163,-0.0620921531830503,-0.059959233846955444,-0.00583747081298838,-0.10007827690954438,-0.10193002078196642,-0.2507678179496417,0.15942956410012835,0.14077149704441563,-0.0028198222495519165,-0.054346531237770564,-0.10506521823014917,-0.13292646101502353,-0.16987332494820107,-0.18959310979399563,-0.09375916930675814,-0.11204293339838077,0.043183969522198065,0.13567842321892826,0.0035029938004941205,0.07186795239199244,-0.06106997125078696,-0.01598205844824483,-0.04146357851534907,-0.03397089523246956,-0.03504920844130014,-0.020464896249445103,-0.11818090773482265,-0.0003047428907225846,-0.0028550575454492975,0.04017602149941484,-0.030773173315569096,0.11403788010593785
E_WLKIND,-0.10850280308786137,-0.07866769474888449,-0.25116899679783183,-0.10883985673511594,-0.10884243334570205,-0.002322305901406155,0.13977574429284895,0.16869727027562859,0.17297040262315463,0.16231165121977081,0.3888035442430554,0.3871730886243909,0.08721771539851131,0.07955129500983914,0.4317782458925086,0.4550110797015097,0.4550110797015097,0.4550110797015097,0.1001654364148063,0.07576353659856962,0.11256522194775138,0.049072759673052226,0.13556000410781058,0.14832179807144458,0.5384764145148415,0.539285020346016,0.4179800805352672,0.4213309589072169,0.0322794610061492,0.008550918112662505,-0.11237949572668994,-0.11808361148741847,0.226205776132833,0.221215706648591,-0.2184493807503167,-0.26439688597641264,-0.10897019660200269,-0.10235273848695892,-0.17448538122752424,-0.1954061458851754,0.34647447141864757,0.3911796582360954,-0.07221606954146197,-0.03850024198174861,-0.4353503834247679,-0.5205666740126133,0.02140929046402275,0.11997533528955699,-0.2994842400112684,-0.30182059104406794,0.1331659733607512,0.1306547266085262,0.13418268505790246,0.3608167276515813,0.17010080750509532,0.1933176215477328,0.6175912162623725,0.7101159561897581,0.21312536472296206,0.22899758569629827,0.551598619339419,0.5586625410140342,0.12220601444681563,0.045286649795288916,0.5024449052184645,0.37344080624591885,0.5700770450786962,0.4638980989826064,0.22120073089996206,0.030850491002501625,-0.0405425594294939,-0.10000104212114204,-0.007281285015129869,-0.009291911253156808,0.3453298764580565,0.3455400233696173,0.614392878532114,-0.6469271163178227,0.3826923874127801,0.4022497425626057,1.0,-0.9933654686946577,-0.6751015158621818,-0.6756232654136733,0.4170441329396323,0.2861390455457692,0.654297217298223,0.6421209311882441,0.053544240910167754,-0.15629236175363045,0.3146350829504598,0.2897165463615382,0.35395555506585097,0.3234286074574695,0.08291178003241334,0.3234286074574695,0.3234286074574695,0.46481093017251307,0.474071194969908,-0.07255281139917977,-0.10285037377592816,-0.010029674770690463,-0.4126389363371762,-0.45665970675249107,-0.3464816484647822,-0.3802322489347825,-0.4066230771283872,-0.33955822224034915,0.03192917315400357,0.008948246446460344,0.051760479165342606,-0.15487052864409517,-0.18433346378797114,-0.09701363210736046,-0.24125804343172497,-0.2412580434317212,0.2032966328277547,0.19069978840183485,0.19069978840183485,0.19069978840183485,-0.05624353724708296,-0.11331634479788202,-0.04422124033034418,-0.004792147578881704,-0.03712923973387499,-0.017953830429503756,0.026923201097688466,0.04657221066861689,0.006879890315331829,0.05529395995502422,0.00019074325003962068,0.06929068678656031,0.032667920285320555,-0.0291475803599502,-0.15706323176317283,-0.03910200330224008,-0.08850274800271205,-0.41465473939224445,0.005745797942426788,-0.06533903242867665,0.028839931360402738,-0.3031324022355058,-0.3819582694565373,-0.41213524062814955,-0.20321684180397126,-0.21060610217885997,-0.1631903846333931,-0.16037957266789532,0.11964331626960001,0.1532944341814366,0.2497332714698031,0.3006916336332144,0.24789736924264985,0.3118872113409933,-0.07690983769815016,-0.08649780845770742,0.05645489141024107,0.057738764161485524,0.060702948536579995,0.08424502299527672,0.08163940489740307,0.09594080052134579,-0.09728675085670324,0.12436816175542739
EPL_WLKIND,0.10792706550026078,0.07474030563258366,0.2574726540067476,0.1082404411887626,0.10824378927003582,-0.011193563294816758,-0.152290911499681,-0.17112215462583544,-0.1686967746342865,-0.15739623254212343,-0.3875635117758873,-0.38629052826377797,-0.0832555523926666,-0.07535646272370317,-0.43655252138083156,-0.46203557568298226,-0.46203557568298226,-0.46203557568298226,-0.09523873175143494,-0.06889382896075284,-0.1062488923200384,-0.04107449459835171,-0.13528873995209403,-0.14765540969198945,-0.533934869443889,-0.5395551493939268,-0.42031225780951054,-0.42597195998012977,-0.030345580581611502,-0.0049869252770832345,0.12520202215288978,0.13265183043082765,-0.22038321498915278,-0.21574979705489786,0.21940147499322046,0.26681854691457463,0.09467107826888053,0.08944116335637345,0.18014786694152346,0.2015548193414915,-0.3428451428958896,-0.3969966229815603,0.06594670210995032,0.03451423648135711,0.45572540397069594,0.5369312083807461,-0.021108318835252746,-0.12282374826709369,0.3096956997989038,0.31265703453455557,-0.128968742765628,-0.12645509126092994,-0.13889822697103538,-0.3681289384520187,-0.16864620659341317,-0.1955590625690539,-0.611150981679725,-0.7172979686982074,-0.21244536142561368,-0.225583914293864,-0.5568079062571215,-0.565108469737285,-0.12320698486185992,-0.0475826012029007,-0.5060159549024573,-0.3769563292453643,-0.5657170707499052,-0.46441535024483044,-0.22557896593500354,-0.033175098373200415,0.039582064923680826,0.10443832794075339,0.0078783438447441,0.010086766558181325,-0.3480693587408785,-0.34797382693014134,-0.6414753803190668,0.6725644789478932,-0.37885072832787525,-0.39957414854501305,-0.9933654686946577,1.0,0.6912744960254944,0.6921109967230865,-0.4206389098296358,-0.28635443293854185,-0.6732933126741178,-0.6588040936576641,-0.05855715964720731,0.1580601185730191,-0.3200429540544175,-0.2930407798531756,-0.35477258632861874,-0.32338512418884896,-0.08571010752010179,-0.32338512418884896,-0.32338512418884896,-0.4668190791113217,-0.4763358670048358,0.07386115547399906,0.10512447665018589,0.010495237500710415,0.4106005174368119,0.45610494339482005,0.35113616966792066,0.3843941828521086,0.4125876327382916,0.34967559370584306,-0.028219608558109305,-0.004034632718650926,-0.050988781438980765,0.1563620513518184,0.189336607470396,0.10410811012808575,0.24878472266671287,0.2487847226667135,-0.20597071292077765,-0.19300326718212094,-0.19300326718212094,-0.19300326718212094,0.05641850181577624,0.11735523717198094,0.04603943320252737,0.005950707263572238,0.03936620034095871,0.01948903814603894,-0.028619350868503483,-0.04778353594193339,-0.008016137502688056,-0.054566293860892845,-0.0002583625041102945,-0.06664175975829147,-0.034044300162795825,0.028876631998678605,0.15434020717875985,0.028847833871688884,0.07733531382439027,0.4092264013493283,-0.007272169491325012,0.06356304228321694,-0.02353137792352427,0.32003753432887877,0.40274232456156606,0.4309030037847553,0.204403372634322,0.21194140248006044,0.16459413920536298,0.16073822549634165,-0.12672646978603014,-0.15734142606418444,-0.255961644748525,-0.30368062737738755,-0.25224917626904986,-0.3116629484640397,0.07936872161136366,0.08946305643669555,-0.05892392767605898,-0.059327121310609555,-0.06854480628680279,-0.08613769946935919,-0.08374821876900876,-0.09539170171847,0.09908364683816061,-0.11453316480252829
SPL_EBM_DOM3,0.10494131976114826,0.036621096235007866,0.29615160429437676,0.10502053606440863,0.10500469498768626,-0.18788491749525987,-0.29597378208610253,-0.21595993379474276,0.16171063894032903,0.1696176664456869,-0.03693890736881137,-0.03830911365546562,0.19027859964578164,0.1962555415972642,-0.34421998550835126,-0.39206978069125303,-0.39206978069125303,-0.39206978069125303,0.10483528897833304,0.14238186437868622,0.05932654127807537,0.14614935394031783,-0.004168658259120019,-0.01475381381921987,-0.3547261332278534,-0.33228335749213106,-0.25994090936077396,-0.2580605953578297,-0.005205076609843136,0.025417980856370127,0.3076230467285284,0.35861178159820534,0.013991928853417959,0.016208775160046474,0.21907081947149926,0.31962570866535706,0.055005167207070556,0.03526278941705605,0.3064862145919671,0.33821209044163053,-0.23153717375538102,-0.3434066194546138,0.1748868859056974,0.15429120849961117,0.3236424366567795,0.4261755150038635,-0.001379720106876996,0.034510774767458875,0.33870364844305484,0.33762711643931137,0.08523307251354593,0.0866355577038283,-0.1508926529436092,-0.2997098817214378,-0.1635312666264916,-0.21815464759573155,-0.4118356211713135,-0.5353815251000572,-0.21049595418726766,-0.21920811413847596,-0.4751807583098151,-0.4821577591685214,-0.052508724381149126,0.0009555282167728029,-0.26458618574622644,-0.156699731671889,-0.30898136898052514,-0.24230898917988689,-0.12131825481260247,0.051959092874225815,0.0663512125992629,0.1280275874127729,0.008180616825528427,0.009048564331789672,-0.11896235236090502,-0.11210665448319278,-0.6394146007732004,0.6466055085448024,0.3588266788969311,0.33874567597616545,-0.6751015158621818,0.6912744960254944,1.0,0.9844314311577961,-0.15928371970547253,-0.03535018847426393,-0.487656760511433,-0.46822540996166634,-0.06266894492157492,0.13631968444169368,-0.1128032485287271,-0.08218473557967473,-0.18189790439902342,-0.1502300544761705,-0.10618710438996673,-0.1502300544761705,-0.1502300544761705,-0.13495670040147684,-0.14394856073597603,0.24599329394553832,0.2710437326636855,0.16582133332721716,0.3282068840076964,0.38899548977806886,0.3126416264876065,0.4798526915798037,0.5286605145542785,0.42431301731583954,0.10800525864026607,0.1405274684197626,0.0753049412185517,0.29907780544765533,0.3359512545964153,0.22842041487789286,0.3934672044859732,0.3934672044859767,-0.19619697900253488,-0.19024792673014823,-0.19024792673014823,-0.19024792673014823,0.023194733354959453,0.06609149732688313,0.14132832421892175,0.14447538930098736,0.1526540438558441,0.14864004912066986,-0.04508767411517588,-0.06932839046472603,-0.05381339802439648,-0.16348476032468148,-0.1735957264719442,-0.16558843237252072,-0.08820257512123095,-0.01734703363265596,0.1581041029399893,-0.07101104621118381,-0.02161169779673527,0.23427550146851053,0.11428088790508244,0.17920337999575864,-0.0041697573445188384,0.3570347506822021,0.41285516384972293,0.4168798815211674,0.10635822029436241,0.09941954782584504,0.10990236011333727,0.08838196931547936,-0.10027564760885516,-0.062241504850428515,-0.25748253407601157,-0.2545616267299235,-0.31500761062741023,-0.3393969163508088,0.06519312485284598,0.0807742632593675,-0.0888065445501625,-0.07764619533396697,-0.16880903155556343,-0.09938177675751815,-0.09153867746946028,-0.0705717412538518,0.09551509924120838,-0.02024731837880687
RPL_EBM_DOM3,0.11092301281114139,0.03739610646803067,0.2925301903432203,0.11099805614396697,0.11097894310862272,-0.18788330847063736,-0.2937150118316223,-0.20570050547060506,0.15744533314984926,0.16435450230927698,-0.04192028927273732,-0.04310720602449978,0.18199630862557134,0.18725771970585872,-0.3444896472687853,-0.3905788524027356,-0.3905788524027356,-0.3905788524027356,0.10435659252268409,0.1411577379179502,0.05280524992972997,0.14155300911611812,-0.0026431581972364898,-0.013835806633138931,-0.3531337314473032,-0.3315398271540936,-0.26220745162279485,-0.25861101654601953,-0.007373089784339224,0.02449013313782645,0.3044386460596184,0.3543704555455775,0.011924327345427624,0.014425335653085496,0.21349029251100937,0.31453361377635936,0.047354513740976774,0.028787648024798503,0.30774242777589356,0.3396651236539294,-0.2424767749751337,-0.3515873159249551,0.16387472635789813,0.14537709764358903,0.33273311730269656,0.4269011801192127,0.0004039004224652297,0.032318284115109945,0.33771831494647203,0.3367419855937378,0.08085492897244888,0.0826653151787268,-0.15222496862394158,-0.3016287293486479,-0.16680388125666656,-0.21906947875534422,-0.4097262561502733,-0.5357817577151125,-0.20361311525666975,-0.21361008240602478,-0.4746423861293055,-0.4812421994856463,-0.05272532501949425,0.0012602815929287923,-0.26017479064362814,-0.15160616563490364,-0.3086840583147898,-0.23990456242936725,-0.12029708766068684,0.04483964853945909,0.06645777129656343,0.12508622851178636,0.008527962505828768,0.009512915243068668,-0.11957463899062197,-0.1130283816099435,-0.6281875066206353,0.6367562484337659,0.34041261525878197,0.321781833939209,-0.6756232654136733,0.6921109967230865,0.9844314311577961,1.0,-0.15530022256074563,-0.03375573324316305,-0.4849970871029868,-0.46551858671814916,-0.06253886622226974,0.1342645240174152,-0.11215660743763652,-0.08199623276197719,-0.1855758078578284,-0.1538004426705993,-0.1068783270904712,-0.1538004426705993,-0.1538004426705993,-0.1390393794565416,-0.1477547492736182,0.25105333160413024,0.27698096779647474,0.17079052627263663,0.32277181046126824,0.3841449552695155,0.30498074313359014,0.4745213980268385,0.5260409604761599,0.42107162113813285,0.11181960438847104,0.14419054337222584,0.0784343529377712,0.2944307145743319,0.3307000925683938,0.22833849515460186,0.39252311527134337,0.39252311527134276,-0.20327683303495017,-0.1965470382016825,-0.1965470382016825,-0.1965470382016825,0.024685108827035073,0.06847251253013131,0.13083847458464884,0.1356832447372757,0.1452036115757837,0.14011260518013613,-0.04507468808580268,-0.06977389765798686,-0.053588161530186224,-0.16567823804289164,-0.1745038795811908,-0.1682913826324568,-0.08700493825975791,-0.011809235849680107,0.1655841677416235,-0.07302386348370399,-0.022392690548779837,0.23405792593582347,0.11307462954629756,0.17862874236882936,-0.004862495619801891,0.3329920947789145,0.39804285881842194,0.40742005772361867,0.10250593974467612,0.09477614422421504,0.0990515691553064,0.0788030137228204,-0.09761921349655645,-0.05672694466558851,-0.2639480954254179,-0.2615066348759596,-0.31585046502833153,-0.3381485861113157,0.06691131938916924,0.08197499617447739,-0.08897328632586618,-0.07757539921479142,-0.1658813209944344,-0.09454497855361758,-0.09279153345061046,-0.07156143231458219,0.09740934527436688,-0.03955820625911431
E_RAIL,0.0328738518265864,0.002532290224925204,-0.11660390428354869,0.03283789083728865,0.03281686463966776,-0.08140555620838856,0.008439617898996716,0.11490116617189604,0.4103424858656803,0.3972887644919454,0.5447572850477469,0.5416846152868927,0.33137961804053895,0.3231966078088475,0.27121918614031054,0.2704020948840113,0.2704020948840113,0.2704020948840113,0.24812331858821773,0.23008333459804275,0.2001654194314526,0.18784455922843823,0.17101100496744573,0.1609841189653502,0.38971719825999074,0.40112497924971774,0.30951477446503245,0.3144722628536494,0.06042886859796549,0.05946748752754781,0.10473863170708593,0.11487539744391029,0.2953920557162725,0.29103938413938807,-0.20250544580937954,-0.21152014039216524,-0.0005098328618790127,0.0035372273436905595,0.029307988919719495,0.021203346941331976,0.19361701339859697,0.17303376789827568,0.0047723576651535335,0.026973835919072767,-0.21372283573556408,-0.23511942856481566,0.06701606318480077,0.11785968633295218,-0.09227641551078927,-0.09171655100702353,0.22928823657431865,0.22773548208636227,0.02488275283472784,0.1586129638514582,0.022984110002116146,0.00015480885079156343,0.39752754977936217,0.4075239037259446,0.14675683810841617,0.1420255127343077,0.2494429879519766,0.26232809703333865,0.16470912046797895,0.12464925620700852,0.6256728365596758,0.564058337812176,0.4383290749430984,0.40159237862731384,0.33672735107691015,0.2379877335779007,0.021382971607327314,-0.01850953990218578,-0.006214609713116094,-0.00707940659325763,0.5182656195060074,0.5117690495938382,0.32680029060636456,-0.3413509143221865,0.36553764516995835,0.37428009551294356,0.4170441329396323,-0.4206389098296358,-0.15928371970547253,-0.15530022256074563,1.0,0.9164840243907872,0.42969231719209444,0.4234664516913472,0.05222049221489827,-0.06561978170440287,0.6622916171233543,0.6583832557795631,0.2275840930499818,0.21970791374021256,-0.003778355789667789,0.21970791374021256,0.21970791374021256,0.6144416284570803,0.6195640413013803,0.1496199725972034,0.13474432043145138,0.1454991795418743,-0.33433012210229146,-0.3494094428066744,-0.2772646446904674,-0.13040697566334455,-0.125237168465273,-0.11275476889569346,0.21453445190014192,0.20492154917422797,0.18445228647725997,0.05721285706782619,0.03488290770069256,0.060662142674658706,0.00022291205597731406,0.00022291205597792046,-0.01888558962734939,-0.02832663429176433,-0.02832663429176433,-0.02832663429176433,-0.06609013256444968,-0.1066467517761102,0.024769776008660007,0.0693550606922052,0.033374174212652645,0.056623908730741204,-0.012876616118527631,-0.00023273261168998236,-0.00481569856123559,-0.12581165799493785,-0.15832015880564182,-0.03639051259297268,-0.01281262504128178,0.018461526932813572,0.04722808830916491,-0.038892108091179704,-0.040087413657268096,-0.19480268206591647,0.14661843634398708,0.13566081963287605,0.01868641498829972,-0.16850338898158856,-0.19682189154580465,-0.19941357215026195,-0.0960747046934244,-0.10893611732958434,-0.10546439301536296,-0.11086655362527678,0.12917900994819154,0.19671931769566026,0.1070531484658894,0.15398649022225283,0.03586934313578013,0.07204197332044082,-0.05487511602886535,-0.05623655762592902,0.005565166307152884,0.009899749969763305,-0.03475909559097778,0.01729834480333668,0.026435578241028452,0.04713180446068839,-0.05001771191696914,-0.03886833351426739
EPL_RAIL,0.057547804917632846,0.012312168946024236,-0.06464339373740871,0.05753741853498351,0.057513006859258045,-0.06090501735657146,-0.020820970836714837,0.10753045819579933,0.4134547002328113,0.4038449673747504,0.5236762006181873,0.5217360357647588,0.35416160351218984,0.3469858460751007,0.1882671853793642,0.18273940279509238,0.18273940279509238,0.18273940279509238,0.22663335018613526,0.2173643127167787,0.1778969601016721,0.18219418585313837,0.13635856413277803,0.12722392703329236,0.3014678920995466,0.31611936965323595,0.23074528367610705,0.23450207833773004,0.046783709505999374,0.05329430107781191,0.1352459835580343,0.15446488384051407,0.2585835077322731,0.2545473900803286,-0.17331356460254,-0.15778558786546862,0.018115778714727606,0.019868994429059313,0.055454843777614,0.055168078176851536,0.13449091301216493,0.10491789819486198,0.020341252399745414,0.03871161781142648,-0.13374334171372512,-0.1322702110569278,0.0654205675545494,0.12635306303839874,-0.010058987505383542,-0.009595669759563132,0.21520339280276293,0.21361802280882944,-0.0027814267654238606,0.08808683829631336,0.00851411236337439,-0.017185744997320965,0.2973043654493875,0.29126701383822506,0.1088906825305797,0.10268455313713583,0.16041392811340097,0.17149673089944867,0.13841678908895874,0.12764752731434667,0.5302486271335842,0.5388789583377656,0.3422145572401013,0.34915976381545355,0.28314231365162945,0.2666757096872563,0.0293211476384526,0.012182679250432007,-0.006056367349498742,-0.004989534532801732,0.5049205797475304,0.5084292772305972,0.19120016690925992,-0.20259423531294404,0.33487666492083956,0.33725138704774593,0.2861390455457692,-0.28635443293854185,-0.03535018847426393,-0.03375573324316305,0.9164840243907872,1.0,0.31469199491772454,0.32071899877398785,0.04775044786317414,-0.008576336143851896,0.7093642788506885,0.7157084752331657,0.16875780524652037,0.1697448661381938,-0.02907353736556632,0.1697448661381938,0.1697448661381938,0.5969961608699469,0.6009037418276163,0.16317695120338058,0.1570730747887253,0.14815674015452787,-0.2698871511016067,-0.267618633908564,-0.2129228725178765,-0.07191364340905304,-0.054648501334702795,-0.05396062484373419,0.20532039584923162,0.20166371740429642,0.16852968350990669,0.07428670704130319,0.06027246396947894,0.07154280296795534,0.03951457907704736,0.03951457907704786,-0.05264442961338973,-0.05810171386083309,-0.05810171386083309,-0.05810171386083309,-0.058647726211493195,-0.08309865287652808,0.06957120311913187,0.10512454263935789,0.07325216175701554,0.09400075729315219,-0.027448547607386596,-0.020212937635750758,-0.019050091058111368,-0.1393889843790993,-0.16338366865290763,-0.046010228780670674,-0.03827457024564051,0.002884724451863752,0.05421553891409103,-0.03961478629174061,-0.027049606161676155,-0.11945240181311376,0.15118243297933018,0.15208304599925054,0.021292939902517093,-0.07618267851945625,-0.0914481697443594,-0.09295871626990204,-0.06065575484281988,-0.07170991603387294,-0.05918713972343257,-0.06681060085036607,0.1080755794928982,0.16571585255068147,0.06204603012870923,0.09645561988698671,-0.003071896851953299,0.019789611655184853,-0.0459580448746672,-0.047116464687347676,-0.0008023980488506199,0.0023161588668882947,-0.04262763028291585,-0.0032950385438055706,0.011444521967798922,0.027198131927136618,-0.03452728067882856,-0.01902819346702467
E_ROAD,-0.04449550775446627,-0.002110794927809989,-0.2422003096178773,-0.04444731420588078,-0.04446123975635749,0.0241743268667991,0.1593609822855503,0.16650289996822593,0.2130364887294752,0.1995535832453309,0.42085586213303494,0.4183346164890898,0.12103444853249123,0.11035579388886275,0.4090447151929,0.4353306877281843,0.4353306877281843,0.4353306877281843,0.10270877069294931,0.07466295358675643,0.10594830877988998,0.0558395894155985,0.13282753300333727,0.1406724877595354,0.457059336037397,0.4671038850120182,0.37396758755605536,0.38287747348674916,0.04720213265963194,0.015229963501912207,-0.10506820605294394,-0.11632222960272796,0.20501543123847799,0.20091344378372494,-0.2214493582188248,-0.259920024254412,-0.040966995645985924,-0.039427332901239474,-0.1418892859862674,-0.16186307825442645,0.28030592472125315,0.3458034551493826,-0.041747594108958036,-0.020104285370800383,-0.38798712910935346,-0.4652575494705727,0.02793489347659249,0.08024398876469543,-0.28817177908849023,-0.2889715672671949,0.12590721396668444,0.12257867429065016,0.10855222775308229,0.3157952670163895,0.10641502550200481,0.14481669291481797,0.5131048911914565,0.6394819616375359,0.2328401137904892,0.23379150908308655,0.48856280537575464,0.49795829840477396,0.1099893472356233,0.05283085048163582,0.4912420095873125,0.39606735500388884,0.5035462046945206,0.43708502808213834,0.2347557537814379,0.06975939730026794,-0.022523549311041297,-0.08856713714693788,-0.008426965449305317,-0.010848857178258358,0.36405836880659287,0.36601005538592596,0.5792735948680803,-0.6012850679297965,0.29459292188071806,0.31318856524150906,0.654297217298223,-0.6732933126741178,-0.487656760511433,-0.4849970871029868,0.42969231719209444,0.31469199491772454,1.0,0.9881936203888617,0.08351554012678881,-0.1423697575128751,0.47417703417510004,0.4256214428567866,0.291790862390161,0.2658968144928618,0.06705842301950467,0.2658968144928618,0.2658968144928618,0.5257935586132273,0.5320459003487447,-0.04125236369146089,-0.06765369293171988,0.002743572384489988,-0.3860595726095734,-0.4238585751132761,-0.33944266381074545,-0.33417100383764653,-0.36002230682668535,-0.3204371345301173,0.06657543188064158,0.047254381434329286,0.07719329815204484,-0.09490933901706754,-0.13378318775956588,-0.07394985246651807,-0.2128055406635958,-0.21280554066359048,0.09863021717249677,0.08855417053107993,0.08855417053107993,0.08855417053107993,-0.08700206746153592,-0.16051519834759873,-0.08993326930871016,-0.04154348599403681,-0.08473967785386835,-0.0574462374175185,-0.01395157837116472,0.005039008305009143,-0.020832722980518168,0.014199765254717512,-0.024063091849469677,0.025576044165055288,0.02983316837972294,0.019539594411252054,-0.0558365144089593,-0.009918992099395216,-0.0277652903377616,-0.3175632707713098,0.03771760159044601,-0.007347551426049642,0.02939684631344297,-0.3209318452190572,-0.38579488185464994,-0.3962335852990479,-0.1532481470179979,-0.15841257495604041,-0.17549716353168196,-0.16925544906118595,0.17515241221355743,0.2035389614057068,0.2164585877622511,0.25441166615738614,0.20847123665720801,0.25536858542141566,-0.09221491908598552,-0.10186507522127244,0.05390519907129789,0.05115207183899887,0.0533559619533384,0.062177912078349384,0.06693596302730642,0.07278101102054185,-0.10414462129157448,-0.08959904935866501
EPL_ROAD,-0.04189754033674407,-0.002666714450970035,-0.23364601228815657,-0.04185655081015321,-0.04187003769321573,0.02620388340959627,0.1547198123665828,0.16307425726188396,0.2182371228417394,0.20496418669632485,0.42529309990775666,0.4224357027510247,0.12949614808990767,0.11887314432924906,0.4028849928707795,0.4276813647685596,0.4276813647685596,0.4276813647685596,0.10268719331616666,0.075947560586958,0.10729781223454696,0.05956522597803624,0.13006634703017783,0.1375785015109549,0.45143915408342694,0.4599347172892496,0.3669368905938683,0.3743393211356505,0.04720710232976318,0.016522469063463278,-0.09820675677453415,-0.10731793170540015,0.20437745833213147,0.20012184255685528,-0.22133119919033534,-0.2551637814525915,-0.040307361631213214,-0.039249818925208214,-0.13960118147178055,-0.15810637014692866,0.2789896366491097,0.340995995499474,-0.03993717708102142,-0.018457403395331893,-0.3736378680091299,-0.4489809433672685,0.02794290041743415,0.08243681917885369,-0.27453920145388244,-0.2755300060404179,0.12834336192897214,0.1249838074142877,0.1051458400231397,0.30695175693707955,0.10823873541451919,0.14559112247119763,0.5071228131525272,0.626275990790468,0.2292228693886328,0.23103879497925225,0.47993178584523605,0.4886638052693409,0.10733921465049702,0.053974999575476766,0.48066603253713924,0.39562950181472256,0.49803810355095596,0.4367827503950873,0.22883384354229744,0.07587618406195276,-0.021012387043532175,-0.08326796638003603,-0.008256683323389425,-0.01102237475884593,0.36751333466986214,0.37156555095302907,0.5548062186786629,-0.5776588541738233,0.2953046442217945,0.31292536481714545,0.6421209311882441,-0.6588040936576641,-0.46822540996166634,-0.46551858671814916,0.4234664516913472,0.32071899877398785,0.9881936203888617,1.0,0.079701432777387,-0.1321449704583398,0.4889903366759092,0.4430085191535179,0.2856932293294897,0.26141555988290954,0.06354990943290169,0.26141555988290954,0.26141555988290954,0.5317263089661304,0.5365520218815457,-0.04028625041553667,-0.0656276898557248,0.0018290869840384804,-0.3835369112463218,-0.41812014947817316,-0.33285446476326913,-0.3299121524113202,-0.3532172375485499,-0.31362500869628623,0.06634720059433086,0.04782667878748858,0.0753145260893833,-0.09317711873921884,-0.13024684513507642,-0.07194352533862575,-0.2086986477557032,-0.20869864775570138,0.09688929589493692,0.08671835865395125,0.08671835865395125,0.08671835865395125,-0.08413682050470081,-0.15299603615878968,-0.08058954527738202,-0.03453268836266836,-0.07608575067839242,-0.04975749759513847,-0.01749390015234958,0.0015652270465656606,-0.023752205013207763,0.016499277254655352,-0.021801175445912417,0.02794422291158777,0.02613761847026184,0.016627508164666432,-0.061952893234089486,-0.01582332491673923,-0.031937996434710555,-0.3138722650376856,0.03647269338886589,-0.008419273440354803,0.030668724975587723,-0.30128906544816336,-0.36234951124315223,-0.3743240086080513,-0.14843511429374462,-0.1538016964277539,-0.16664073053970535,-0.16118655933442738,0.17189254785884406,0.20103640694402722,0.2130507953903691,0.25052104823379695,0.20545085214477152,0.252209653607248,-0.09195866703842367,-0.10211358253667355,0.05310776485813008,0.050763923899622594,0.0505782375881899,0.05806767967611515,0.06606961017710385,0.07193973305551517,-0.10508103594585132,-0.08683135397124629
E_AIRPRT,-0.00677239020128207,0.0029448057467557627,-0.016490282809391826,-0.006744085039220713,-0.006744326869652345,-0.014396058880801664,-0.00020104614375646477,0.10187005958045771,0.11516785295272719,0.11404242483769207,0.1633752357278222,0.16218221673246108,0.1045224078282765,0.10094886031433192,0.05662143433310279,0.06274325067391291,0.06274325067391291,0.06274325067391291,0.03491677573129903,0.03790709486685478,0.03155134245655719,0.024524422608686827,0.01196690800522128,0.011397434084177155,0.0922378896300297,0.09303695469766803,0.0644288617363289,0.07181211970512419,0.030528656140353726,0.03098544649356843,-0.012276063253450244,-0.009813139504825397,0.05301783550373027,0.05291587470465275,-0.05468078544481672,-0.06411834119992524,0.005112025671594041,0.010307510583416437,-0.01010735569771734,-0.011688426815388205,0.046235972137602846,0.050367806621584923,-0.0028818401424761486,0.004021655440866824,-0.032171546867681255,-0.01900494300721108,0.040373514321096336,0.0316919827793092,0.006994282939985038,0.0073105858633142175,0.048585683304543756,0.04810541204319861,0.023748294572595932,0.00947373889788338,0.03275456235724339,0.04194507220907496,0.03644177361201539,0.04066523703655304,0.02614675699001395,0.027402454426774917,0.04660041185840392,0.04696475237143686,0.032325895981399545,0.04369368912633432,0.11713382785978604,0.11708804791423626,0.07145426878866362,0.07780293603863067,0.06025424923609069,0.05540265390920695,-0.0048647255689153535,-0.017184896579470022,-0.001836222756453911,-0.0020883396490138533,0.11174799382459664,0.11107063535806244,0.05321868534631858,-0.04869635025704181,0.00614348611155326,0.006513374581561588,0.053544240910167754,-0.05855715964720731,-0.06266894492157492,-0.06253886622226974,0.05222049221489827,0.04775044786317414,0.08351554012678881,0.079701432777387,1.0,0.6358992042984596,0.4753041474354697,0.4274933954202763,0.004623160705168398,0.00016060293546129277,0.01420062044733549,0.00016060293546129277,0.00016060293546129277,0.22016035468962364,0.20606931396662562,0.008287157806657227,0.008526795693304615,0.005225879028676462,-0.0709229350470502,-0.07427785198215017,-0.060535494713074026,-0.04668560287309899,-0.04270254809542309,-0.03748501123545897,0.05004158129269647,0.05163102831094077,0.034261210128629385,-0.018542699922231794,-0.014127105050515692,-0.01719617910890125,-0.02463400525707279,-0.024634005257072298,0.03207877784626491,0.03019040639383186,0.03019040639383186,0.03019040639383186,-0.017597190842024046,-0.02746308034671449,0.0053411471051841115,0.005196705023336931,-0.0031179153935808573,0.002192306852373839,0.0346201055443948,0.04189820417282907,0.04287037903709138,0.030224130949503797,0.02412374465274849,0.004946236307840378,0.007353178615601407,-0.01702746038261885,-0.033008759490826434,0.009653020296130148,0.004056006870424156,-0.01287614070076701,-0.02894635922579523,-0.04053439947512162,-0.00038907068099710803,-0.04216774114612375,-0.04463913033675593,-0.037006215159686905,-0.016493845237707395,-0.016964393010937846,-0.00669814814613828,-0.0037774943544377913,-0.0008659644757539251,0.005352425313091616,0.04629219489681536,0.06470372115002097,0.00013315466149807376,0.005317880649025985,-0.00342421340760953,-0.004589099614359744,0.0363278953325175,0.045189081835434276,0.012788806707263494,0.024613249705893746,0.000213454732613942,0.003220307384707065,-0.0023418457541986306,-0.006878710919718639
EPL_AIRPRT,0.024382669250955273,0.006352986152508144,0.10220993415647524,0.02438824601179095,0.024387889510630898,0.0068211229952759075,-0.061505993901930345,0.06494890692300262,0.13461969769942714,0.1379766181183319,0.12985918144270875,0.1322181065641225,0.1664800368274435,0.1658052723895934,-0.07923503895721132,-0.0805382404290105,-0.0805382404290105,-0.0805382404290105,0.024952148239399365,0.041249775175668225,0.004259948032997823,0.025807409164930285,-0.03192698807323527,-0.03518309136702634,-0.0486339132854755,-0.04068564656496825,-0.051424237766972844,-0.04603681295110146,0.02497660550255772,0.04295584374595018,0.059364433533314304,0.0757552664507075,0.013470264244560177,0.013060544008928155,0.03369443286890046,0.052600630575297846,0.015960660394984054,0.0162179014873061,0.05758281012070534,0.06989696763934858,-0.049369643315677274,-0.05463837985729949,0.04518246095909739,0.045963579384984105,0.11090773404855599,0.17398130287933314,0.032414076422830077,0.06134186207519577,0.17118310419890623,0.1673003122645608,0.05365813086790122,0.053035120953395236,-0.025499505150046623,-0.11068876088218103,0.011705307265453123,0.009439522036182736,-0.15143918250868774,-0.19753624448135146,-0.09084350147888534,-0.08529204290748871,-0.13573581714317318,-0.1384589897058618,-0.006909386245732654,0.035049398670736545,-0.04565209993797206,0.0179337490074516,-0.0953919972494972,-0.04440028739052663,-0.011173059408954878,0.08514260788009644,-0.004000296791676527,0.0089957658114792,0.0004751699426893472,0.0033737025327337904,0.038740753014173346,0.044165237179656376,-0.16624684477378607,0.17638889135129818,-0.05164748916767932,-0.06081732279135336,-0.15629236175363045,0.1580601185730191,0.13631968444169368,0.1342645240174152,-0.06561978170440287,-0.008576336143851896,-0.1423697575128751,-0.1321449704583398,0.6358992042984596,1.0,0.5986268125809906,0.5928172418090586,-0.0986188172797476,-0.08994551098084201,-0.02271004644476204,-0.08994551098084201,-0.08994551098084201,0.16042016533002534,0.14898685813924678,0.04150602677334192,0.052682262312826404,0.02058069125817496,0.06758324205806854,0.08373371350654399,0.06776190783326562,0.09442742900043635,0.11189117421720501,0.09969341191003968,0.028980084351826516,0.03676416595892794,0.009815115692786024,0.03582527600087397,0.052778697270676876,0.02405856913441117,0.0722360652932572,0.0722360652932546,0.018291200076724114,0.020847972999770766,0.020847972999770766,0.020847972999770766,0.0275121664368174,0.0743232828171161,0.11522108975091,0.08566542215048102,0.10067783484422041,0.09003387236952747,0.02848358051263295,0.028189666896076212,0.03428644162377353,0.04326293183737454,0.041861156702609835,0.004225555574571237,-0.02704760488692926,-0.05812305148615533,-0.05873963318437322,0.002414805743457172,0.00402013673164152,0.10650995843742375,-0.04975318715857376,-0.04815449499563144,-0.006545178295490521,0.14994743272824848,0.1483133926699771,0.14771693207188982,0.03468334348252575,0.036810236892850644,0.09777747520189325,0.092404419614555,-0.047492232827160995,-0.0566146436657711,-0.020972345446647826,-0.02454123705263414,-0.06943265055172185,-0.08536260256889984,0.04795188379007588,0.04733809014258747,0.01668401598109189,0.01881194550851775,-0.00048550790926047517,-0.004730613358519892,-0.018383109690271463,-0.022422200301934023,0.04005339839052852,0.10318923510738698
SPL_EBM_DOM4,0.03381850244171916,0.010409344993796851,-0.06146401629465541,0.033831830335809075,0.033811959890348256,-0.021431352691130674,0.007128133313757398,0.1690292601868747,0.41750901581582456,0.4088782617338533,0.55978191130049,0.5590708837944802,0.36890437281101685,0.3601023836387181,0.21550203245631205,0.22096254535191664,0.22096254535191664,0.22096254535191664,0.19035299516913903,0.1851849530618829,0.14969775802169896,0.1478869115608882,0.11020730318180036,0.10556730257401775,0.3213993244036786,0.3385688961793623,0.24498474312978638,0.2535994436265551,0.06232938267146632,0.06608893634799314,0.0810200634759608,0.09961276737596486,0.24108963710864637,0.2367839743320773,-0.1662374778663548,-0.15774613035607432,0.005593180571077375,0.007209381468021293,0.01656990227714881,0.01730288599806232,0.15527084483566356,0.15827721111058335,0.026181912899198235,0.045887500249202795,-0.15114328285217726,-0.13812758016731239,0.0707851942432392,0.146896775968338,-8.410876726319151e-05,-0.002733916454990966,0.21227777584592727,0.20963139903917452,0.022236005404858886,0.09806111640879041,0.05446528086643053,0.05220161249629015,0.2726151944798087,0.2848744334300658,0.09347822597930489,0.09414137437637413,0.19138916468705308,0.19953663581070843,0.11873195524968429,0.11924229885227414,0.4690881227832191,0.48300484355356527,0.33205866294623737,0.34591076075769756,0.24838829705029988,0.24268511386564762,0.006607732186461958,-0.019040219660292828,-0.006455708299462112,-0.004994588855163459,0.46570048269560854,0.47288995272073786,0.2182946382323919,-0.22720970228978074,0.27884582671265884,0.28106606298175857,0.3146350829504598,-0.3200429540544175,-0.1128032485287271,-0.11215660743763652,0.6622916171233543,0.7093642788506885,0.47417703417510004,0.4889903366759092,0.4753041474354697,0.5986268125809906,1.0,0.9822034038015613,0.1454537830837377,0.1423471749860053,-0.007533552623970526,0.1423471749860053,0.1423471749860053,0.6643985822743672,0.6610979705661971,0.10829600193271133,0.10218986547402689,0.10177258124836701,-0.2640862395740931,-0.2655494884446765,-0.20996569448832392,-0.10843735464842581,-0.09579038712441192,-0.08765881584327291,0.16632183605866918,0.16208470443058998,0.13512657825712446,0.031435047614803056,0.019884375228155518,0.03028595336133838,-0.009880739534574383,-0.00988073953457374,0.01823980937254363,0.012762000523914368,0.012762000523914368,0.012762000523914368,-0.04912911877298756,-0.05951019499399998,0.08546715270016017,0.10490994421800429,0.07986003286944555,0.09531825756361675,-0.004330829687403225,0.007109287909845382,0.002018542098135675,-0.04772597853551856,-0.07760192924047923,-0.01365219842720644,-0.03025014420822354,-0.02993073552087243,-0.03031014666082062,-0.027949174548649855,-0.025684789212413413,-0.12201134495064264,0.07089024778600642,0.05513885326132233,0.020138430559046582,-0.0631357130329746,-0.09679333130298672,-0.10269772707984387,-0.07043346035716026,-0.07764731987249136,-0.03528341294903007,-0.0412035117477987,0.09913850642051691,0.1388867776604113,0.1051699346021289,0.13797290009891702,0.03200962412175841,0.053391311637581554,-0.03126470559889691,-0.03642642508323886,0.030943138925292095,0.03331500839294085,-0.006002668239436766,0.017406711871434694,0.0202272729428462,0.029261686330339636,-0.034740237754518274,0.039743246354211954
RPL_EBM_DOM4,0.039109234441325004,0.01164703055101768,-0.04782416479935721,0.039122700564879334,0.03910339011579401,-0.02714552674929975,-0.004814822969575076,0.15324931088849153,0.4186431230854927,0.41108464682447626,0.5526222539919192,0.5530905850598211,0.37373997900628875,0.3659888385192026,0.2003215442875761,0.2030938130510246,0.2030938130510246,0.2030938130510246,0.19212759314661923,0.1880378803226661,0.15054319727962573,0.15214232595103255,0.10793018069209201,0.1018501774133165,0.3068063596545188,0.32285216761748076,0.2327250816134418,0.2398094201422598,0.05895224139608266,0.06537337003557492,0.09257550691408331,0.1131029010447042,0.23839676495006612,0.23406716316966572,-0.15852097106533533,-0.14748001552792894,0.0072588606476862326,0.008761401784981557,0.0262184262709002,0.027918045045845347,0.14506107172147398,0.14218281492700102,0.028785419433780896,0.04771966727852317,-0.13344311525643202,-0.11776869113886586,0.0723594251172433,0.14694824265560502,0.014928408887239276,0.012135956168662112,0.21225232009525705,0.20981876698119017,0.01415760711978198,0.08410080701514136,0.04629401644156867,0.03888317995497053,0.25819616413164226,0.2582561679481927,0.08091336445774301,0.08181421522574875,0.1664839078081642,0.17467117753511113,0.11591364274570905,0.11823000442829583,0.45405146656037704,0.4758531527264169,0.3166964743013258,0.33353269811865077,0.23858921166573283,0.2434091266227263,0.007096340286470333,-0.01525833247488469,-0.005955559527834081,-0.004124632800446373,0.4584334896138636,0.46682879886627937,0.185138809028406,-0.1942834613965921,0.27732090264561515,0.2786794690449478,0.2897165463615382,-0.2930407798531756,-0.08218473557967473,-0.08199623276197719,0.6583832557795631,0.7157084752331657,0.4256214428567866,0.4430085191535179,0.4274933954202763,0.5928172418090586,0.9822034038015613,1.0,0.13750273544314448,0.1359899261734791,-0.013336153599332073,0.1359899261734791,0.1359899261734791,0.6481456887979781,0.6497635729148239,0.11590038777313076,0.11047421507759124,0.10617429699657048,-0.25250036514626506,-0.25188143340968777,-0.19709064033906384,-0.091785666008451,-0.07707120385685517,-0.07127314733991155,0.16819360456060797,0.16443894421040833,0.13541709809554314,0.039867911042485556,0.030441515473039284,0.03817788064932118,0.003738342331959758,0.003738342331960245,0.012215092141370155,0.006945862203953411,0.006945862203953411,0.006945862203953411,-0.04706637401550198,-0.05516699155107903,0.09297884163389593,0.11189148435143087,0.08757048971996087,0.10255053240414931,-0.006710910320121615,0.003526393325044376,0.00040567973820900607,-0.0565207292109286,-0.08546750194012032,-0.014909980037148364,-0.03179208862922213,-0.02848483420735543,-0.022263048819265534,-0.031359749540320433,-0.02871269192231422,-0.11384140192599229,0.07646884765646055,0.06373312759950206,0.019121434643517687,-0.04263758818334938,-0.07239587873244346,-0.07935455323407262,-0.06344365775775952,-0.0708204105958039,-0.02620156627692867,-0.033186760652603835,0.09322772382120785,0.13473309938575737,0.09392428451928247,0.12647034279218292,0.021033644573271816,0.04213163265436574,-0.027496467514941145,-0.03241727973065445,0.0245895888404734,0.02694331545600521,-0.012908679013779997,0.012799763821130085,0.017300560732940763,0.02715143595185971,-0.029480893019537078,0.04467864019172522
E_IMPWTR,0.02684283533625558,-0.08967537914234829,-0.10179581747798146,0.02623681387091244,0.026253661010629016,-0.003068495797361454,0.01123386808853928,0.0492865943414179,0.13802614476890995,0.12706816835559695,0.22057979623339338,0.21543399396583332,0.0461863581678519,0.04367968398052773,0.0895005266884938,0.08611962381298792,0.08611962381298792,0.08611962381298792,-0.021941356691756935,-0.04054816169691928,-0.017266767295664166,-0.05081059955689224,0.07603491151410197,0.06983773255021639,0.1908195053804597,0.17403810513151635,0.15556526319933134,0.15068587940831749,-0.09673310233257437,-0.12217371157355551,-0.09523732645534712,-0.08799939406094072,0.018460709367799946,0.015155898602625263,-0.0471170730368421,-0.057658739214515434,-0.09400647965397528,-0.09638577053745936,-0.08181893528490158,-0.09216716913033046,0.10025708320562007,0.10084689155257845,-0.07632686443566407,-0.06779817059041054,-0.25137172122056967,-0.3035474564979231,0.0021964755841958417,0.029372938866256297,-0.203760377600618,-0.2042118722979971,-0.046020199019449544,-0.046180583019917475,-0.06405848423557267,0.1833681008096253,-0.027912155556816864,-0.049076060744581866,0.347830760444041,0.39616713209812504,0.06610068977220777,0.05871905245073359,0.20565660960765628,0.21896897738715235,0.10396644062385123,0.08255744792542531,0.28592709110593933,0.23188322642143688,0.26222120022091294,0.2306820360669579,0.11700261309212724,0.024915075277784627,0.013719161564712529,-0.013659915062469071,-0.0027686189073451114,-0.006797303677975237,0.21521605489785267,0.20818756988838702,0.31547404629909276,-0.3288602605939118,0.26587456371075957,0.27218747326625453,0.35395555506585097,-0.35477258632861874,-0.18189790439902342,-0.1855758078578284,0.2275840930499818,0.16875780524652037,0.291790862390161,0.2856932293294897,0.004623160705168398,-0.0986188172797476,0.1454537830837377,0.13750273544314448,1.0,0.9871945985290953,-0.21351580895511,0.9871945985290953,0.9871945985290953,0.3915165978602535,0.38924783544838465,0.05133371240915892,0.03705293770621346,0.07096697820638118,-0.10387638682622584,-0.1163312807544534,-0.06958511013351182,-0.13572116325798486,-0.14406429855293304,-0.13240964515857723,0.0028593361700208746,-0.011800577635508474,0.011992109277675626,-0.09669585271878765,-0.1067527771336055,-0.06080532575685089,-0.05869744822805207,-0.058697448228051154,0.07365809590100575,0.03529505122518613,0.03529505122518613,0.03529505122518613,-0.04336174432203979,-0.08022824430398426,-0.021664379829197014,0.025806072497366984,0.0007185640667678476,0.01568975666999139,0.06897951718935992,0.09691128530474401,0.059753402242314076,-0.27615789986737505,-0.3474384337172685,-0.23793881976452957,0.09304178239179245,0.07884020627002034,0.04330137022563566,-0.08385366399064072,-0.07589395366901905,-0.19180163323687024,0.15180656447049345,0.11357083372190993,-0.00590000819315171,-0.20124364510383416,-0.24088421358216608,-0.2441623114310192,-0.16762774578682388,-0.17881370424860507,-0.17404855892627047,-0.18120868361660264,0.06621792507632168,0.08719452352369925,-0.00010416132283638644,0.01207812903232453,0.06356613964478743,0.08584415235562809,-0.08801291498695758,-0.089100494652334,-0.021361893034031867,-0.022989446135912337,0.023136839391146594,0.03793757155931756,0.03901188330581962,0.038627472834490625,-0.0818244685500903,0.12640119435368455
EPL_IMPWTR,0.03650046907157834,-0.08413586662529789,-0.08456307765177623,0.035915145313313857,0.035921999466088615,-0.005269050812981787,-0.0012876349672575212,0.04753978359610319,0.13373202359459221,0.12293832185452658,0.20927203224180105,0.2039746516678415,0.0443043021715269,0.04251550802064592,0.06354812928615736,0.0585588508670818,0.0585588508670818,0.0585588508670818,-0.027234014600048848,-0.044303808807985914,-0.026729639139610087,-0.05563858281836873,0.06772649962527932,0.06040080365445475,0.17347693737888617,0.15753634057759608,0.13611334614145165,0.13060839089319737,-0.10615984601601364,-0.12915716646640776,-0.08809527881654791,-0.07844205708264901,0.008016660631241302,0.004812894657098782,-0.04129013592740807,-0.043168648690065814,-0.09468211188667547,-0.09802640014844119,-0.07464102720563325,-0.08343794074162894,0.08041977229380982,0.07688364015617512,-0.07949795445289824,-0.07194272498510845,-0.23762049162059323,-0.28233150952813596,0.002368041707923955,0.031228382202741017,-0.18665577784388257,-0.18709515338014024,-0.053926638207183894,-0.05390725351464551,-0.07756454922541584,0.15159716674355025,-0.03641987446521735,-0.05837976516562521,0.3195206168524139,0.36363758207286156,0.05994282629053498,0.05293837938995262,0.17553559586433037,0.1892890750877629,0.1005571065884069,0.08286810508502163,0.2720132369959052,0.22599426504698017,0.24501413536846678,0.21997254502651345,0.10957159527338031,0.029293284755889017,0.014751095920230753,-0.007094645715496196,-0.002538954434906562,-0.0062105397379666315,0.21148302713437772,0.2052331644318595,0.28683484654913777,-0.29938947115847114,0.26369892132062167,0.2685367799393441,0.3234286074574695,-0.32338512418884896,-0.1502300544761705,-0.1538004426705993,0.21970791374021256,0.1697448661381938,0.2658968144928618,0.26141555988290954,0.00016060293546129277,-0.08994551098084201,0.1423471749860053,0.1359899261734791,0.9871945985290953,1.0,-0.2668416505287889,1.0,1.0,0.3827552612638835,0.3793914615767105,0.05687743987377903,0.044134865667787904,0.07474131937796258,-0.08960273992354446,-0.09637785182787745,-0.05367765099920046,-0.12440557851218619,-0.12898909734289343,-0.11849938551871025,-0.0032460480035564005,-0.01748871141207911,0.005763453908076733,-0.09440846483487787,-0.1029835877951444,-0.06036324734397766,-0.04965374332521282,-0.04965374332520946,0.04496095510851133,0.006608406957742099,0.006608406957742099,0.006608406957742099,-0.03873009509368745,-0.07236091028913363,-0.002933079034371618,0.041205956323689466,0.017232040660808808,0.031355938760501724,0.07138725676726372,0.09869738085972221,0.06081418557806988,-0.2914781760821754,-0.35889062575905534,-0.2364216200039607,0.08548066464902558,0.0757749588544291,0.04192541598397609,-0.09074297040052773,-0.07562576616445846,-0.1712001159372296,0.16308544500678965,0.12763516496084118,-0.004335109471909838,-0.1790448663318926,-0.21338664247169256,-0.21666862385059973,-0.15815200995949819,-0.16940641589711125,-0.1681115253149859,-0.17638724519631901,0.06384239752040229,0.08504243607556505,-0.024539327999942667,-0.016072644957823887,0.05686774615468755,0.07705777534281998,-0.09201942250239731,-0.0925572708234036,-0.02499682832730666,-0.026491290505448545,0.021797281617837946,0.03731883606714874,0.03696425065083197,0.03712559736453433,-0.07830208294007306,0.1428032647921603
F_IMPWTR,0.05384747835081615,-0.06187927733565663,-0.039416430589873305,0.05340259834803015,0.05341588616370229,0.015964078462081883,0.0578850805327444,-0.01407442816538496,-0.03521917168135845,-0.0333251342170036,-0.02430784180929515,-0.022017282627570866,-0.042828855804110985,-0.042887858018045275,0.09289737842597244,0.09452062869222819,0.09452062869222819,0.09452062869222819,0.004640704732419218,0.0074835531459112965,0.02200180372267932,0.021112728114098117,0.007190333579728102,0.012951765409773969,0.015010031225661503,0.017026374359648492,0.06396768557612817,0.06377986448854643,0.0334618659545319,0.038004345474924074,-0.02456411482149303,-0.02885267132424247,0.02629388406887827,0.026019710630353837,0.012586254413465265,-0.022023042574618682,0.0043448712022736685,0.00773810228833347,-0.028412008159732296,-0.03443194383752362,0.09154664714358526,0.08920213530211012,0.029641093892311714,0.028780150053526635,-0.04626055290745167,-0.06403184942082246,-0.017805928846270747,-0.025641393304250328,-0.06525759817523909,-0.06646124158065028,0.0230876290064116,0.02348356273599187,0.0076209183139239155,-0.017027771229772292,0.041936922128949505,-0.020558320264917187,0.1158909424814759,0.12200610757877613,0.016529731336206884,0.01312632497040737,0.02950355325648065,0.029023076220987546,-0.005362681711719862,-0.01455051416593714,-0.009246370464550183,-0.03289233324916597,0.03463706133119057,0.01053359928749332,0.008894620695091598,-0.017357985126329894,-0.009637249490595936,-0.01633888451877803,-0.0010477271816480042,-0.0012272417993217325,-0.022068395868481597,-0.021907648753266264,0.06752546856086691,-0.07033202240892464,-0.026747702926157677,-0.021563338533860336,0.08291178003241334,-0.08571010752010179,-0.10618710438996673,-0.1068783270904712,-0.003778355789667789,-0.02907353736556632,0.06705842301950467,0.06354990943290169,0.01420062044733549,-0.02271004644476204,-0.007533552623970526,-0.013336153599332073,-0.21351580895511,-0.2668416505287889,1.0,-0.2668416505287888,-0.2668416505287888,-0.06932025703131789,-0.061253368092367894,-0.06528595536578437,-0.06492947459354448,-0.04492024832180528,-0.020105886673259514,-0.04530235541529702,-0.04177146578891105,-0.010523807076141778,-0.02986205541870762,-0.03306076883095679,-0.009525509827168136,-0.006479255135401718,-0.0019675183307127594,0.016127920871736236,0.016378044840631628,0.011138820005055871,-0.035923019444628064,-0.035923019444627904,0.0651719951857442,0.06191616310804986,0.06191616310804986,0.06191616310804986,-0.010043636614667551,-0.017688852525174603,-0.09961017917714225,-0.11159592152820517,-0.10831938082388021,-0.11210082716188924,-0.017328251154033438,-0.0003736979506974827,0.04606834988436676,0.02098735214711674,0.040747642884470935,0.05241313792950841,0.1483000196419601,0.11294907045748989,0.005578502900756638,-0.04712194731655385,-0.05124315015975054,-0.04840273919410353,-0.07596767040879308,-0.08181771140134772,-0.009808764719589252,-0.038487441914935354,-0.049278056000703965,-0.05193301569899325,-0.0034363433816731416,-0.0007801473982885133,-0.028926347902281328,-0.02279393717540545,0.040253700041790116,0.03307241916455266,0.07325934747962157,0.07658452482661322,0.03529441212085691,0.04512016688063018,-0.008965823339332797,-0.011768099484171578,0.011569343304617357,0.01271322008173708,0.0006095424301541214,-0.00989402956678935,0.02382600339511221,0.02076278227966467,-0.006467000712470779,0.11099613072007856
SPL_EBM_DOM5,0.03650046907157834,-0.08413586662529789,-0.08456307765177623,0.035915145313313857,0.035921999466088615,-0.005269050812981787,-0.0012876349672575212,0.04753978359610319,0.13373202359459221,0.12293832185452658,0.20927203224180105,0.2039746516678415,0.0443043021715269,0.04251550802064592,0.06354812928615736,0.0585588508670818,0.0585588508670818,0.0585588508670818,-0.027234014600048848,-0.044303808807985914,-0.026729639139610087,-0.05563858281836873,0.06772649962527932,0.06040080365445475,0.17347693737888617,0.15753634057759608,0.13611334614145165,0.13060839089319737,-0.10615984601601364,-0.12915716646640776,-0.08809527881654791,-0.07844205708264901,0.008016660631241302,0.004812894657098782,-0.04129013592740807,-0.043168648690065814,-0.09468211188667547,-0.09802640014844119,-0.07464102720563325,-0.08343794074162894,0.08041977229380982,0.07688364015617512,-0.07949795445289824,-0.07194272498510845,-0.23762049162059323,-0.28233150952813596,0.002368041707923955,0.031228382202741017,-0.18665577784388257,-0.18709515338014024,-0.053926638207183894,-0.05390725351464551,-0.07756454922541584,0.15159716674355025,-0.03641987446521735,-0.05837976516562521,0.3195206168524139,0.36363758207286156,0.05994282629053498,0.05293837938995262,0.17553559586433037,0.1892890750877629,0.1005571065884069,0.08286810508502163,0.2720132369959052,0.22599426504698017,0.24501413536846678,0.21997254502651345,0.10957159527338031,0.029293284755889017,0.014751095920230753,-0.007094645715496196,-0.002538954434906562,-0.0062105397379666315,0.21148302713437772,0.2052331644318595,0.28683484654913777,-0.29938947115847114,0.26369892132062167,0.2685367799393441,0.3234286074574695,-0.32338512418884896,-0.1502300544761705,-0.1538004426705993,0.21970791374021256,0.1697448661381938,0.2658968144928618,0.26141555988290954,0.00016060293546129277,-0.08994551098084201,0.1423471749860053,0.1359899261734791,0.9871945985290953,1.0,-0.2668416505287888,1.0,1.0,0.3827552612638835,0.3793914615767105,0.05687743987377903,0.044134865667787904,0.07474131937796258,-0.08960273992354446,-0.09637785182787745,-0.05367765099920046,-0.12440557851218619,-0.12898909734289343,-0.11849938551871025,-0.0032460480035564005,-0.01748871141207911,0.005763453908076733,-0.09440846483487787,-0.1029835877951444,-0.06036324734397766,-0.04965374332521282,-0.04965374332520946,0.04496095510851133,0.006608406957742099,0.006608406957742099,0.006608406957742099,-0.03873009509368745,-0.07236091028913363,-0.002933079034371618,0.041205956323689466,0.017232040660808808,0.031355938760501724,0.07138725676726372,0.09869738085972221,0.06081418557806988,-0.2914781760821754,-0.35889062575905534,-0.2364216200039607,0.08548066464902558,0.0757749588544291,0.04192541598397609,-0.09074297040052773,-0.07562576616445846,-0.1712001159372296,0.16308544500678965,0.12763516496084118,-0.004335109471909838,-0.1790448663318926,-0.21338664247169256,-0.21666862385059973,-0.15815200995949819,-0.16940641589711125,-0.1681115253149859,-0.17638724519631901,0.06384239752040229,0.08504243607556505,-0.024539327999942667,-0.016072644957823887,0.05686774615468755,0.07705777534281998,-0.09201942250239731,-0.0925572708234036,-0.02499682832730666,-0.026491290505448545,0.021797281617837946,0.03731883606714874,0.03696425065083197,0.03712559736453433,-0.07830208294007306,0.1428032647921603
RPL_EBM_DOM5,0.03650046907157834,-0.08413586662529789,-0.08456307765177623,0.035915145313313857,0.035921999466088615,-0.005269050812981787,-0.0012876349672575212,0.04753978359610319,0.13373202359459221,0.12293832185452658,0.20927203224180105,0.2039746516678415,0.0443043021715269,0.04251550802064592,0.06354812928615736,0.0585588508670818,0.0585588508670818,0.0585588508670818,-0.027234014600048848,-0.044303808807985914,-0.026729639139610087,-0.05563858281836873,0.06772649962527932,0.06040080365445475,0.17347693737888617,0.15753634057759608,0.13611334614145165,0.13060839089319737,-0.10615984601601364,-0.12915716646640776,-0.08809527881654791,-0.07844205708264901,0.008016660631241302,0.004812894657098782,-0.04129013592740807,-0.043168648690065814,-0.09468211188667547,-0.09802640014844119,-0.07464102720563325,-0.08343794074162894,0.08041977229380982,0.07688364015617512,-0.07949795445289824,-0.07194272498510845,-0.23762049162059323,-0.28233150952813596,0.002368041707923955,0.031228382202741017,-0.18665577784388257,-0.18709515338014024,-0.053926638207183894,-0.05390725351464551,-0.07756454922541584,0.15159716674355025,-0.03641987446521735,-0.05837976516562521,0.3195206168524139,0.36363758207286156,0.05994282629053498,0.05293837938995262,0.17553559586433037,0.1892890750877629,0.1005571065884069,0.08286810508502163,0.2720132369959052,0.22599426504698017,0.24501413536846678,0.21997254502651345,0.10957159527338031,0.029293284755889017,0.014751095920230753,-0.007094645715496196,-0.002538954434906562,-0.0062105397379666315,0.21148302713437772,0.2052331644318595,0.28683484654913777,-0.29938947115847114,0.26369892132062167,0.2685367799393441,0.3234286074574695,-0.32338512418884896,-0.1502300544761705,-0.1538004426705993,0.21970791374021256,0.1697448661381938,0.2658968144928618,0.26141555988290954,0.00016060293546129277,-0.08994551098084201,0.1423471749860053,0.1359899261734791,0.9871945985290953,1.0,-0.2668416505287888,1.0,1.0,0.3827552612638835,0.3793914615767105,0.05687743987377903,0.044134865667787904,0.07474131937796258,-0.08960273992354446,-0.09637785182787745,-0.05367765099920046,-0.12440557851218619,-0.12898909734289343,-0.11849938551871025,-0.0032460480035564005,-0.01748871141207911,0.005763453908076733,-0.09440846483487787,-0.1029835877951444,-0.06036324734397766,-0.04965374332521282,-0.04965374332520946,0.04496095510851133,0.006608406957742099,0.006608406957742099,0.006608406957742099,-0.03873009509368745,-0.07236091028913363,-0.002933079034371618,0.041205956323689466,0.017232040660808808,0.031355938760501724,0.07138725676726372,0.09869738085972221,0.06081418557806988,-0.2914781760821754,-0.35889062575905534,-0.2364216200039607,0.08548066464902558,0.0757749588544291,0.04192541598397609,-0.09074297040052773,-0.07562576616445846,-0.1712001159372296,0.16308544500678965,0.12763516496084118,-0.004335109471909838,-0.1790448663318926,-0.21338664247169256,-0.21666862385059973,-0.15815200995949819,-0.16940641589711125,-0.1681115253149859,-0.17638724519631901,0.06384239752040229,0.08504243607556505,-0.024539327999942667,-0.016072644957823887,0.05686774615468755,0.07705777534281998,-0.09201942250239731,-0.0925572708234036,-0.02499682832730666,-0.026491290505448545,0.021797281617837946,0.03731883606714874,0.03696425065083197,0.03712559736453433,-0.07830208294007306,0.1428032647921603
SPL_EBM,-0.0492996777165801,-0.03754276482862672,-0.1438783861599362,-0.04946475528389835,-0.04948260065374847,0.016068357258502624,0.07848800878300226,0.17571166788043266,0.541849526005403,0.5255510663505184,0.7724122195917281,0.7631326075932591,0.46534392606552977,0.45111676400131334,0.36141525635866395,0.3628698781110612,0.3628698781110612,0.3628698781110612,0.17542290606956695,0.16056676351024263,0.24028308851963046,0.20532484866547634,0.1712885469222817,0.18018326084903344,0.3908458647465634,0.39700241472442055,0.29936130281637197,0.30103454653179595,0.06625038426920148,0.05029045780896649,0.02310155557377098,0.0376467870979884,0.267727786736748,0.2622221406161522,-0.25425012229996397,-0.24771361979322404,0.032280593213960984,0.03247353670462446,-0.06390019436231666,-0.07021988365112482,0.2819855203583825,0.28942590458799017,0.02303634529058715,0.04258576266329732,-0.26420272475759554,-0.2850714088786361,0.04465894538200056,0.1112129099411261,-0.13338505138245996,-0.13488746963959752,0.2163918500016804,0.2141056232080819,0.18544709253613606,0.4383163894246183,0.22578593631793217,0.3156210467394551,0.5082237390625248,0.5740025237087848,0.32848263842328546,0.3452157311523379,0.630893223472138,0.630461622921007,0.26391132442368664,0.3005661321539675,0.6685601961444833,0.6690169823259856,0.6105481936154361,0.6458615467465695,0.45701179354829047,0.46300762604968054,0.02408502306843822,0.015795311445208557,-0.0017531221903560397,-0.0018341288023389086,0.8169836456976795,0.8087415736878605,0.324471959081935,-0.34615852416236736,0.4459236939907279,0.45441601904660234,0.46481093017251307,-0.4668190791113217,-0.13495670040147684,-0.1390393794565416,0.6144416284570803,0.5969961608699469,0.5257935586132273,0.5317263089661304,0.22016035468962364,0.16042016533002534,0.6643985822743672,0.6481456887979781,0.3915165978602535,0.3827552612638835,-0.06932025703131789,0.3827552612638835,0.3827552612638835,1.0,0.9873267431689473,0.08142540819725197,0.07001850824231318,0.09347298936532228,-0.3992727550316094,-0.4046474693075483,-0.30773829879397957,-0.23680383162173166,-0.23053578117800191,-0.2112990277217096,0.1782668776862373,0.1767070617161212,0.1604843780444439,0.009831536342622366,-0.006772235021404964,0.01788073353132871,-0.08074840135058638,-0.08074840135058621,0.0700073519555045,0.06122454663299156,0.06122454663299156,0.06122454663299156,-0.037286270378668496,-0.07405376619716478,0.09405225895560186,0.14573698051242479,0.11356027354631718,0.13352471772274144,-0.03935221385879125,-0.03545666198941208,-0.07871384061110387,0.041596344043184644,-0.042471149059507586,-0.03381574517326084,-0.12849807907131414,-0.12880652292124894,-0.11677572259469268,-0.003729090290950533,-0.028582640215272077,-0.2683013280281338,0.12460657534890898,0.074213709642407,0.004990897231751036,-0.15304267029182606,-0.1953906619727148,-0.21267728018623272,-0.1403229021486468,-0.15567543856841298,-0.07635330090702062,-0.08688213692894893,0.13044112611530853,0.172296205082032,0.22194381948800007,0.25701484157493365,0.14065496300932975,0.17289804246522417,-0.06789351222864376,-0.07630777155689845,0.050183549309612434,0.04773568393274253,0.009390064547041376,0.023690042260567035,0.04092368500723795,0.04717987748618722,-0.06673429443677939,0.11442456913877595
RPL_EBM,-0.04545488690782358,-0.0405141299707769,-0.14799478722146991,-0.04564447909893618,-0.04566479636519373,0.01396250212141102,0.0775814357222712,0.1742009949199934,0.5451800827309136,0.5302094585122095,0.7777147322656051,0.7734053772225751,0.4666465885621052,0.4532787180388453,0.35663497614147516,0.35958296194235756,0.35958296194235756,0.35958296194235756,0.17478411277980688,0.15889192597868101,0.22772611591156072,0.19710159093217983,0.1711659419144828,0.17944056208399226,0.3958439221018583,0.40195820817966865,0.30288297810807197,0.30477888452566854,0.059533366415192544,0.04321124035122382,0.01928122748815301,0.03405186625297202,0.26518391437676814,0.25955258117433094,-0.24989254204281894,-0.24463838398675905,0.025547324175043466,0.025729041295425827,-0.06391118675465778,-0.07008387979172331,0.27327337714090005,0.2853683659258713,0.018429073826476523,0.038330416808712235,-0.27149643072777385,-0.29358748954518527,0.04667353167939892,0.1166737994216169,-0.1358857995333364,-0.1372252589225894,0.2122749467592158,0.20968116856850727,0.1779307241862128,0.4345298492652557,0.21550887362624654,0.3042668491942232,0.5093876797867152,0.5775585181433219,0.31585203984940496,0.3309770370586914,0.6206419438426797,0.6244679573222706,0.23420061744117435,0.2747144085681595,0.6727232451105418,0.6758453047683813,0.6111937700786911,0.6543192776153428,0.43513566186658864,0.45121937897968933,0.023076264436977398,0.015103832917498292,-0.0019124199175241411,-0.0019633105637324962,0.8099049728090756,0.8129863393078739,0.3353457275857195,-0.356954916919322,0.44844212086590585,0.45711301092869705,0.474071194969908,-0.4763358670048358,-0.14394856073597603,-0.1477547492736182,0.6195640413013803,0.6009037418276163,0.5320459003487447,0.5365520218815457,0.20606931396662562,0.14898685813924678,0.6610979705661971,0.6497635729148239,0.38924783544838465,0.3793914615767105,-0.061253368092367894,0.3793914615767105,0.3793914615767105,0.9873267431689473,1.0,0.08496710789588738,0.07300017087634603,0.09769158153668864,-0.39590387226714524,-0.40232997073659416,-0.30834267358666767,-0.23659590660084612,-0.23031815582471005,-0.2116245427843405,0.17514439468421855,0.17230663874857674,0.1567791322622737,0.005258314823109756,-0.012189632778510177,0.014121047831993689,-0.0821131254971534,-0.08211312549715265,0.06891824342871003,0.059528612294202345,0.059528612294202345,0.059528612294202345,-0.039362614526784134,-0.07678723409459656,0.09294213494839429,0.1467816222803348,0.11374149388860498,0.13452635395421317,-0.04173070305767665,-0.038274069986233006,-0.07963870425630257,0.026722973710517125,-0.055729660230746575,-0.03805599167172856,-0.12363376909242128,-0.1227676500594725,-0.10590830944111967,-0.003437643700008643,-0.028203943646692944,-0.2716590735769418,0.1291285901659,0.08007970900318301,0.005399661047558456,-0.15990612506719956,-0.20285913200774985,-0.21931367125283355,-0.144311734873579,-0.159031594113172,-0.08155855915122631,-0.09089784940945045,0.1346575920628225,0.1777536308834028,0.21044042459044324,0.24334214461431222,0.14308378096488933,0.1764593726812795,-0.06889428568050161,-0.07721203855228187,0.04812298879984914,0.04572946084759744,0.012641409312377871,0.028696919555799526,0.0425819005178861,0.04962869140862626,-0.06822849434524865,0.11283384562238423
E_ASTHMA,0.09661082172990955,-0.026787534094664216,0.05486277298958816,0.09629890405809327,0.09620561017914389,-0.16579618011956046,-0.09277350272268899,-0.08441841416407048,0.5744674181618691,0.5595435678531008,0.36450978252572797,0.3586878051936387,0.4602229366285938,0.45897256004698844,0.10583596225061197,0.07020991829402666,0.07020991829402666,0.07020991829402666,0.6224798603962451,0.5972652195907937,0.3080107055647182,0.39237669421713156,0.3506014017716985,0.2969879351630155,0.256002254386985,0.26627717177187155,0.3740130102184978,0.3540023048875033,0.14739684901224245,0.20153510019792076,0.45125023206109177,0.46079420103552815,0.5172425913749726,0.512892699993283,-0.14214910611870826,-0.10346308085195409,0.1629292430884768,0.14523239766090262,0.42175856518182053,0.4369270214418729,-0.10076170634283638,-0.15199106868641651,0.1730927141745516,0.18532924709495044,0.1350567589261008,0.17168426067774722,0.07495187613578928,0.1267104938491522,0.21544166371983012,0.2197492388120004,0.4827591458636656,0.4821619288225452,-0.055604226809373214,-0.09545729632911228,-0.04897296278438279,-0.06891100128323195,-0.12361394223199813,-0.12432594718812298,-0.0818871777434279,-0.08932552091391598,-0.14196983604782396,-0.13505144327963928,0.008816980384871984,0.022261731577700884,0.13066491091260013,0.1364117931979773,-0.014842840345142858,0.002366957727315487,0.07813361426353257,0.07431520440522883,0.04825014127808366,0.06645726486609105,0.0033849078650342586,0.0032094972164406063,0.10019750842998143,0.09678344142381459,-0.06716551122993773,0.0686867871292694,0.2330414737131111,0.22054718548826852,-0.07255281139917977,0.07386115547399906,0.24599329394553832,0.25105333160413024,0.1496199725972034,0.16317695120338058,-0.04125236369146089,-0.04028625041553667,0.008287157806657227,0.04150602677334192,0.10829600193271133,0.11590038777313076,0.05133371240915892,0.05687743987377903,-0.06528595536578437,0.05687743987377903,0.05687743987377903,0.08142540819725197,0.08496710789588738,1.0,0.9583781843746527,0.7691673098314957,-0.1733569840803346,-0.14338072537158636,-0.1020520163402638,0.33252392083573895,0.36899729813719956,0.2974676346832043,0.7441235390878207,0.721009528829696,0.5760422166301986,0.4422059213425157,0.4177234013274644,0.37253116641592826,0.6239740006365464,0.6239740006365401,-0.07642148464639047,-0.07205588192712604,-0.07205588192712604,-0.07205588192712604,-0.0047729688756382544,0.013853430915055273,0.1235643612035873,0.15890169000116733,0.15101038450735207,0.1546755396869925,-0.03583832649959349,-0.07014976992425309,-0.07515087296340368,-0.17410935118785226,-0.206698796504949,-0.2081228719016751,-0.13871199055393926,-0.09086488069322016,0.05483361289315181,-0.12005766700750045,-0.11763830861712198,-0.019847570648902114,0.003996573512668451,0.032579267008796035,-0.007859204342094049,0.014382310898311962,0.027783529696096966,0.03628015928769811,-0.18144794876097603,-0.18300159674014432,-0.16469993756948256,-0.16520831615015097,0.2911986705233685,0.40538361406685947,-0.12731774747724106,-0.11241328710461923,-0.3892861123446509,-0.41897017135548575,0.18194321529110513,0.199378057279783,0.0093994593373635,0.014836981953709659,-0.004739636602997495,0.08918564965340188,-0.02934855012616544,-0.00536638750113209,0.16746444691121687,0.23503395067231084
EPL_ASTHMA,0.09772324148990293,-0.04511868110484575,0.06538428046208425,0.09729475387010798,0.09720795971530688,-0.15507868587180007,-0.10032749268370204,-0.08213934830446039,0.5764379843543328,0.5686350025164696,0.3547442055667681,0.3508652490628045,0.46343505279979413,0.4631604758392955,0.06544378058355924,0.030622388188616515,0.030622388188616515,0.030622388188616515,0.5948491799714002,0.5942542023514502,0.2982214075776525,0.39264868026891314,0.303530386102808,0.2764659961595055,0.22819601590054953,0.24683131236467573,0.3489035516496105,0.33995018826768336,0.14681598047848693,0.2070513830702122,0.43290772411608036,0.46189524073370847,0.5070274617556816,0.505136193503993,-0.13104731790705726,-0.08466347294640958,0.1477243953214116,0.13117056310150493,0.4236747400088165,0.44881052810333705,-0.10003478380516627,-0.15373565296614844,0.18122849218330087,0.19274906885838858,0.16660185776267258,0.20969955688553044,0.06054777357493861,0.1271773527581833,0.24419682701287013,0.24847726024152722,0.4789846183397107,0.4789435636585865,-0.05421663071132299,-0.11465969881615547,-0.031648828380571856,-0.06307839938810311,-0.14255617964164577,-0.15360784442748204,-0.08675045229207425,-0.0935973679707702,-0.15843407840135634,-0.1538480794861943,0.00718236515525588,0.02615023613109826,0.10790836683523411,0.1252630109143141,-0.03703864178149881,-0.012867040042740929,0.06865783207294293,0.07280402444975662,0.05136703765928338,0.07399507457630816,0.005077042679568237,0.00507633841726538,0.09112973814478179,0.08828439619249547,-0.09105089279669877,0.09427665689164894,0.2259221511496055,0.21061161626137892,-0.10285037377592816,0.10512447665018589,0.2710437326636855,0.27698096779647474,0.13474432043145138,0.1570730747887253,-0.06765369293171988,-0.0656276898557248,0.008526795693304615,0.052682262312826404,0.10218986547402689,0.11047421507759124,0.03705293770621346,0.044134865667787904,-0.06492947459354448,0.044134865667787904,0.044134865667787904,0.07001850824231318,0.07300017087634603,0.9583781843746527,1.0,0.8146363936873676,-0.15087352300998505,-0.11683056395004533,-0.08626182744973053,0.33156682024867357,0.3751619628749839,0.30281125428891836,0.7121446183438146,0.7270108829028639,0.5773034179089891,0.41295051183664316,0.41199707124418483,0.3655212676114596,0.6437698581066827,0.6437698581066772,-0.07331649553971885,-0.06966727863541461,-0.06966727863541461,-0.06966727863541461,-0.0038677789980393167,0.01665047597890747,0.13474998741964256,0.17038103513175198,0.16243530850627433,0.16562211147264286,-0.03528285429028236,-0.07315663900311854,-0.07689357147374418,-0.179255519810479,-0.2100858351877381,-0.2142287247409447,-0.1482275714793624,-0.10014009755878527,0.04119885073033336,-0.12170866181311592,-0.11776410479510703,0.006716073759040137,-0.006649858125941438,0.02119916533401148,-0.007756167399782354,0.023440902866071697,0.04265268706747428,0.05268474614221522,-0.18721949274308108,-0.1877290253525454,-0.16459659561411094,-0.16221975189285465,0.2668809546806134,0.35720912439240493,-0.13353555217702195,-0.11938220517411811,-0.3652224825158902,-0.3934605425692616,0.12522547830874262,0.13505577074356123,0.015490966206179676,0.01997450828092505,-0.0007011631213068864,0.0882675412005102,-0.03277784838643072,-0.011303815201832304,0.14476667240477847,0.23217008322807878
F_ASTHMA,0.08550682906002482,-0.046179852602526605,0.051060713428635045,0.08508946288260731,0.08500910893717452,-0.11955514704995811,-0.05747483696021628,-0.047090532545998674,0.5517945271810523,0.5422963732042385,0.31957187145299903,0.31804518633599377,0.44795024430629476,0.44684926526871116,0.11025563114036746,0.08385668391715646,0.08385668391715646,0.08385668391715646,0.49982133288601865,0.48828814028702516,0.2456067513790823,0.31894564494908595,0.27912916240929764,0.2553708374402658,0.23299566876644104,0.24668958105043168,0.3134999902817525,0.30610754560988573,0.10376868459589343,0.15280516577432643,0.34948045611454054,0.357798832248929,0.4278862296686056,0.42863838625650746,-0.107361408663942,-0.08701550393517236,0.10952363833375274,0.10256382620376492,0.3386271275682279,0.35144114900231777,-0.05731852835778564,-0.09103316729362146,0.1488930956249204,0.16271392398649384,0.09700981105021647,0.11511719453247585,0.056202157848962764,0.09991295440107928,0.15486032895735716,0.15722398914864555,0.39818378237070945,0.39933703207487126,-0.05323420240044868,-0.07440363740569819,-0.021324820246516742,-0.04278608272147108,-0.05138166410246327,-0.058312739125024604,-0.046383633080449155,-0.05115076672759933,-0.08667837849165719,-0.08118281297086394,0.021682844956117657,0.03071615612159949,0.13201941116708413,0.13052750071231264,0.019241305564526693,0.02490041968924926,0.06999314532343315,0.04809723811544617,0.042589525852742935,0.05759597223975193,0.005047638682092436,0.004666747382916315,0.0966317950898103,0.09359163470700821,-0.00797222097030367,0.00796482958765236,0.2144114156612528,0.2059141551690635,-0.010029674770690463,0.010495237500710415,0.16582133332721716,0.17079052627263663,0.1454991795418743,0.14815674015452787,0.002743572384489988,0.0018290869840384804,0.005225879028676462,0.02058069125817496,0.10177258124836701,0.10617429699657048,0.07096697820638118,0.07474131937796258,-0.04492024832180528,0.07474131937796258,0.07474131937796258,0.09347298936532228,0.09769158153668864,0.7691673098314957,0.8146363936873676,1.0,-0.15401484344486951,-0.14205315598812385,-0.10348825866182161,0.2575885061418121,0.2830646768430751,0.24244225637891462,0.5729117901092703,0.5816508988658686,0.5277049377512882,0.3534570588870656,0.3438882604207211,0.3295848351270972,0.6489715218995699,0.6489715218995571,-0.05222937412536406,-0.0490235918478931,-0.0490235918478931,-0.0490235918478931,-0.002977345729601537,0.006535503629364055,0.08198913323714571,0.11639284029674471,0.10953780892803701,0.11178629960618205,-0.015454106578723465,-0.04225613264840296,-0.051493265430091695,-0.15858496547603107,-0.17967908679217878,-0.15526460477218995,-0.08927201101042101,-0.05584505084891457,0.04816049074943447,-0.10156958895327023,-0.09667299783431643,-0.031607588123406784,0.0020593295923260293,0.017231256921019678,0.007195849406500213,-0.016446963071037494,-0.01264200843742038,-0.005443448253014547,-0.15719069986223697,-0.15656468628260395,-0.14698052819893043,-0.14544177206148642,0.23782120050312155,0.32030102754776896,-0.10756582566595287,-0.09710854945091392,-0.20156824279730376,-0.21732277190161833,0.10965773676552701,0.1172009423362387,0.01545209899904957,0.018714384073475504,0.017102726168522805,0.09224742204497789,-0.019535936513244017,-0.0023010215997158077,0.13011996247796545,0.2254406425999419
E_CANCER,-0.0008459225092954311,-0.06869694806420064,0.1395496344248267,-0.001273084547888151,-0.0012915867277268423,-0.11416040302000223,-0.2672620000707809,-0.12922787578483136,-0.2663607608232825,-0.2624982007427267,-0.4777081659750272,-0.4734285323660603,-0.19387213675287088,-0.19301902311886776,-0.695398233645653,-0.694988701824752,-0.694988701824752,-0.694988701824752,-0.3908695754847113,-0.3620644482722272,-0.4094357963887327,-0.3629253912722785,-0.23793786148272575,-0.23325888498970088,-0.5811918880972752,-0.5577628300443107,-0.4451785290182094,-0.4185587975165083,-0.32576273633824254,-0.315712702546598,-0.06475482213747799,-0.024373808743477218,-0.4582680429577714,-0.45718087406655245,0.813157970074407,0.7614166275038295,-0.24880682749706712,-0.2612742845736689,0.23315044654102368,0.24618680061649592,-0.41873358353217266,-0.4149925160539361,0.15428566678328356,0.1072721382617334,0.1901628325672016,0.25017643020454466,-0.20382723965815105,-0.006866625801501072,0.18521627083753298,0.1838529651299881,-0.3448422423342408,-0.3472877354169055,-0.13500787094910352,-0.2600545423980272,-0.0968438541598012,-0.16858215554385184,-0.40414234789004394,-0.4436848808453084,-0.26646707884620835,-0.291384417939982,-0.42954836277454217,-0.4314876259141998,-0.09129948285951756,-0.042099808332759704,-0.38257904629253836,-0.31351252504731447,-0.3728826365695509,-0.31088260619891755,-0.1897494778379209,-0.0867066199920764,0.032350696097763615,0.06540317826827384,0.006341787926630301,0.006766850253116714,-0.28912199413024736,-0.28979295465297156,-0.26014278837286087,0.2822830819191507,-0.09786480263730223,-0.11384918236718684,-0.4126389363371762,0.4106005174368119,0.3282068840076964,0.32277181046126824,-0.33433012210229146,-0.2698871511016067,-0.3860595726095734,-0.3835369112463218,-0.0709229350470502,0.06758324205806854,-0.2640862395740931,-0.25250036514626506,-0.10387638682622584,-0.08960273992354446,-0.020105886673259514,-0.08960273992354446,-0.08960273992354446,-0.3992727550316094,-0.39590387226714524,-0.1733569840803346,-0.15087352300998505,-0.15401484344486951,1.0,0.9550518405644925,0.7431678857012463,0.6102417745270773,0.5671614744290506,0.42349068193791256,-0.5209434399439515,-0.49017433239059993,-0.3869163444067218,0.042486199828036815,0.05796148115500891,-0.034858481472439716,0.19265639950145838,0.19265639950146007,0.019510576490127694,0.013071630825936133,0.013071630825936133,0.013071630825936133,0.06004397018948191,0.09555940586105255,0.046376948457374376,0.018127922943790804,0.04420683618252856,0.02697371670947785,0.12849495625572652,0.13302305782142038,0.1400585384911959,-0.1348481907599195,-0.11493758420982259,-0.11247296922369718,0.08005949864263766,0.03885756476331236,0.04542120344351052,0.030376355424744997,0.060541873837945764,0.2865982912178909,-0.042842374515043906,-0.018717146154175943,-0.010255145880083461,0.14640310717083876,0.17622579076263,0.1906902770821628,0.08391393844250167,0.08519961074875344,0.12281175447241344,0.12053844200879998,-0.36874941862672034,-0.3866475951195391,-0.41863545244901257,-0.452624598557592,-0.22110795597468144,-0.24131283528243366,-0.019226491263149337,-0.01260464604884286,-0.07523374797945838,-0.06816426078722775,-0.07503213956897263,-0.04678524992644557,-0.06945782471428047,-0.06160419545701062,0.007549472281478474,0.15102904793538388
EPL_CANCER,0.03457119482846925,-0.06646030065996723,0.1701731787687908,0.03410563677240343,0.03407705981741237,-0.109050603894342,-0.30080759945894553,-0.11894751247575751,-0.2786229175270296,-0.27311415116612026,-0.4975571865202462,-0.49424849231234996,-0.20185188337771132,-0.19974374467211384,-0.7559791583309041,-0.7545537901393644,-0.7545537901393644,-0.7545537901393644,-0.4029859900575275,-0.3753929047845323,-0.43589045692833883,-0.38444269939694325,-0.2602826091321825,-0.2546221041164855,-0.6030506370973078,-0.5839735827322409,-0.48381994883954055,-0.4661897427388145,-0.3459582079109869,-0.33395433010857617,-0.06149598670477817,-0.018772389618310847,-0.4863457380134297,-0.48465690625598,0.7124883315958673,0.7756445816411123,-0.21762474585088176,-0.2453234292204284,0.204595870096739,0.2266643543934947,-0.4569148320309034,-0.45966584612305317,0.132644602277403,0.08988843415746685,0.19835834129689286,0.2767477783849013,-0.16833920457308255,0.015983308195304052,0.21976792096579575,0.21925129204215202,-0.36962405133111875,-0.37176739427098054,-0.1512259691492698,-0.2806702633449045,-0.10654018995059482,-0.178377783263087,-0.4431658299782671,-0.49306249223165327,-0.28515615109807296,-0.31041140243464554,-0.4653972967545214,-0.4662893229638364,-0.09632569980134754,-0.03688438525623829,-0.4063204369573587,-0.3196423935907223,-0.3954164410056782,-0.319796002392818,-0.20754135675048263,-0.08480861801445735,0.041898287656351174,0.08421773278935547,0.008185254605308733,0.008864730411115584,-0.2904524023549757,-0.28812915804463207,-0.30452083440349254,0.32712042072969705,-0.07778507972463902,-0.09807186093719399,-0.45665970675249107,0.45610494339482005,0.38899548977806886,0.3841449552695155,-0.3494094428066744,-0.267618633908564,-0.4238585751132761,-0.41812014947817316,-0.07427785198215017,0.08373371350654399,-0.2655494884446765,-0.25188143340968777,-0.1163312807544534,-0.09637785182787745,-0.04530235541529702,-0.09637785182787745,-0.09637785182787745,-0.4046474693075483,-0.40232997073659416,-0.14338072537158636,-0.11683056395004533,-0.14205315598812385,0.9550518405644925,1.0,0.8093591565373484,0.556175639236191,0.5599749225894517,0.41601408982497445,-0.4867540436862912,-0.47371188470623204,-0.3936251101796236,-0.010995862371084396,0.01132213028064116,-0.08080658553930042,0.19841705460270015,0.19841705460270548,0.005138390570984487,-0.0002487581315272754,-0.0002487581315272754,-0.0002487581315272754,0.06125656429422783,0.10116901279035612,0.0888302000633647,0.062688695743132,0.08704977042378302,0.07120333040498775,0.10868790656140627,0.1061000816917678,0.11226403906070732,-0.16199436208733767,-0.14912357848895197,-0.1458324513750637,0.031303234917799835,0.01015889289337056,0.04658472308981203,0.03461726800872121,0.07439321009033877,0.3181296151518034,-0.02180826445010016,0.007714532135586529,-0.010515061557257682,0.17748907277505635,0.21148033827436793,0.22579092371464307,0.07808191840674848,0.07905180389492573,0.13114011255138766,0.12831807487385724,-0.40268398973197084,-0.42189755448866567,-0.45624113526132837,-0.49428896107000575,-0.2358885366131792,-0.25724834472132424,-0.021243509924825408,-0.014419042431492455,-0.08187044258498948,-0.07437818423068109,-0.06836153212996691,-0.03838974119429616,-0.07459609994740701,-0.06767347064140473,0.007778552579744418,0.15641720511038926
F_CANCER,0.029034543938354626,-0.051981731841249774,0.14263508911977724,0.028667450562411736,0.028633000079021302,-0.1105605633889594,-0.24955813436440855,-0.09469788182111474,-0.12670035411961117,-0.12356704616317088,-0.36930898227835124,-0.3735942927876346,-0.07308639235868407,-0.072656495405155,-0.5580115300726475,-0.5968788430710168,-0.5968788430710168,-0.5968788430710168,-0.26259237804040797,-0.24985325672569422,-0.2859493923560632,-0.28059364634377754,-0.17337966209675656,-0.1779762134626824,-0.4150744932956524,-0.42957386080169896,-0.321514933135432,-0.3281816103232542,-0.24396124148513518,-0.2547387550748997,-0.010832131153444608,0.029914604708971802,-0.34030175963153964,-0.3422098683641161,0.5803873560994899,0.6361238243644027,-0.20881807917225081,-0.23452645396060784,0.1547700016762124,0.1728481123264091,-0.29659948813250714,-0.3634868746551723,0.09246226594758743,0.07353946683222035,0.13913259594409635,0.21214363774061293,-0.08207577288095212,0.024080288651954027,0.17543836599161836,0.1774605142839509,-0.2627264859303191,-0.2660442304815669,-0.10102186626640663,-0.20742623113188063,-0.07328911983558488,-0.13600577523590324,-0.32601523962017515,-0.39222099098154173,-0.2383572200819993,-0.25636010613017746,-0.3646805860418822,-0.37087237603815515,-0.07822084719942979,-0.037652288271977294,-0.3130442270131461,-0.25237213165156663,-0.2889127983439276,-0.23865601546321008,-0.15915524781475357,-0.06538796486160174,0.043687310996398956,0.09036276924237283,0.00967765868827289,0.01133580140885175,-0.22237633363761508,-0.22024493324037997,-0.24515434859221175,0.26305493629531523,-0.04640982639171594,-0.06491624088128407,-0.3464816484647822,0.35113616966792066,0.3126416264876065,0.30498074313359014,-0.2772646446904674,-0.2129228725178765,-0.33944266381074545,-0.33285446476326913,-0.060535494713074026,0.06776190783326562,-0.20996569448832392,-0.19709064033906384,-0.06958511013351182,-0.05367765099920046,-0.04177146578891105,-0.05367765099920046,-0.05367765099920046,-0.30773829879397957,-0.30834267358666767,-0.1020520163402638,-0.08626182744973053,-0.10348825866182161,0.7431678857012463,0.8093591565373484,1.0,0.45037879215315624,0.46655995603264905,0.3831999111598795,-0.34780120081723476,-0.3551346034440796,-0.27900711271732814,0.011083981722929518,0.047846603878138286,-0.0248626765899541,0.3169251167562154,0.31692511675620366,0.0403261717866166,0.0356270396103173,0.0356270396103173,0.0356270396103173,0.054930273583643954,0.08894425046315804,0.07399888089264507,0.05552267411048018,0.07701755603307385,0.062749983900104,0.09251974210392033,0.08760746096924538,0.08394566573980079,-0.1235922310653354,-0.12486333299077537,-0.12639136493856026,0.012283931214725877,-0.0015040786973577098,0.03404678904814159,0.02132328702523902,0.04980536444469885,0.2253528964983348,-0.029890678390630716,-0.006167641061411337,0.005915130892415962,0.15099508370497755,0.16889937145831907,0.17370350767395287,0.04687839525936367,0.044987254368898645,0.10671269588574625,0.09934909588813319,-0.3074144795882969,-0.31911085081778157,-0.31530247730267535,-0.3435959091882591,-0.18280943993901183,-0.19621110876140394,-0.03606165456198797,-0.02976147476512191,-0.06623392382377258,-0.05982046441948854,-0.10865209584268537,-0.07900425943581918,-0.06597551572606482,-0.055251856163035816,-0.02274965824048795,0.15014736074724636
E_CHD,0.023346526040747682,0.012186434038794486,0.20517813500286844,0.023392504086306762,0.023420716856789977,-0.26239601483811426,-0.2120264046908802,-0.18226307845627426,0.41311992042941476,0.4068918274118632,0.08119374808022381,0.07610117692221822,0.4215934221856767,0.4196412466236124,-0.20617968159015873,-0.2565878135651915,-0.2565878135651915,-0.2565878135651915,0.359520160163614,0.37461328913743597,0.21924334086919398,0.3040515066650339,0.13819137430045772,0.1022832819780855,-0.22242214455873116,-0.18177095521130723,0.012604200746379952,0.029083245357534926,0.14029447403224374,0.16853330430644717,0.4815086096898906,0.5119848684150033,0.26338866978790837,0.25947748438560164,0.6224730110240825,0.5773113612932237,-0.0519367278551462,-0.06954832577489534,0.6176697331018213,0.6194071903411493,-0.0987310400471084,-0.23090591994341278,0.4911461622255511,0.45720074311491515,0.39804368076497737,0.42456512528078766,-0.11510477126848492,0.060465776459754025,0.3589209193901798,0.35913410016938146,0.36885444194041334,0.3632379275949241,-0.12749104087123755,-0.3168345334802348,-0.14876436901995008,-0.2129400074588609,-0.34151558449147207,-0.4034069973657503,-0.16433244062278465,-0.1781379935517363,-0.42153958862395907,-0.43312557592426804,-0.059857182182146314,-0.029538682438546134,-0.18973985613726085,-0.1391343498550552,-0.29351370735320653,-0.2613790129621273,-0.04968774661942936,0.03591873665717679,0.06674901344533143,0.10958290153326268,0.009770960491247871,0.010787663446189654,-0.13877280899299158,-0.14265444915617098,-0.3402349859076795,0.3552371193308095,0.10274754615017015,0.08101255505184599,-0.3802322489347825,0.3843941828521086,0.4798526915798037,0.4745213980268385,-0.13040697566334455,-0.07191364340905304,-0.33417100383764653,-0.3299121524113202,-0.04668560287309899,0.09442742900043635,-0.10843735464842581,-0.091785666008451,-0.13572116325798486,-0.12440557851218619,-0.010523807076141778,-0.12440557851218619,-0.12440557851218619,-0.23680383162173166,-0.23659590660084612,0.33252392083573895,0.33156682024867357,0.2575885061418121,0.6102417745270773,0.556175639236191,0.45037879215315624,1.0,0.955744009527141,0.7770557245646261,0.13811065261857566,0.18903579095612205,0.1750136545979844,0.748152330158162,0.735308324926482,0.5690140227914812,0.7276561627259944,0.7276561627259932,-0.11502047932566836,-0.10642472373929768,-0.10642472373929768,-0.10642472373929768,0.02983390272203889,0.07545447774715898,-0.046751172874018185,-0.06102775001591893,-0.03480838833013993,-0.05264774901708246,0.05630217805782775,0.06087821763725661,0.10173016139652588,-0.0974451923594553,-0.05766641152927332,-0.07342195563110508,0.09402069297741097,0.10776211365458013,0.18204357144253816,-0.021088301596791568,0.0032406818285371426,0.220729477014037,-0.04565729235200425,0.008553570282565648,-0.007950068871751153,0.21157226897333878,0.2621654235563054,0.27543728018799274,0.13799722407650442,0.13496316854638446,0.09187499332647181,0.08217542263758032,-0.05680047034574743,0.028395630266249472,-0.18524931252882088,-0.14767429680831404,-0.34648574670098864,-0.36402543025243017,0.09165702918507626,0.11248657544929548,-0.07770765796017946,-0.06593994945536245,-0.2134271174881922,-0.12165306954462944,-0.1019211076792401,-0.07304595605639433,0.1174514240830581,0.12123454467691616
EPL_CHD,0.053283336336924274,0.02275518003424123,0.21451011822739205,0.053351004708013613,0.05337798197934096,-0.2698259091003105,-0.23592344919483207,-0.16907151711907342,0.43833081593778805,0.43193901853068817,0.09510825838606446,0.08964602254152125,0.4483206144919682,0.4463401961484104,-0.2297347456774463,-0.2813005210706415,-0.2813005210706415,-0.2813005210706415,0.3761140040678773,0.3980597708459233,0.21610564674023192,0.30930453737758745,0.13016404202686338,0.09709333279438447,-0.21083086346734192,-0.17077123476687844,0.013991678481636773,0.02760125346828928,0.1488699903428961,0.181452215393855,0.4990016134110851,0.5453744014460772,0.2792748932626788,0.27422350189825984,0.5559314842920441,0.5795030488975909,-0.03926516673836612,-0.0661314139586245,0.6066806275931979,0.6347180508052703,-0.12056369522555815,-0.25960483962760494,0.484983307223613,0.46242153375182954,0.39739956091490475,0.4520774998828786,-0.08666315687493407,0.08350398499579681,0.39491226145653235,0.3960930204669142,0.38455276176532766,0.3783712326729063,-0.14665187962894302,-0.34080510056984475,-0.1638083880009644,-0.22971913335200117,-0.3643076495283426,-0.4381898767724448,-0.17656893027028334,-0.1917222869966369,-0.45518992647049605,-0.4662721922951486,-0.05962269913778898,-0.023661599941494648,-0.19049933959256507,-0.1271903623066626,-0.31205891596016744,-0.26771067402341486,-0.048479092587800685,0.05571352550733613,0.06577897326296873,0.11164767354378324,0.009680836456443038,0.010930808423993849,-0.1258967718224745,-0.12755113132839604,-0.376128623904631,0.39159181235254314,0.12833942052806865,0.1033709524270982,-0.4066230771283872,0.4125876327382916,0.5286605145542785,0.5260409604761599,-0.125237168465273,-0.054648501334702795,-0.36002230682668535,-0.3532172375485499,-0.04270254809542309,0.11189117421720501,-0.09579038712441192,-0.07707120385685517,-0.14406429855293304,-0.12898909734289343,-0.02986205541870762,-0.12898909734289343,-0.12898909734289343,-0.23053578117800191,-0.23031815582471005,0.36899729813719956,0.3751619628749839,0.2830646768430751,0.5671614744290506,0.5599749225894517,0.46655995603264905,0.955744009527141,1.0,0.8175865068474341,0.18758827569262607,0.23314245955630908,0.19969373562228498,0.7200043774606216,0.7456568262942899,0.5659547836760861,0.761527892246969,0.7615278922469627,-0.13348307379340368,-0.12466877371713588,-0.12466877371713588,-0.12466877371713588,0.031085405665543776,0.07711524116265647,-0.025300094271079605,-0.03999293722745506,-0.01486789069243441,-0.032337741825328746,0.056663499325467714,0.05883122951519361,0.10188507987848561,-0.1225383703099769,-0.08199896511551066,-0.09544886221448386,0.08078599658495784,0.10274953749660425,0.1993704617834999,-0.0244519076526901,0.005280297197689853,0.24142115905247385,-0.030756914304059524,0.030572607445590424,-0.010253837865700888,0.2365039884990513,0.2918552739458605,0.3077004525791858,0.1446617127321107,0.14048184111989132,0.10098812305180807,0.0899475901126256,-0.05816386378530151,0.028490253552409892,-0.2047497190698795,-0.16497209510159422,-0.3735898022272191,-0.3926291857731037,0.0860663619423769,0.10355354377732333,-0.08474747898015317,-0.07179927070367101,-0.22024618674728233,-0.12195602440170497,-0.10935250301944195,-0.07852981920721358,0.11761295520742715,0.1063415665474334
F_CHD,0.04736127733247682,0.023046640713249095,0.2104538362878611,0.047439650256535015,0.047481702087459436,-0.2357882706349496,-0.20514109909128542,-0.11951147485330381,0.41482053016540105,0.4118752852101739,0.06672690656633813,0.0646885404748025,0.41140261014111235,0.4117014313765147,-0.19106274423042613,-0.23272160327813965,-0.23272160327813965,-0.23272160327813965,0.34103326584163046,0.35828500081125564,0.1630764085087812,0.24684286269988856,0.11198402749726936,0.0820021923429608,-0.11849225357287146,-0.09379578617552671,0.009862241924750844,0.018628021849527575,0.12593732145930395,0.1641312164140177,0.4455808877270408,0.469475974486983,0.25052772851201704,0.24836248030336144,0.4273452665363187,0.4334942606058433,-0.07489492914275135,-0.08913638073925081,0.5050286330683734,0.523416489368337,-0.13356351354512697,-0.24445237169537476,0.33555681177880536,0.3323605455598979,0.3664946476840347,0.3943244588609228,-0.028472634043820156,0.06511327497648858,0.33810135067037483,0.34029765843757415,0.31859940467193304,0.3154305265814513,-0.13315857245726542,-0.32312200740043595,-0.14155658562131104,-0.18598525589967743,-0.3000713060983897,-0.3810069413104334,-0.1432842920831408,-0.14995774904200626,-0.39534657166328946,-0.40606033429608096,-0.048719306546050306,-0.02674524940151389,-0.15883192631367404,-0.1059923601271955,-0.26367622440624744,-0.24017999289566155,-0.045599540655848,0.04255051715387522,0.06604082964761403,0.11402709171957309,0.009461931043047074,0.011083111597870728,-0.11321263680417291,-0.11507187061815134,-0.34735550989550706,0.3589763520282846,0.058431357035396154,0.0396067403004849,-0.33955822224034915,0.34967559370584306,0.42431301731583954,0.42107162113813285,-0.11275476889569346,-0.05396062484373419,-0.3204371345301173,-0.31362500869628623,-0.03748501123545897,0.09969341191003968,-0.08765881584327291,-0.07127314733991155,-0.13240964515857723,-0.11849938551871025,-0.03306076883095679,-0.11849938551871025,-0.11849938551871025,-0.2112990277217096,-0.2116245427843405,0.2974676346832043,0.30281125428891836,0.24244225637891462,0.42349068193791256,0.41601408982497445,0.3831999111598795,0.7770557245646261,0.8175865068474341,1.0,0.1907355283928949,0.22024911368748404,0.19368013089615052,0.5793917175077898,0.6023809809756691,0.5105547384349137,0.7588140371186448,0.7588140371186397,-0.12158160952114293,-0.11400428638053096,-0.11400428638053096,-0.11400428638053096,0.027393569883793947,0.06970205173153954,-0.03154427410467984,-0.047940906384472674,-0.024228414889561227,-0.040478294540877646,0.03374728301820963,0.03444298932383857,0.07144847780361355,-0.08591670465943851,-0.046738972513533865,-0.08185669782696468,0.053492096264180625,0.07450767347265594,0.15766525154009922,-0.04760287063426176,-0.026002357802440382,0.18742055565204227,-0.04660553977187298,0.008420294600875965,0.006641786166290098,0.22448587223957353,0.27679097907643363,0.2857500512655081,0.11249707041417291,0.11135692602628047,0.06472952395557051,0.05600892092558727,-0.04614052955986855,0.028422162951721425,-0.19703567286437987,-0.16820844761298637,-0.2589913034139095,-0.27663819917441956,0.08539154629709854,0.10021116243539643,-0.06364001679214897,-0.05306628195210727,-0.16778145507975845,-0.08044267197318308,-0.09707614043652316,-0.07136587488216259,0.1097795590986613,0.06609728562163832
E_MHLTH,0.057581367024630195,0.09699890828902229,-0.0028782613586298155,0.05810417053208148,0.05813496942999611,-0.08894400960322249,0.05950266862324832,0.023233204115486124,0.6540487159612435,0.6475490736738562,0.5307285442589708,0.5238209244936981,0.5484785244959854,0.5479672862868961,0.3313921366433262,0.3063719146935167,0.3063719146935167,0.3063719146935167,0.8091085034747449,0.7779121127125854,0.5471305082633785,0.5802274707525205,0.37282166901348107,0.3381691876740156,0.47874006176244294,0.47110379970429767,0.5436090827670537,0.5067970053649511,0.43094329194258163,0.4598575561665912,0.48500552700407273,0.48311421730409626,0.7295904012622586,0.7255389535516497,-0.42074818270922615,-0.4012957630654367,0.1834267258658744,0.19179213815515717,0.3058555765392734,0.3127864558493921,0.18100763351625332,0.0842223340573382,0.11556966255838556,0.16547235388799883,0.165527700244225,0.1636622720561825,0.26920616738237824,0.11048994647709105,0.1934844334720157,0.20159526665674168,0.6507526971928455,0.6506301935952277,0.009967552499716334,-0.068228335531831,-0.006095540277760657,0.019261619693068503,-0.0012383744214886513,0.023799262679525424,0.09900824467057864,0.10294870685783028,0.023399677658032185,0.01345006037187458,0.024253275876341907,0.009457399153104418,0.20953157321647856,0.19645061120489707,0.0751995461308808,0.060733369809368734,0.15824339319711703,0.131733277124223,0.03770153151535294,0.04756709277616245,0.0005551770928231539,0.0014104548868532271,0.16681938292039053,0.16353906014678388,-0.06191044193916901,0.05703800346066879,0.1536670627441485,0.1454473392948417,0.03192917315400357,-0.028219608558109305,0.10800525864026607,0.11181960438847104,0.21453445190014192,0.20532039584923162,0.06657543188064158,0.06634720059433086,0.05004158129269647,0.028980084351826516,0.16632183605866918,0.16819360456060797,0.0028593361700208746,-0.0032460480035564005,-0.009525509827168136,-0.0032460480035564005,-0.0032460480035564005,0.1782668776862373,0.17514439468421855,0.7441235390878207,0.7121446183438146,0.5729117901092703,-0.5209434399439515,-0.4867540436862912,-0.34780120081723476,0.13811065261857566,0.18758827569262607,0.1907355283928949,1.0,0.9538764932572588,0.7748274485484283,0.4241304940715612,0.4401631612317131,0.42367931736334424,0.5268027418397713,0.5268027418397696,-0.09958279633879241,-0.0852441694687059,-0.0852441694687059,-0.0852441694687059,-0.028417978338151687,-0.02751254452475385,-0.050046898537255274,-0.02736525494708377,-0.03321956607011428,-0.030106370362313804,-0.08299677269528459,-0.08769618046107212,-0.055767788746319456,0.026266734920530846,0.029148883500385834,-0.05137224134319535,-0.07481755214128491,-0.029997763145176555,0.08922418920702214,-0.0717285061131448,-0.08860294507826322,-0.06879080627344514,-0.07089444919267661,-0.03766400695028061,-0.0032047592204761484,0.002696520430874388,0.027557630894840795,0.035926939215624336,-0.06843609840789096,-0.06876545074525021,-0.13231903247505092,-0.13437764734679333,0.258055449048432,0.33306070394005344,0.17394046626004173,0.21718975437416607,-0.25419386445413933,-0.2691521158244951,0.12489735618890209,0.13176061037453438,0.03268097779899828,0.03616767140692453,-0.03314350150841826,0.02296268553055594,-0.030776683269057383,-0.01711515398097703,0.09286296146355975,-0.04492899745308719
EPL_MHLTH,0.054365324846632763,0.10358867789324135,0.006951975491994212,0.054934551344422954,0.05496949323407248,-0.08579062027899628,0.07643744985675698,-0.0031270938002763136,0.6908263950077391,0.6894082317694268,0.5575190870848339,0.5518456932013523,0.5855958618723882,0.587311221766389,0.3436548067653312,0.3158860835862515,0.3158860835862515,0.3158860835862515,0.79216158082736,0.8025419272006851,0.5774452171992973,0.6351533111839837,0.35238073324866315,0.33780354263412543,0.44877962229579044,0.4600493844170387,0.5209193329411728,0.5091110202923772,0.4683661097557201,0.5099699964392099,0.48529785264602315,0.5050415842884383,0.7566853524188937,0.7576789871384924,-0.3925454854754457,-0.3831383692698379,0.2156121607807657,0.22162896211214392,0.34918413131535553,0.36496048225599464,0.1992186014730066,0.10209565535999865,0.18409593710375527,0.21942573104889573,0.20749876494447672,0.20643596181681995,0.18171450625091276,0.08976481059956107,0.2119848938859282,0.21841961281812128,0.6923854415764144,0.6951642175304084,0.01640019521425002,-0.07658414539746054,0.001240890376774263,0.02577128208505723,-0.015127505121361717,0.005034340926617435,0.10876788116704213,0.11114820878714232,0.01936288237970915,0.007180870716845345,0.023383258035009836,0.009697910625685499,0.19985102549348155,0.19333695325755454,0.054094645768161864,0.042646231214574955,0.15622471368595287,0.13528973511193837,0.04100212554599234,0.056274585897416934,0.001455556307912698,0.0027605257341348174,0.1609486235714993,0.1571134523011414,-0.0964492214394901,0.0920525530621611,0.1576693801343614,0.14869961127562464,0.008948246446460344,-0.004034632718650926,0.1405274684197626,0.14419054337222584,0.20492154917422797,0.20166371740429642,0.047254381434329286,0.04782667878748858,0.05163102831094077,0.03676416595892794,0.16208470443058998,0.16443894421040833,-0.011800577635508474,-0.01748871141207911,-0.006479255135401718,-0.01748871141207911,-0.01748871141207911,0.1767070617161212,0.17230663874857674,0.721009528829696,0.7270108829028639,0.5816508988658686,-0.49017433239059993,-0.47371188470623204,-0.3551346034440796,0.18903579095612205,0.23314245955630908,0.22024911368748404,0.9538764932572588,1.0,0.8126550077647523,0.47693872603962667,0.5045007935949778,0.4667689785294389,0.5633372469052813,0.5633372469052863,-0.10876479787556692,-0.09449845081178934,-0.09449845081178934,-0.09449845081178934,-0.02935418633056936,-0.02753260497265589,-0.06176785997997101,-0.0388055566961731,-0.04381115519642563,-0.041371548143641475,-0.08552987043957418,-0.08994391546258948,-0.055771022846395374,0.036890446525619854,0.04447684928717981,-0.04284008221284134,-0.07187393220240498,-0.02537143016891903,0.09505284701961879,-0.07119018712842845,-0.08894023847599644,-0.05570221435655293,-0.07880618577739154,-0.04479829533224314,-0.004424110491331166,0.016376577621143574,0.049350929397418294,0.05945148038812684,-0.05529880459387866,-0.054875073319104475,-0.12673582559011487,-0.1280391853528989,0.2665947000429653,0.33347765359311976,0.20546865067777056,0.24910572707095613,-0.27526133033777767,-0.2925714154440711,0.10042920118514982,0.10502358331475573,0.037666703548047076,0.04061710272942691,-0.03611468780156302,0.017631933316056312,-0.030875084016827863,-0.017801598091282785,0.09275820619450513,-0.08225003419995049
F_MHLTH,0.031547347418661824,0.078588686805018,-0.015378802072601238,0.031993530501371034,0.032015986519699086,-0.07725729623139492,0.07240847432528039,0.005770041927175499,0.6457177794082641,0.6360661362018075,0.4667739818338731,0.4605224171119064,0.5573555131310273,0.5557856474688009,0.3135236783990929,0.28779991544869477,0.28779991544869477,0.28779991544869477,0.6781829878837256,0.6657212957651523,0.49989851765217613,0.504055085657619,0.317100101121388,0.2972318657112756,0.3946052089459451,0.3974959822201265,0.4425248543363753,0.4206408892902829,0.385065452801983,0.38511660695297567,0.40690217941270235,0.4039701614575173,0.6187785237850247,0.6230973279934657,-0.2887284758344551,-0.31387989011490786,0.1946816300750118,0.20887976300473357,0.2791386725655443,0.27978584568421566,0.18660085977260477,0.09791094351999073,0.16417174936488702,0.1935425584827006,0.14773752312796604,0.12228099366047596,0.15045063375327294,0.07001672185014897,0.13665429236089807,0.1413892542538565,0.5641798813505019,0.5692108495890484,0.016973706588309385,-0.053535349558247035,0.0062008238663703455,0.0319099761387402,0.015171690967567616,0.04514232998007081,0.109115259265756,0.11347371484158184,0.045774044839730375,0.03645995251363688,0.02299746923272069,0.005753708039734395,0.18102941626701619,0.1640581716378025,0.07062221350350485,0.05621839533309137,0.13656212560808645,0.09929734536028251,0.033768560098586246,0.04456205997620617,-0.002860515035646124,-0.0020138605113611623,0.13639257602204963,0.1329633883731391,-0.030167922218712805,0.024563663407380625,0.14572421432176208,0.13989722683090947,0.051760479165342606,-0.050988781438980765,0.0753049412185517,0.0784343529377712,0.18445228647725997,0.16852968350990669,0.07719329815204484,0.0753145260893833,0.034261210128629385,0.009815115692786024,0.13512657825712446,0.13541709809554314,0.011992109277675626,0.005763453908076733,-0.0019675183307127594,0.005763453908076733,0.005763453908076733,0.1604843780444439,0.1567791322622737,0.5760422166301986,0.5773034179089891,0.5277049377512882,-0.3869163444067218,-0.3936251101796236,-0.27900711271732814,0.1750136545979844,0.19969373562228498,0.19368013089615052,0.7748274485484283,0.8126550077647523,1.0,0.42525546500229366,0.4334671272497834,0.442481369826733,0.6132599782484732,0.6132599782484611,-0.09550408551612977,-0.0814156534847746,-0.0814156534847746,-0.0814156534847746,-0.028922840124593535,-0.0355046642466231,-0.061790844960419,-0.041317994129855554,-0.04845983807324434,-0.04408089425271506,-0.061815742293995994,-0.06240267954985457,-0.037849722856374224,0.03036570137227517,0.04448023056317219,-0.015235440858704161,-0.04316507623973892,-0.012456696966771146,0.07873357063695363,-0.04404499478694986,-0.055893537394219026,-0.05998855761074012,-0.04934146022777298,-0.02636318740086387,0.007315077939083325,-0.007177925000722735,0.01619243404947238,0.019671241957252655,-0.032012925322240586,-0.03156950619524384,-0.09645854877888262,-0.09714373670418372,0.22349484216183585,0.28954703403170223,0.16697946425688748,0.20656975376478695,-0.17187155445926008,-0.18308970648765424,0.0886432853390751,0.09246271772799138,0.03143007523824478,0.03362443460949095,-0.034635267010827565,0.014495251582235788,-0.029693623451193148,-0.018406444859382257,0.0829513366040742,-0.0516667566594858
E_DIABETES,0.021158897120719226,0.13101430489361196,0.12870886283853475,0.021952804064319,0.022001254985098844,-0.20594244870642758,0.008500191590412619,-0.17109226941579944,0.6553562424181473,0.6371443810375931,0.42194556912319287,0.409848899871308,0.6128534686415704,0.6071663637931427,0.3830072289653365,0.3100718998787691,0.3100718998787691,0.3100718998787691,0.6369356257303626,0.6237546515076796,0.5575484539238641,0.6050518860783728,0.34854294925138446,0.2942894972048668,0.06678638192956299,0.10601268988268255,0.29095240327275734,0.29270149407236434,0.40795142801916895,0.41955425608411484,0.579130555306482,0.5725763377058972,0.5868917084980406,0.5797700102013298,0.2154193073234053,0.19055274854351675,0.19475728858166952,0.17300920148708546,0.5377753925637704,0.5316992140676785,0.2104067682767841,0.048855545265411686,0.5393127464677752,0.5081129782066472,0.2873885497241109,0.2791326809564816,-0.11522727603296593,0.00043754537221647564,0.20879077270596966,0.20769706503032112,0.657361735996947,0.6512399001637352,-0.019801041722632674,-0.1449162200989211,-0.08764471261781623,-0.0977459159038202,-0.11769894276174393,-0.11571289923258891,0.0788862572510215,0.08217791425846255,-0.1152472190631286,-0.1272464108552313,-0.02328759589575049,-0.02348844929303766,0.01911837809735683,0.026489687513461584,-0.09856330182350188,-0.10415154081021434,0.07224697388930716,0.0970907042070545,0.03824810546676351,0.05694591597203157,0.003593257673378497,0.003647853341917751,0.011183820894862619,0.006129634968555638,-0.1899000298608842,0.19212921309782327,0.16063868511715607,0.15026751033253555,-0.15487052864409517,0.1563620513518184,0.29907780544765533,0.2944307145743319,0.05721285706782619,0.07428670704130319,-0.09490933901706754,-0.09317711873921884,-0.018542699922231794,0.03582527600087397,0.031435047614803056,0.039867911042485556,-0.09669585271878765,-0.09440846483487787,0.016127920871736236,-0.09440846483487787,-0.09440846483487787,0.009831536342622366,0.005258314823109756,0.4422059213425157,0.41295051183664316,0.3534570588870656,0.042486199828036815,-0.010995862371084396,0.011083981722929518,0.748152330158162,0.7200043774606216,0.5793917175077898,0.4241304940715612,0.47693872603962667,0.42525546500229366,1.0,0.9421929077413058,0.774007271768993,0.6998441848248707,0.6998441848248674,-0.19033539852092404,-0.17423369395749919,-0.17423369395749919,-0.17423369395749919,-0.0037442916437749273,0.012440816611097255,-0.16372677731730975,-0.1674895569806372,-0.15140836093148763,-0.1629231954096588,-0.02069317156101692,-0.012256074595229495,0.02755239174770823,0.04656823908275297,0.08654612612750189,0.059568889695368187,0.07747705964631914,0.12932631837481176,0.20393477266483886,-0.01335971419586575,-0.01585022021056718,0.055260436386872946,-0.030645358032562336,0.012837035207752074,-0.0007941322389228542,0.1213722791196361,0.15914570669170816,0.16862760686785724,0.14924809096550956,0.14620417928338275,0.01715629085963202,0.006586440114418661,0.32429367907441387,0.45418266815008396,0.12397678199024266,0.19173626648408362,-0.21764165503594288,-0.228596950935703,0.07389467088653029,0.08970263102055576,-0.04304554599196734,-0.03744557342586668,-0.2239514149180646,-0.15742602790208254,-0.07041563083670781,-0.04534918663106301,0.08446980574291635,-0.07605779259399126
EPL_DIABETES,0.010117304146417675,0.12882070032454435,0.15383600483426374,0.010914535401784086,0.010972700508252147,-0.19962542847344933,0.005948969256749832,-0.16319174668545533,0.6753361154240054,0.669576197443979,0.42923054256201293,0.4187800707103585,0.6358594404325887,0.6370425519559129,0.3457134705306518,0.27422888797192607,0.27422888797192607,0.27422888797192607,0.6301296767119974,0.6518410007775464,0.5634091341605972,0.6346644441622192,0.3129824304181968,0.28570018310727086,0.060331175697173486,0.09972052570348548,0.2898123133548615,0.29545566716664173,0.4231257682878911,0.45416811799011586,0.5590130306299708,0.5923669011426138,0.6063954213341798,0.6036549723725997,0.22086464156805227,0.1969668980466937,0.16020897443574245,0.14505002383196877,0.5408854712796621,0.5549669652145278,0.22595452122615942,0.06125952116147782,0.5487010874524376,0.5348881933865289,0.3328046420491508,0.32864619726826805,-0.08456101952161839,0.011372136457906095,0.2525072084429566,0.2523867740537276,0.6797373525010619,0.680086567076223,-0.009610984486479575,-0.16593921330324515,-0.08418535766147014,-0.11363591937727775,-0.12774091166776366,-0.14373269453671417,0.0688558348981393,0.07359088905774033,-0.143361230386583,-0.15925979744160768,-0.029130106701329133,-0.02994966504097309,-0.0035147762841043284,0.01098043068140087,-0.11178117410907941,-0.12046570400783421,0.06290129348809144,0.10128665727965333,0.041856587313559616,0.06751992865960044,0.005665389548589364,0.0059509093844603575,-4.629635025974921e-05,-0.004253250284755457,-0.2433068917211814,0.2466136223707054,0.15367711663489136,0.1406334998645042,-0.18433346378797114,0.189336607470396,0.3359512545964153,0.3307000925683938,0.03488290770069256,0.06027246396947894,-0.13378318775956588,-0.13024684513507642,-0.014127105050515692,0.052778697270676876,0.019884375228155518,0.030441515473039284,-0.1067527771336055,-0.1029835877951444,0.016378044840631628,-0.1029835877951444,-0.1029835877951444,-0.006772235021404964,-0.012189632778510177,0.4177234013274644,0.41199707124418483,0.3438882604207211,0.05796148115500891,0.01132213028064116,0.047846603878138286,0.735308324926482,0.7456568262942899,0.6023809809756691,0.4401631612317131,0.5045007935949778,0.4334671272497834,0.9421929077413058,1.0,0.8143879883262057,0.7320778157700637,0.7320778157700558,-0.18862348145759625,-0.17475871090857054,-0.17475871090857054,-0.17475871090857054,0.001902768524043503,0.02362614046695978,-0.16794231027773107,-0.175023459343031,-0.1551685131275202,-0.16946752834062576,-0.01958542045791266,-0.008851342695801784,0.03461935880463898,0.05357176221533362,0.09388685773642093,0.06801673415457893,0.08011663143249255,0.12545192747685746,0.20827974857414439,-0.02182336048910807,-0.025669474580395094,0.06634835265730157,-0.028063150158290712,0.01777424192673151,-0.003360934987266087,0.15007016998208694,0.19549644026514726,0.2061975228639873,0.16208657566853119,0.15788262795687769,0.02966578349022235,0.016320131888719083,0.2934093515657791,0.3813079233192247,0.14920741402817345,0.21364670786876502,-0.22746743730572214,-0.23644488123638158,0.07251700346453573,0.08722663824952195,-0.0397245106774492,-0.033326962176729674,-0.22567927875449262,-0.15536993982232605,-0.06907476422289145,-0.0429379416449639,0.0943788758222783,-0.062147782424053596
F_DIABETES,0.0148389832202535,0.10408769075197906,0.11426849744939868,0.015473307705283098,0.015511954049720498,-0.17005773455109163,0.021541670967378315,-0.10517871816201033,0.6385397970603881,0.6301353065756573,0.37947225849133853,0.370442578004683,0.5932565664874834,0.5932114337403042,0.3271168265605728,0.2734478536496795,0.2734478536496795,0.2734478536496795,0.5774233816422809,0.5820537098337184,0.48892159135375673,0.515472561630602,0.29211687281968113,0.2622580781417364,0.1321555688292071,0.15557865398169834,0.2783748910869391,0.27397240183491,0.36787983308885974,0.3784748901355512,0.4935325035969041,0.4993168267893587,0.5365675405179986,0.5376773612838867,0.12525613850421408,0.08584008120594008,0.1144256668738575,0.11321039676233219,0.4343309486007779,0.4323686513929394,0.19754077666617229,0.0476090741396563,0.3884162032942193,0.39519805255856566,0.28906446070636715,0.23948527136237624,-0.023638770718866765,0.012711124123122681,0.18664718371306194,0.18755745327854542,0.571879623175165,0.5760914998411988,-0.020043359809869356,-0.12932784424304541,-0.07986309563065652,-0.08001612291980323,-0.056859622131199446,-0.07450277785074547,0.08704738460642375,0.09259143982718886,-0.08365220470057741,-0.09601824751581094,-0.015852070155750398,-0.021778150930820247,0.03440390363764702,0.034534559872537104,-0.05889646049561711,-0.0778988701569055,0.05969808011486303,0.0681396030247237,0.03342895988641121,0.05122731400337734,0.007851464271879199,0.007872762278768862,0.011585688084575841,0.007621877613990271,-0.16628967313277057,0.16562539454895092,0.12875674553681876,0.11924459998434246,-0.09701363210736046,0.10410811012808575,0.22842041487789286,0.22833849515460186,0.060662142674658706,0.07154280296795534,-0.07394985246651807,-0.07194352533862575,-0.01719617910890125,0.02405856913441117,0.03028595336133838,0.03817788064932118,-0.06080532575685089,-0.06036324734397766,0.011138820005055871,-0.06036324734397766,-0.06036324734397766,0.01788073353132871,0.014121047831993689,0.37253116641592826,0.3655212676114596,0.3295848351270972,-0.034858481472439716,-0.08080658553930042,-0.0248626765899541,0.5690140227914812,0.5659547836760861,0.5105547384349137,0.42367931736334424,0.4667689785294389,0.442481369826733,0.774007271768993,0.8143879883262057,1.0,0.7352291199522968,0.7352291199522769,-0.15684491668609085,-0.1433837907557358,-0.1433837907557358,-0.1433837907557358,-0.004308200777359323,0.014907441536527429,-0.16627043167416974,-0.16692564538266283,-0.1500884462843666,-0.16150116660078936,-0.023171983317511212,-0.013670615312534176,0.020136882491012847,0.049714704468011434,0.09061769906606255,0.06921187914493653,0.07145331935791528,0.1181332013730222,0.17184433166332447,-0.035296212357612176,-0.04122339330389296,0.0202287219536836,-0.029903416922549893,0.006802643975008507,0.011235747227086626,0.11061978903406863,0.14869069916563515,0.15350468232585202,0.12766120344466017,0.12549472906396705,0.0074204392424822765,-0.00262139117430661,0.2704412730092453,0.3531592294495193,0.12362911359045531,0.1846809645899108,-0.17133076346537937,-0.17741294662890755,0.07085991381006322,0.0848453147380453,-0.035826510002845785,-0.030509327343861727,-0.17748216957351534,-0.11212365608599435,-0.06350269189523251,-0.039963709816751514,0.08733785247873595,-0.051242713465522255
F_HVM,0.06771098381480295,0.035153945616875557,0.16376910364555858,0.06783388585152897,0.0678302806972381,-0.23216075988268395,-0.13599413856751652,-0.11739774102836305,0.6925493401947186,0.6836320406886522,0.2814620425292849,0.2739242012198571,0.631566644670754,0.6309207804656972,0.0009599663004669983,-0.059793893953329985,-0.059793893953329985,-0.059793893953329985,0.5979510621108408,0.60144581737907,0.36284382840222057,0.4258792929418336,0.2697383141636985,0.23448254177045652,0.07358638234005928,0.08999762404669204,0.23549379124962114,0.22523773021261675,0.2411831250401524,0.2696075933097517,0.549438779480534,0.5741398805312469,0.48700872687719293,0.4876917279930775,0.2403796511415752,0.24605217630906875,0.044041901741219684,0.03299358890990324,0.5584217399424279,0.5740527110059547,-0.03343433688181123,-0.1802816588697247,0.36857274651022076,0.3776492506319335,0.3391356913966057,0.3533890012818559,0.02359442643018441,0.08859506546138994,0.3234207871061334,0.3274029740957162,0.518612248328579,0.5198831797433496,-0.09452484067740555,-0.2564593227379827,-0.10091557464525971,-0.13441126061762548,-0.23411543093170184,-0.2802987204155421,-0.0753382509842178,-0.0816815060630194,-0.28803912374064217,-0.2988265977219837,-0.031921755377234545,-0.016200009153761814,-0.04046553212250626,-0.009497088236905775,-0.169765648597074,-0.1548370860260999,0.020065947832414527,0.06278748681378736,0.07141780526034072,0.11639730346845988,0.009492702760005883,0.010718394378651849,-0.029598794276182495,-0.03290755344229921,-0.2594967803676027,0.26705435798552724,0.16317582925345908,0.14323658915727364,-0.24125804343172497,0.24878472266671287,0.3934672044859732,0.39252311527134337,0.00022291205597731406,0.03951457907704736,-0.2128055406635958,-0.2086986477557032,-0.02463400525707279,0.0722360652932572,-0.009880739534574383,0.003738342331959758,-0.05869744822805207,-0.04965374332521282,-0.035923019444628064,-0.04965374332521282,-0.04965374332521282,-0.08074840135058638,-0.0821131254971534,0.6239740006365464,0.6437698581066827,0.6489715218995699,0.19265639950145838,0.19841705460270015,0.3169251167562154,0.7276561627259944,0.761527892246969,0.7588140371186448,0.5268027418397713,0.5633372469052813,0.6132599782484732,0.6998441848248707,0.7320778157700637,0.7352291199522968,1.0,1.0,-0.12573209020631723,-0.1147731429402524,-0.1147731429402524,-0.1147731429402524,0.014980936989297911,0.047032586978152637,-0.03397095421033429,-0.027713338621649677,-0.012061071138397352,-0.023558551342291432,0.008354488842813547,0.0011991769287970336,0.028099751572539293,-0.09351864261682655,-0.07004956099959779,-0.10048399841307336,0.0017386768367965166,0.04016722438577999,0.15973737608801522,-0.06741474562130967,-0.055311506931265915,0.11110292398788313,-0.05003391570491444,-1.3243136001229525e-05,0.012459182311569434,0.15064147138575487,0.19476523640871438,0.20428342512593295,0.032129275766610434,0.03078542454385177,-0.02088790039010213,-0.02911796584323499,0.12318674670606879,0.21942492791741064,-0.10690612830542269,-0.07067522270975087,-0.3209375249470787,-0.34256551769107774,0.10368257114938652,0.11908038451780834,-0.03869776025609938,-0.029728355444558253,-0.1535534054640029,-0.05389216700651689,-0.08977456025797648,-0.061110057584085144,0.1261179036473431,0.11521402131061396
RPL_HVM,0.06771098381480864,0.03515394561687595,0.1637691036455569,0.06783388585153317,0.06783028069724333,-0.23216075988268167,-0.13599413856751685,-0.11739774102836158,0.6925493401947248,0.6836320406886408,0.2814620425292885,0.2739242012198621,0.6315666446707499,0.6309207804657105,0.0009599663004651316,-0.05979389395333282,-0.05979389395333282,-0.05979389395333282,0.5979510621108413,0.6014458173790723,0.36284382840222124,0.4258792929418217,0.26973831416369515,0.2344825417704545,0.07358638234005935,0.08999762404669101,0.2354937912496195,0.22523773021261395,0.241183125040154,0.2696075933097508,0.5494387794805246,0.574139880531243,0.48700872687719243,0.4876917279930794,0.2403796511415698,0.24605217630906975,0.044041901741219885,0.03299358890990318,0.5584217399424327,0.57405271100595,-0.033434336881812486,-0.18028165886972322,0.36857274651022376,0.3776492506319361,0.33913569139659594,0.35338900128185075,0.023594426430184726,0.08859506546138873,0.3234207871061329,0.32740297409571284,0.5186122483285771,0.5198831797433444,-0.0945248406774056,-0.2564593227379816,-0.10091557464526038,-0.13441126061762507,-0.23411543093170514,-0.28029872041554893,-0.07533825098421866,-0.08168150606302056,-0.28803912374064344,-0.29882659772198344,-0.03192175537723398,-0.016200009153761075,-0.04046553212250569,-0.009497088236905019,-0.16976564859707172,-0.1548370860261003,0.02006594783241377,0.0627874868137871,0.0714178052603402,0.11639730346845942,0.009492702760005798,0.010718394378651847,-0.02959879427618264,-0.032907553442297545,-0.2594967803675998,0.2670543579855251,0.16317582925345905,0.14323658915727155,-0.2412580434317212,0.2487847226667135,0.3934672044859767,0.39252311527134276,0.00022291205597792046,0.03951457907704786,-0.21280554066359048,-0.20869864775570138,-0.024634005257072298,0.0722360652932546,-0.00988073953457374,0.003738342331960245,-0.058697448228051154,-0.04965374332520946,-0.035923019444627904,-0.04965374332520946,-0.04965374332520946,-0.08074840135058621,-0.08211312549715265,0.6239740006365401,0.6437698581066772,0.6489715218995571,0.19265639950146007,0.19841705460270548,0.31692511675620366,0.7276561627259932,0.7615278922469627,0.7588140371186397,0.5268027418397696,0.5633372469052863,0.6132599782484611,0.6998441848248674,0.7320778157700558,0.7352291199522769,1.0,1.0,-0.1257320902063191,-0.11477314294025054,-0.11477314294025054,-0.11477314294025054,0.014980936989297188,0.04703258697815139,-0.033970954210334234,-0.027713338621649583,-0.0120610711383971,-0.023558551342290922,0.008354488842813167,0.0011991769287973525,0.028099751572538672,-0.09351864261682619,-0.0700495609996003,-0.10048399841307468,0.001738676836795859,0.04016722438578066,0.15973737608801694,-0.06741474562130848,-0.05531150693126495,0.11110292398788141,-0.05003391570491376,-1.3243135998380614e-05,0.012459182311569313,0.15064147138575068,0.1947652364087112,0.20428342512592726,0.03212927576661272,0.030785424543849225,-0.02088790039010143,-0.029117965843234207,0.12318674670606959,0.21942492791740828,-0.1069061283054226,-0.07067522270975249,-0.3209375249470794,-0.3425655176910779,0.10368257114938598,0.1190803845178056,-0.038697760256100236,-0.029728355444559547,-0.15355340546400387,-0.0538921670065159,-0.0897745602579767,-0.061110057584084734,0.12611790364734418,0.11521402131061369
E_NEHD,-0.014628283299924454,-0.10712389036638471,-0.020112181035968606,-0.01527995385509836,-0.015346459190077362,0.045861537870767105,0.004571023552993769,0.01768096438764558,-0.0523204409984463,-0.04925070447098185,0.011577282043687756,0.009102828450245256,0.030355574133192918,0.026083824946331317,0.024146844057537906,0.016843593505338813,0.016843593505338813,0.016843593505338813,-0.10197553548401399,-0.10217453407856575,0.0062637673425637135,-0.0572115097412564,-0.020744550852660342,0.0009698584247692318,0.035423841931140905,0.030318969902433844,0.05674084476286986,0.059007599952445436,-0.05325011237849666,-0.09224229621626272,-0.1453004842849671,-0.13441321999957379,-0.05962126097919193,-0.06230735945563396,0.022416396261049302,-0.011269931906708665,-0.03555463393408595,-0.03827378685840513,-0.12277123914905083,-0.13032223790663516,0.16512852072711048,0.19964150969759828,0.025503148942441038,0.023144480972369246,-0.12686585355761415,-0.12272315042703219,-0.004776140309398066,0.05235127869523796,-0.05466344492327001,-0.05691472493205539,-0.048033341647736344,-0.050890055597315145,0.18954069923883807,0.29207371402452753,0.2634994830165827,0.2862365272157955,0.007892170719025718,0.007766408617656844,-0.2784609008806974,-0.3044133737498319,0.15046279910199478,0.12917558337503338,0.00830724761438929,0.002480415357687632,0.03465943083127738,-0.005915880081055635,0.13601298965043507,0.11876763285646505,0.028492126803585833,-0.009046355283196804,0.021179007749606033,0.025252410975095948,-0.0023238335730935028,-0.004156653376036776,0.04602321341057082,0.04698555064486575,0.23960787649396312,-0.24524683477184955,0.05911920616219172,0.06487894652914236,0.2032966328277547,-0.20597071292077765,-0.19619697900253488,-0.20327683303495017,-0.01888558962734939,-0.05264442961338973,0.09863021717249677,0.09688929589493692,0.03207877784626491,0.018291200076724114,0.01823980937254363,0.012215092141370155,0.07365809590100575,0.04496095510851133,0.0651719951857442,0.04496095510851133,0.04496095510851133,0.0700073519555045,0.06891824342871003,-0.07642148464639047,-0.07331649553971885,-0.05222937412536406,0.019510576490127694,0.005138390570984487,0.0403261717866166,-0.11502047932566836,-0.13348307379340368,-0.12158160952114293,-0.09958279633879241,-0.10876479787556692,-0.09550408551612977,-0.19033539852092404,-0.18862348145759625,-0.15684491668609085,-0.12573209020631723,-0.1257320902063191,1.0,0.9782686639750597,0.9782686639750597,0.9782686639750597,0.060402232839933935,0.08804287593500978,0.19397618638345365,0.19920348941177682,0.20964808716097647,0.20309448905647512,0.018418273353143697,0.01456727682450453,-0.009090165373716751,0.25789808954733784,0.11237431215886855,-0.12562417728737396,-0.1164261044055877,-0.2849194128386893,-0.43141147967757554,0.04320325491023716,-0.014817263080380817,-0.1429995917925188,-0.3374482884515985,-0.3942186205448959,-0.0038883582576463615,-0.15957576879105817,-0.24038586853072108,-0.26995994480111163,-0.3255079099491196,-0.3371070159325061,0.1715506966579023,0.17549220196510712,-0.2765374826412007,-0.31287310492905906,0.25458130735601703,0.2841030191129502,0.07985868257700535,0.0828261623009516,0.0239822141402617,0.02440060856827003,0.08081052233235478,0.0743617601972451,0.024213285623871247,0.003754554175629745,0.012255250498333118,0.009009560828045155,-0.09858631334393855,0.3544947072910019
EPL_NEHD,-0.03887326122868372,-0.11001674189986668,-0.015958158029385903,-0.039506632711132424,-0.03958346855635245,0.04652401212732772,0.009860358372171038,0.017251870716961222,-0.0455617804312546,-0.04255025823096309,0.01377295041062368,0.011043106817472484,0.042325035931281736,0.037580248930790865,0.03530272642744268,0.02784171245759395,0.02784171245759395,0.02784171245759395,-0.08936461436517401,-0.08968783187535373,0.01971493378211715,-0.0447164765720471,-0.016678404617922703,0.005794061482171012,0.036372324993589444,0.03214799753082942,0.059870773454236505,0.06170775384981204,-0.0435793868569656,-0.08289664539116456,-0.13288565433263505,-0.12489864086024886,-0.048892016748408616,-0.051845603145202666,0.01599762629400789,-0.016181277400708103,-0.029843671341194762,-0.031763726764244514,-0.11422639874642079,-0.122014604741775,0.1698026898027242,0.1983257505591158,0.030367323053259225,0.028236944137625244,-0.11436131292637955,-0.10762519716121727,-0.004135514091268809,0.05139546332680582,-0.044172527614415286,-0.046161246983148864,-0.03480589537214632,-0.03807772042236734,0.19991209110170607,0.2770048292628197,0.2682191210984486,0.29557258053416574,-0.008062013602807526,-0.006473274915971711,-0.25308946224396683,-0.27726020700637216,0.15287761263181493,0.12782383429917624,0.0018871263952856447,-0.003148473483811643,0.024404492532566012,-0.01274653755884869,0.12606047273145726,0.11153181314986173,0.026918423662937493,-0.007882383090005609,0.02191863079760487,0.02900976404981045,-0.0020245889202481168,-0.003730517254427902,0.03981584236602358,0.0410735857979752,0.2202677936926207,-0.22572435211028563,0.04455943296986209,0.05024448611910114,0.19069978840183485,-0.19300326718212094,-0.19024792673014823,-0.1965470382016825,-0.02832663429176433,-0.05810171386083309,0.08855417053107993,0.08671835865395125,0.03019040639383186,0.020847972999770766,0.012762000523914368,0.006945862203953411,0.03529505122518613,0.006608406957742099,0.06191616310804986,0.006608406957742099,0.006608406957742099,0.06122454663299156,0.059528612294202345,-0.07205588192712604,-0.06966727863541461,-0.0490235918478931,0.013071630825936133,-0.0002487581315272754,0.0356270396103173,-0.10642472373929768,-0.12466877371713588,-0.11400428638053096,-0.0852441694687059,-0.09449845081178934,-0.0814156534847746,-0.17423369395749919,-0.17475871090857054,-0.1433837907557358,-0.1147731429402524,-0.11477314294025054,0.9782686639750597,1.0,1.0,1.0,0.057651961287320114,0.0845214490479472,0.1875088099929998,0.1911847749861149,0.20121557567246215,0.19520848173162156,0.0012713396452042455,-0.007146245588124327,-0.027054118709015376,0.2776396420114789,0.13693724388003087,-0.1277353175780681,-0.1383108500877232,-0.29351852935361605,-0.4322301123925082,0.06727705607050884,0.007220630027163853,-0.13159168821553613,-0.3806813912294056,-0.4287674650498862,0.0022871424169596966,-0.13894515106658323,-0.2192979219436341,-0.2522609430725896,-0.3203448510055666,-0.329214686931716,0.1829896552445401,0.18810299228319666,-0.27068654289672966,-0.3073419140133287,0.2671578107032793,0.2969965658025796,0.07530113513347812,0.07619673958316249,0.029771587041458745,0.029669321958168696,0.07546399116580345,0.06889039652931124,0.019331763083791455,-0.0027999374100790586,0.008252553695599046,0.004856904246009999,-0.09725920530349041,0.37966537570333236
SPL_CBM_DOM1,-0.03887326122868372,-0.11001674189986668,-0.015958158029385903,-0.039506632711132424,-0.03958346855635245,0.04652401212732772,0.009860358372171038,0.017251870716961222,-0.0455617804312546,-0.04255025823096309,0.01377295041062368,0.011043106817472484,0.042325035931281736,0.037580248930790865,0.03530272642744268,0.02784171245759395,0.02784171245759395,0.02784171245759395,-0.08936461436517401,-0.08968783187535373,0.01971493378211715,-0.0447164765720471,-0.016678404617922703,0.005794061482171012,0.036372324993589444,0.03214799753082942,0.059870773454236505,0.06170775384981204,-0.0435793868569656,-0.08289664539116456,-0.13288565433263505,-0.12489864086024886,-0.048892016748408616,-0.051845603145202666,0.01599762629400789,-0.016181277400708103,-0.029843671341194762,-0.031763726764244514,-0.11422639874642079,-0.122014604741775,0.1698026898027242,0.1983257505591158,0.030367323053259225,0.028236944137625244,-0.11436131292637955,-0.10762519716121727,-0.004135514091268809,0.05139546332680582,-0.044172527614415286,-0.046161246983148864,-0.03480589537214632,-0.03807772042236734,0.19991209110170607,0.2770048292628197,0.2682191210984486,0.29557258053416574,-0.008062013602807526,-0.006473274915971711,-0.25308946224396683,-0.27726020700637216,0.15287761263181493,0.12782383429917624,0.0018871263952856447,-0.003148473483811643,0.024404492532566012,-0.01274653755884869,0.12606047273145726,0.11153181314986173,0.026918423662937493,-0.007882383090005609,0.02191863079760487,0.02900976404981045,-0.0020245889202481168,-0.003730517254427902,0.03981584236602358,0.0410735857979752,0.2202677936926207,-0.22572435211028563,0.04455943296986209,0.05024448611910114,0.19069978840183485,-0.19300326718212094,-0.19024792673014823,-0.1965470382016825,-0.02832663429176433,-0.05810171386083309,0.08855417053107993,0.08671835865395125,0.03019040639383186,0.020847972999770766,0.012762000523914368,0.006945862203953411,0.03529505122518613,0.006608406957742099,0.06191616310804986,0.006608406957742099,0.006608406957742099,0.06122454663299156,0.059528612294202345,-0.07205588192712604,-0.06966727863541461,-0.0490235918478931,0.013071630825936133,-0.0002487581315272754,0.0356270396103173,-0.10642472373929768,-0.12466877371713588,-0.11400428638053096,-0.0852441694687059,-0.09449845081178934,-0.0814156534847746,-0.17423369395749919,-0.17475871090857054,-0.1433837907557358,-0.1147731429402524,-0.11477314294025054,0.9782686639750597,1.0,1.0,1.0,0.057651961287320114,0.0845214490479472,0.1875088099929998,0.1911847749861149,0.20121557567246215,0.19520848173162156,0.0012713396452042455,-0.007146245588124327,-0.027054118709015376,0.2776396420114789,0.13693724388003087,-0.1277353175780681,-0.1383108500877232,-0.29351852935361605,-0.4322301123925082,0.06727705607050884,0.007220630027163853,-0.13159168821553613,-0.3806813912294056,-0.4287674650498862,0.0022871424169596966,-0.13894515106658323,-0.2192979219436341,-0.2522609430725896,-0.3203448510055666,-0.329214686931716,0.1829896552445401,0.18810299228319666,-0.27068654289672966,-0.3073419140133287,0.2671578107032793,0.2969965658025796,0.07530113513347812,0.07619673958316249,0.029771587041458745,0.029669321958168696,0.07546399116580345,0.06889039652931124,0.019331763083791455,-0.0027999374100790586,0.008252553695599046,0.004856904246009999,-0.09725920530349041,0.37966537570333236
RPL_CBM_DOM1,-0.03887326122868372,-0.11001674189986668,-0.015958158029385903,-0.039506632711132424,-0.03958346855635245,0.04652401212732772,0.009860358372171038,0.017251870716961222,-0.0455617804312546,-0.04255025823096309,0.01377295041062368,0.011043106817472484,0.042325035931281736,0.037580248930790865,0.03530272642744268,0.02784171245759395,0.02784171245759395,0.02784171245759395,-0.08936461436517401,-0.08968783187535373,0.01971493378211715,-0.0447164765720471,-0.016678404617922703,0.005794061482171012,0.036372324993589444,0.03214799753082942,0.059870773454236505,0.06170775384981204,-0.0435793868569656,-0.08289664539116456,-0.13288565433263505,-0.12489864086024886,-0.048892016748408616,-0.051845603145202666,0.01599762629400789,-0.016181277400708103,-0.029843671341194762,-0.031763726764244514,-0.11422639874642079,-0.122014604741775,0.1698026898027242,0.1983257505591158,0.030367323053259225,0.028236944137625244,-0.11436131292637955,-0.10762519716121727,-0.004135514091268809,0.05139546332680582,-0.044172527614415286,-0.046161246983148864,-0.03480589537214632,-0.03807772042236734,0.19991209110170607,0.2770048292628197,0.2682191210984486,0.29557258053416574,-0.008062013602807526,-0.006473274915971711,-0.25308946224396683,-0.27726020700637216,0.15287761263181493,0.12782383429917624,0.0018871263952856447,-0.003148473483811643,0.024404492532566012,-0.01274653755884869,0.12606047273145726,0.11153181314986173,0.026918423662937493,-0.007882383090005609,0.02191863079760487,0.02900976404981045,-0.0020245889202481168,-0.003730517254427902,0.03981584236602358,0.0410735857979752,0.2202677936926207,-0.22572435211028563,0.04455943296986209,0.05024448611910114,0.19069978840183485,-0.19300326718212094,-0.19024792673014823,-0.1965470382016825,-0.02832663429176433,-0.05810171386083309,0.08855417053107993,0.08671835865395125,0.03019040639383186,0.020847972999770766,0.012762000523914368,0.006945862203953411,0.03529505122518613,0.006608406957742099,0.06191616310804986,0.006608406957742099,0.006608406957742099,0.06122454663299156,0.059528612294202345,-0.07205588192712604,-0.06966727863541461,-0.0490235918478931,0.013071630825936133,-0.0002487581315272754,0.0356270396103173,-0.10642472373929768,-0.12466877371713588,-0.11400428638053096,-0.0852441694687059,-0.09449845081178934,-0.0814156534847746,-0.17423369395749919,-0.17475871090857054,-0.1433837907557358,-0.1147731429402524,-0.11477314294025054,0.9782686639750597,1.0,1.0,1.0,0.057651961287320114,0.0845214490479472,0.1875088099929998,0.1911847749861149,0.20121557567246215,0.19520848173162156,0.0012713396452042455,-0.007146245588124327,-0.027054118709015376,0.2776396420114789,0.13693724388003087,-0.1277353175780681,-0.1383108500877232,-0.29351852935361605,-0.4322301123925082,0.06727705607050884,0.007220630027163853,-0.13159168821553613,-0.3806813912294056,-0.4287674650498862,0.0022871424169596966,-0.13894515106658323,-0.2192979219436341,-0.2522609430725896,-0.3203448510055666,-0.329214686931716,0.1829896552445401,0.18810299228319666,-0.27068654289672966,-0.3073419140133287,0.2671578107032793,0.2969965658025796,0.07530113513347812,0.07619673958316249,0.029771587041458745,0.029669321958168696,0.07546399116580345,0.06889039652931124,0.019331763083791455,-0.0027999374100790586,0.008252553695599046,0.004856904246009999,-0.09725920530349041,0.37966537570333236
E_BURN,-0.05941472244587247,-0.024475120778742733,0.010900417415630404,-0.059479143243688755,-0.05946471683856272,-0.01783364402935071,-0.013073895034620132,-0.014679882514574947,-0.010886125867109837,-0.010227669945978278,-0.02451566341657998,-0.024077834092311148,0.03970373106846143,0.039132947627436604,-0.018223326523863236,-0.010465161965913752,-0.010465161965913752,-0.010465161965913752,-0.02022948983928599,-0.01794677277146108,-0.01739925911924547,-0.016169419278093386,0.005883891490560084,0.007968510437597548,-0.038910170097563125,-0.036631743104060116,-0.02891795323854613,-0.027784389147734168,-0.014875789960857144,-0.015083576124719363,-0.011734475848755891,-0.012764637292013324,-0.023818974287556288,-0.023978033289706845,0.052437695071302345,0.05094700170509081,-0.017354816582822695,-0.019308410771656643,0.011342748402008768,0.010709851580518709,-0.008581595037647233,0.0036904846982778873,0.026712245888669457,0.026719120724279122,0.0428115869584379,0.050194708546326,0.0062670018158950454,0.018180685171520425,0.04952764775922795,0.04667728102910239,0.0008370883943260252,0.0012289793920997368,0.04848764575197257,0.01920188959076908,0.11690454709736667,0.0905972923274975,-0.07690417934686866,-0.10679265812486284,-0.05033960785069297,-0.05226756337808184,-0.004580322031507529,-0.002229353140206738,-0.015299863364385068,-0.008413808115514492,-0.06379082819963952,-0.061021803413200716,-0.037689887234015056,-0.010754896264218917,-0.029945375198890806,-0.0089538435490026,-0.0033283030278171005,-0.0014589784272896437,-0.0003520430521541428,-0.0004143581859523315,-0.033909251548560206,-0.03191905803536014,-0.007651669338749776,0.013902307333318664,-0.02861266474251781,-0.031196178251264497,-0.05624353724708296,0.05641850181577624,0.023194733354959453,0.024685108827035073,-0.06609013256444968,-0.058647726211493195,-0.08700206746153592,-0.08413682050470081,-0.017597190842024046,0.0275121664368174,-0.04912911877298756,-0.04706637401550198,-0.04336174432203979,-0.03873009509368745,-0.010043636614667551,-0.03873009509368745,-0.03873009509368745,-0.037286270378668496,-0.039362614526784134,-0.0047729688756382544,-0.0038677789980393167,-0.002977345729601537,0.06004397018948191,0.06125656429422783,0.054930273583643954,0.02983390272203889,0.031085405665543776,0.027393569883793947,-0.028417978338151687,-0.02935418633056936,-0.028922840124593535,-0.0037442916437749273,0.001902768524043503,-0.004308200777359323,0.014980936989297911,0.014980936989297188,0.060402232839933935,0.057651961287320114,0.057651961287320114,0.057651961287320114,1.0,0.7800660134669121,0.10893243684694827,0.07390811453717376,0.2934426711332826,0.14222887021094846,-0.011567810113880621,-0.011389587275531072,-0.013518073388111451,0.12199051750092142,0.10221518527202628,0.036250497929525075,-0.044496791380703886,-0.07787016632450292,-0.11500133631306717,0.0033236613307681077,-0.002180262273811769,0.01670724216425921,-0.07474939294802863,-0.09854090475641941,-0.006572144580161508,0.011509601763048126,-0.0011363060746806181,-0.008894773248870308,-0.03383680328788965,-0.03765401019588283,0.13047512889535148,0.1111393080630751,-0.04183078181694658,-0.04483864671087982,0.001425730526794532,0.005877266658189429,0.004792787119673862,0.001321492790482183,0.035042847295650645,0.038180642387521314,0.0006155693880938648,0.005009238864558675,0.011191686847775882,0.024501250145025782,0.0020792382939841766,0.006572511352101246,0.0244405316981444,0.09107911963409612
EPL_BURN,-0.050192225343860954,-0.03394873931607185,0.05055075021368052,-0.05032914750277537,-0.0503107340176309,-0.035382625789461906,-0.03602848061194239,-0.028323209330799484,-0.004548105416709586,-0.0011397849396592237,-0.03732186215077306,-0.03634430662912375,0.07220362998671521,0.07313532351721146,-0.04449288983850039,-0.03718002677892802,-0.03718002677892802,-0.03718002677892802,-0.010146598456046358,-0.002525298955240417,-0.014547815343586453,-0.006170410660952851,-0.0003963234904899997,0.00021304052824796033,-0.07101759872530042,-0.06931301384949984,-0.05593662997023854,-0.056056232359826874,0.001880037960187081,0.009444050769366542,0.017715777145204715,0.017985475257651255,-0.0214007648784212,-0.02078100645776329,0.07935192993379096,0.0811999870405524,-0.016591599028936335,-0.020393951100952316,0.03982693890851988,0.04050298146316487,-0.023792330040870883,-0.018708715545554797,0.04636361151854199,0.04686267073376274,0.1028954074595596,0.11197930044197084,0.014184436799616874,0.02604147490448403,0.10047419583900546,0.09618344464964122,0.016802066761289446,0.01873428800794232,0.04418045830050437,-0.0027930058996140945,0.12085907305215336,0.10674663314888683,-0.13085254104376387,-0.183736286261322,-0.10346491432326141,-0.09255974328915134,-0.045524844019553756,-0.04417781601617386,-0.025189567984019955,-0.011331835158827902,-0.10691925814904414,-0.10062977149931651,-0.07850810723715562,-0.0539941854535922,-0.050542584580465386,-0.012128602465908966,-0.0012337359007931084,0.015973936716584917,0.0019716779042171576,0.0022814886066948267,-0.06668007310866651,-0.06563692295468644,-0.04608888662848797,0.0566562976015283,-0.05071317654563826,-0.055384984559284145,-0.11331634479788202,0.11735523717198094,0.06609149732688313,0.06847251253013131,-0.1066467517761102,-0.08309865287652808,-0.16051519834759873,-0.15299603615878968,-0.02746308034671449,0.0743232828171161,-0.05951019499399998,-0.05516699155107903,-0.08022824430398426,-0.07236091028913363,-0.017688852525174603,-0.07236091028913363,-0.07236091028913363,-0.07405376619716478,-0.07678723409459656,0.013853430915055273,0.01665047597890747,0.006535503629364055,0.09555940586105255,0.10116901279035612,0.08894425046315804,0.07545447774715898,0.07711524116265647,0.06970205173153954,-0.02751254452475385,-0.02753260497265589,-0.0355046642466231,0.012440816611097255,0.02362614046695978,0.014907441536527429,0.047032586978152637,0.04703258697815139,0.08804287593500978,0.0845214490479472,0.0845214490479472,0.0845214490479472,0.7800660134669121,1.0,0.17518495618964994,0.11484102156915077,0.3947626730166749,0.21792493192477103,-0.015547223465671334,-0.016815794518048825,-0.01566524815082,0.17708401140827604,0.15289025285613986,0.05833127102911465,-0.06077739761336087,-0.10794523929245173,-0.15499226757700452,-0.004417559315179424,-0.01602997991865932,0.04169175722104422,-0.10062316129810632,-0.1267405084971164,-0.008449808865014799,0.08418114989005789,0.05351033758344247,0.03849798283908235,-0.024582069107478566,-0.029202645482185978,0.20240911497822106,0.1704046147622263,-0.06800195934888878,-0.07183487421164378,-0.01091827021776153,-0.0013161561630601808,-0.018138273100057587,-0.025332172851193602,0.07591807788741375,0.08401917444820692,-0.0013628524989476839,0.002620497942354471,0.006538952482352692,0.025977646704914748,-0.005347441163254195,0.0004575470912419747,0.0634963473416577,0.15924397210158367
E_SMOKE,0.01682376503170845,-0.08860326594063189,0.09017148923109061,0.01624371402452907,0.016271043405163076,-0.05013745392082233,-0.1922381011873758,-0.024588378836065856,-0.01409333660590697,-0.01348257240449153,0.003953138536354892,0.0028341038960425927,0.006580219097184891,0.005397232050652771,-0.21427246668855424,-0.22231663852099667,-0.22231663852099667,-0.22231663852099667,-0.05562674203912891,-0.04994670048730572,-0.10242279802079664,-0.10926989844536036,-0.04899471686033174,-0.06329934373920654,-0.06582133995400746,-0.055502067458877855,-0.11153923594168966,-0.11060463660865331,-0.17338611603546508,-0.16855686985756763,-0.017137024310998165,0.014917757792209876,-0.10929732921890443,-0.10998106146618707,-0.014714004455024297,0.03439798826981071,0.07139032909583162,0.07116299153974506,-0.008396731471578005,0.004186527713030142,-0.11879774513847056,-0.11680090255426635,-0.012676594550045907,-0.013659597751918906,-0.0688682315598843,0.030253366969583417,0.0024354946859864524,0.11032422953852364,0.09965879617236072,0.09655052792280189,-0.08835227594876603,-0.08677018927641508,0.011876769891743806,0.09407302268770086,0.35685159875605454,0.31299704594979505,-0.13665746350781377,-0.1802352287916694,-0.28980717151413327,-0.2955975287980225,0.0213008343550396,0.030848994543199337,-0.00831872361224571,0.014512423148063556,-0.013504525582079055,0.009031961527116206,-0.025391016752587203,0.006083537632964003,0.0030073621016446016,0.07823859222105357,-0.024867642652969014,-0.02887101899032619,0.011605458621983906,0.009756097380675616,0.04257618539251397,0.04715545434781297,-0.04332563850947779,0.04244616396874414,0.1299602484461979,0.12282194026234036,-0.04422124033034418,0.04603943320252737,0.14132832421892175,0.13083847458464884,0.024769776008660007,0.06957120311913187,-0.08993326930871016,-0.08058954527738202,0.0053411471051841115,0.11522108975091,0.08546715270016017,0.09297884163389593,-0.021664379829197014,-0.002933079034371618,-0.09961017917714225,-0.002933079034371618,-0.002933079034371618,0.09405225895560186,0.09294213494839429,0.1235643612035873,0.13474998741964256,0.08198913323714571,0.046376948457374376,0.0888302000633647,0.07399888089264507,-0.046751172874018185,-0.025300094271079605,-0.03154427410467984,-0.050046898537255274,-0.06176785997997101,-0.061790844960419,-0.16372677731730975,-0.16794231027773107,-0.16627043167416974,-0.03397095421033429,-0.033970954210334234,0.19397618638345365,0.1875088099929998,0.1875088099929998,0.1875088099929998,0.10893243684694827,0.17518495618964994,1.0,0.9387111332672445,0.9187650760326905,0.9265081300861098,-0.14475937907625688,-0.18981214078396533,-0.214331595939472,-0.039769254753918654,-0.1123418749656626,-0.14736653412423803,-0.5012929132252645,-0.6866385262139314,-0.5406045947465865,-0.15877721576954912,-0.16085479636425748,-0.06454358668677376,0.0860557792774257,0.0393597105958794,-0.008645975980635117,0.1421654001599453,0.1068198378752675,0.06876025347265498,-0.4320631087598798,-0.4431307030064074,0.04156823584695845,0.04336633242319559,-0.21691048364092547,-0.19917563366356636,-0.12523606424030442,-0.12955937040937734,-0.003819789458679122,-0.0030816609506968164,0.0817753848055382,0.08827483242772198,0.05493912622818929,0.057438163585212955,0.05842365804460323,0.0979880709718639,-0.04821197538628035,-0.03725291230467862,0.0629564827233109,0.4985064984390575
EPL_SMOKE,0.04377331834662038,-0.0947613120957908,0.09521878084038438,0.043114247112039504,0.043102441527604715,-0.05162124777960599,-0.20208139643913536,-0.02332866682142202,0.009334215834426212,0.008434518530659114,0.030788898968994897,0.028894702965636967,0.018802735249608665,0.016106794550692357,-0.2016281464491447,-0.212507888281893,-0.212507888281893,-0.212507888281893,-0.06013480448499176,-0.05935666711607169,-0.09070024651145181,-0.10101719745675097,-0.030260118619713998,-0.04157052783684165,-0.04686915654803803,-0.040249268244633506,-0.10309811409553514,-0.1033667759739756,-0.1981459978798249,-0.20531729328345108,-0.022436489736063044,0.006557726147728285,-0.10970861182571276,-0.11047687415940402,-0.03454940939691745,0.018184417697844135,0.07028346570738347,0.06766277360128015,-0.013782026010839957,-0.004737843603466634,-0.10229866249070176,-0.10042404860193314,-0.018374840144676066,-0.020603241501354484,-0.11084414085306302,-0.025135038730966036,0.00411183045437341,0.10436875310960185,0.05443489897013449,0.05182526323990363,-0.10029339617415367,-0.09887639233006211,0.04407684172614121,0.1819974871529926,0.30960123022349195,0.2939943126461548,-0.07879540150983604,-0.12833441442913768,-0.30726996350107505,-0.32785377109464936,0.05516326845193076,0.06525521644144562,0.003181686057160745,0.022354331958342664,0.03460020343046894,0.05129278277698699,0.03859868402189414,0.06936733181440018,0.009619238321005325,0.06529759345347613,-0.02609032575092861,-0.02806283766665286,0.009005287209552763,0.009190501929627205,0.08080006744100103,0.08682216397771798,-0.007569328857307928,0.00295607591193754,0.1921069412240444,0.18658491647667652,-0.004792147578881704,0.005950707263572238,0.14447538930098736,0.1356832447372757,0.0693550606922052,0.10512454263935789,-0.04154348599403681,-0.03453268836266836,0.005196705023336931,0.08566542215048102,0.10490994421800429,0.11189148435143087,0.025806072497366984,0.041205956323689466,-0.11159592152820517,0.041205956323689466,0.041205956323689466,0.14573698051242479,0.1467816222803348,0.15890169000116733,0.17038103513175198,0.11639284029674471,0.018127922943790804,0.062688695743132,0.05552267411048018,-0.06102775001591893,-0.03999293722745506,-0.047940906384472674,-0.02736525494708377,-0.0388055566961731,-0.041317994129855554,-0.1674895569806372,-0.175023459343031,-0.16692564538266283,-0.027713338621649677,-0.027713338621649583,0.19920348941177682,0.1911847749861149,0.1911847749861149,0.1911847749861149,0.07390811453717376,0.11484102156915077,0.9387111332672445,1.0,0.9580392979988362,0.9888769832544462,-0.14441099638437516,-0.19504478463396477,-0.23551967903461074,-0.10335269609190477,-0.21794511547572995,-0.23526595498936095,-0.543876120617482,-0.7139790029753594,-0.4757569750844462,-0.14062549238475,-0.1322422769911105,-0.10403128738903804,0.14496950640576897,0.09555592659651997,-0.005944071714609663,0.10562133255454338,0.07240313112324959,0.03429208401432634,-0.4696676221565025,-0.48149646620548947,0.01968412411227145,0.02247769063092395,-0.22853534174940876,-0.20451289372774328,-0.11870106539197907,-0.11757992204700357,0.018209066770415845,0.02495458776249458,0.0666728264791821,0.07164491373233291,0.0594660123328449,0.06084282856252349,0.059724323247731546,0.10344761093544985,-0.04177255690108871,-0.02892684364978322,0.06567087186578809,0.6502301320783767
SPL_CBM_DOM2,0.026003283916822932,-0.09744073464880557,0.1026542913894591,0.025354199025516055,0.025348593148626912,-0.057954152770089314,-0.19730136072246,-0.029749318535052832,0.007329218751495506,0.007476020808665769,0.01776305493963745,0.01629142190056626,0.03813957005735622,0.03591300063367702,-0.1993126475405679,-0.20727222261427294,-0.20727222261427294,-0.20727222261427294,-0.05855041133152754,-0.05564020883614276,-0.08808645050318488,-0.09522017098660839,-0.028109073988560877,-0.03839775154254738,-0.06376452783122603,-0.057150167604649624,-0.11145483025381624,-0.11173775310552794,-0.18278266074400407,-0.18724408036065673,-0.015668818622438706,0.01123391957920648,-0.10764889819733102,-0.10818163423880488,-0.009124314172285125,0.040187128950169536,0.06023891541699241,0.0567205614333339,-0.0013073754078122104,0.007254469104601961,-0.10147443942566363,-0.09827752157381799,-0.0036783974486195364,-0.005596697321928424,-0.07296034154911576,0.008936871940283536,0.007885247699034151,0.10403652454013089,0.0792292665069271,0.0755821203713557,-0.08796290574135583,-0.08609681325639276,0.053514867935204616,0.16752399991870442,0.32122431166764476,0.3027173491267263,-0.11062328655826785,-0.17169685050923503,-0.31404212765724066,-0.32993473131387113,0.03788949049612817,0.047612203241215074,-0.004325598489528541,0.017405819999309992,0.0011506931396389408,0.018404505458969267,0.013046819574262408,0.04857820793839327,-0.005687000983600041,0.05689424112242425,-0.024486994065955673,-0.021346171011115817,0.008897931292392119,0.0091586314489648,0.055491911065253266,0.06136275927071884,-0.020299651355259216,0.019082026201981905,0.16316753856050178,0.15671650947073676,-0.03712923973387499,0.03936620034095871,0.1526540438558441,0.1452036115757837,0.033374174212652645,0.07325216175701554,-0.08473967785386835,-0.07608575067839242,-0.0031179153935808573,0.10067783484422041,0.07986003286944555,0.08757048971996087,0.0007185640667678476,0.017232040660808808,-0.10831938082388021,0.017232040660808808,0.017232040660808808,0.11356027354631718,0.11374149388860498,0.15101038450735207,0.16243530850627433,0.10953780892803701,0.04420683618252856,0.08704977042378302,0.07701755603307385,-0.03480838833013993,-0.01486789069243441,-0.024228414889561227,-0.03321956607011428,-0.04381115519642563,-0.04845983807324434,-0.15140836093148763,-0.1551685131275202,-0.1500884462843666,-0.012061071138397352,-0.0120610711383971,0.20964808716097647,0.20121557567246215,0.20121557567246215,0.20121557567246215,0.2934426711332826,0.3947626730166749,0.9187650760326905,0.9580392979988362,1.0,0.977496036854427,-0.13805216354562183,-0.18524951622084465,-0.22235285721376838,-0.04447875214484179,-0.1574620962787951,-0.20076679220596452,-0.5205693937807939,-0.6915080449494445,-0.484751151451674,-0.13133506771551123,-0.1269365833369065,-0.08418879891052933,0.10503649691395188,0.051809445767529,-0.007935844146122062,0.12197955152678991,0.08240601940241954,0.042825266952402324,-0.441489761352061,-0.45376353600081365,0.07661022132451456,0.06995922913408963,-0.23099453123233865,-0.20984906205868836,-0.11293725875327386,-0.10914206908868417,0.011607841267790998,0.01579376752232818,0.0835717920431721,0.09045020672746526,0.05460696836177385,0.0570346795495497,0.05712592763485212,0.10316608581689948,-0.040178500565165046,-0.026626133719578116,0.0790607592926452,0.5592816651818724
RPL_CBM_DOM2,0.03593013795992663,-0.09556626700695975,0.10010550264750215,0.03527788277965467,0.03526828312725388,-0.05272366209832955,-0.20115625927620315,-0.02564244309608701,0.006326876494465046,0.00578022867389074,0.02391867885375755,0.0219837378533283,0.02433281559644507,0.021898845516451063,-0.20298881218844453,-0.21290799636380445,-0.21290799636380445,-0.21290799636380445,-0.06116167683863946,-0.05984689270038974,-0.09011242660485413,-0.09938615357613503,-0.030315220396795232,-0.04125907493809866,-0.05514536587646847,-0.048938076440212065,-0.10957051436441992,-0.11022874816421177,-0.19523774999174565,-0.2018827906469483,-0.02021142506351098,0.007466811714287481,-0.11167904981483849,-0.11234432686577236,-0.02689985034488519,0.02499209770461988,0.06787403497827665,0.06503980586634402,-0.009832322090688664,-0.0016297077429920043,-0.10360891606171342,-0.10081054154342373,-0.014372664476589823,-0.016675543281177495,-0.09810118243815247,-0.014002982734174989,0.006325863392065117,0.10317104305874722,0.06174961003406455,0.05894296705983128,-0.09888123126689083,-0.09730665188465776,0.05301158841740862,0.18019650528855713,0.30623439007030034,0.2934315900748228,-0.09106058091872969,-0.14526538816935702,-0.3127933872830237,-0.33260754144851845,0.04684494681311159,0.056527492197435435,0.0002745303007568197,0.019700149203462837,0.022550393302496006,0.04018137036166386,0.030606262563046067,0.06314327178731935,0.003875710395288918,0.062216615314739765,-0.024668708377822642,-0.02315940933746161,0.009267021560848328,0.009529704801646565,0.07248613532912493,0.0785640526720999,-0.013271091438254314,0.009638309553907083,0.18139158245340095,0.17574597016063118,-0.017953830429503756,0.01948903814603894,0.14864004912066986,0.14011260518013613,0.056623908730741204,0.09400075729315219,-0.0574462374175185,-0.04975749759513847,0.002192306852373839,0.09003387236952747,0.09531825756361675,0.10255053240414931,0.01568975666999139,0.031355938760501724,-0.11210082716188924,0.031355938760501724,0.031355938760501724,0.13352471772274144,0.13452635395421317,0.1546755396869925,0.16562211147264286,0.11178629960618205,0.02697371670947785,0.07120333040498775,0.062749983900104,-0.05264774901708246,-0.032337741825328746,-0.040478294540877646,-0.030106370362313804,-0.041371548143641475,-0.04408089425271506,-0.1629231954096588,-0.16946752834062576,-0.16150116660078936,-0.023558551342291432,-0.023558551342290922,0.20309448905647512,0.19520848173162156,0.19520848173162156,0.19520848173162156,0.14222887021094846,0.21792493192477103,0.9265081300861098,0.9888769832544462,0.977496036854427,1.0,-0.14330198799760085,-0.19271964229419308,-0.2322382678518792,-0.08216986572081245,-0.19874700106635879,-0.22626894907071018,-0.5409368372270361,-0.7122060939376065,-0.47746648841555045,-0.13406928034216997,-0.1278162505862774,-0.09846922951328418,0.13411079604523082,0.08389360731191249,-0.005884754004074739,0.11440567786327316,0.07976560692241348,0.04069776898272783,-0.4597699105045285,-0.4715779806734147,0.04220358908745489,0.04126940817231825,-0.2327914496316071,-0.2094795793331905,-0.11705656520946031,-0.11514317153245344,0.018522753109880247,0.023823584535628925,0.07093017496335863,0.07626826469860724,0.058301949555698875,0.05973844787765266,0.060116606540173124,0.10370442376389429,-0.04156300580403918,-0.02889447105114106,0.07050296250615105,0.6558804825460824
E_CFLD,0.0015561130554637742,-0.004548121766833625,-0.01381534554429466,0.0015248955971482981,0.0014427817568697958,-0.02646060583509641,-0.02020853830879215,0.009937550466219662,-0.03656422899719164,-0.038674121621610366,-0.05624868580794759,-0.056113940267016875,0.08322940801389633,0.07678420613873975,-0.05632952400755115,-0.053907250638029196,-0.053907250638029196,-0.053907250638029196,-0.0605090190153608,-0.06276727169848541,-0.055851154559627234,-0.06378686482258551,-0.00899828619550028,-0.009737272576615615,-0.022750110216083464,-0.025945282526239812,0.00944647883849029,0.01739899408463049,-0.033617514285837695,-0.03830115991243739,-0.04231048879071292,-0.040442534168379715,-0.045260896142118937,-0.046916781198984125,0.12448555715103957,0.1005462420158773,-0.10573483653215891,-0.10647285592105678,0.012609222720612394,0.014995230641343614,-0.022890704776293926,-0.023938941720637257,-0.009514031277915405,-0.013488957148796258,-0.012247788313525836,-0.009997133098525197,0.008557588976411559,-0.0011590969782345137,-0.008596378231827918,-0.00877813520725801,-0.045128706861989755,-0.04588793452108255,-0.041599628467428304,-0.04879403319504814,-0.04964949342986534,-0.08492212497749548,-0.0012376463514855614,-0.014235008583560336,-0.023514548798712412,-0.034442354065739006,-0.07496125476880033,-0.07449135460233285,0.025612548738197717,0.03825765879900051,-0.011898759436905543,-0.023073928416887008,0.008813553398502885,0.014363644820341125,0.01842394444458461,0.0013798697120792022,-0.014788489337493988,-0.025072238684727858,-0.0016077514927390498,-0.0018832190949821198,0.006293381825531877,-0.0029760287619039994,0.07301105911339095,-0.06930644687249615,0.003530611494157588,0.0005335233099105554,0.026923201097688466,-0.028619350868503483,-0.04508767411517588,-0.04507468808580268,-0.012876616118527631,-0.027448547607386596,-0.01395157837116472,-0.01749390015234958,0.0346201055443948,0.02848358051263295,-0.004330829687403225,-0.006710910320121615,0.06897951718935992,0.07138725676726372,-0.017328251154033438,0.07138725676726372,0.07138725676726372,-0.03935221385879125,-0.04173070305767665,-0.03583832649959349,-0.03528285429028236,-0.015454106578723465,0.12849495625572652,0.10868790656140627,0.09251974210392033,0.05630217805782775,0.056663499325467714,0.03374728301820963,-0.08299677269528459,-0.08552987043957418,-0.061815742293995994,-0.02069317156101692,-0.01958542045791266,-0.023171983317511212,0.008354488842813547,0.008354488842813167,0.018418273353143697,0.0012713396452042455,0.0012713396452042455,0.0012713396452042455,-0.011567810113880621,-0.015547223465671334,-0.14475937907625688,-0.14441099638437516,-0.13805216354562183,-0.14330198799760085,1.0,0.9300659580711987,0.6390939501787276,-0.10819872958775974,-0.08845461890039637,0.05460926584192579,0.37107938028703846,0.2882380017665465,0.0754502073068993,0.03660241423819052,0.07259062502967992,0.1288687441033261,0.00031194117422404853,-0.04812056061917513,-0.005961005186258016,-0.02693045052900831,-0.020860939253945696,-0.013164467530059114,0.3381307665904524,0.288823043979152,0.31700242538844836,0.2644555776810165,-0.015345908002621327,-0.016131770560869098,-0.04250818552568046,-0.03988339485063577,-0.040833680872508944,-0.040256176234163256,-0.01717159879058557,-0.014924118326748228,-0.014992953307926143,-0.013069378822950447,-0.012615343352497504,-0.005921384362872159,0.015116180077707653,0.014281138154107642,-0.016244347120369946,-0.1353610036016564
EPL_CFLD,-0.015386144892249926,0.0008212028962926055,-0.030215065901015074,-0.015358561257129137,-0.015435812050092522,-0.026011219723744185,-0.0022841997424798716,0.018829524568684777,-0.03618017802432266,-0.03877857629312997,-0.05144987150959319,-0.05133045869524793,0.09722964743620907,0.08932047846929829,-0.038472429120094805,-0.03208224531106017,-0.03208224531106017,-0.03208224531106017,-0.06101753544025598,-0.06380377153058225,-0.054754423953999765,-0.062498219673855486,-0.0063351973009791495,-0.006871986755999958,-0.010937256989000629,-0.015896609165756893,0.02188330208018807,0.02950012173331148,-0.02337465557650927,-0.028746893145147747,-0.045860794087531354,-0.045443143265242916,-0.039272687362679325,-0.04143963458624871,0.13524873742805427,0.10492982718486463,-0.12189660679448672,-0.12168542135224213,0.010705983583169392,0.01287992478611388,-0.011198906051725235,-0.00879012811892319,-0.0072546970782705455,-0.009961862045987256,-0.01189906370359455,-0.018909437425107024,0.007805160743594316,-0.011158752599773284,-0.022074986335048737,-0.021587390084738468,-0.0405973438428555,-0.04189837919375072,-0.055236960966785244,-0.06767865706612483,-0.05481384291692135,-0.10090416122506178,0.02035445768499838,0.009787429461664082,-0.015137465073954092,-0.031527966223261226,-0.08085597206386039,-0.08011905769213554,0.035637202256339075,0.046381058849330435,-0.006093879448002916,-0.021939845267083098,0.024538067256202063,0.023535842602556516,0.028128433635736683,0.00781573308919792,-0.018501045560197757,-0.03136646479679617,-0.0020113672828790717,-0.0023559892752373105,0.015080160779706213,0.003983303709241449,0.08644807038170753,-0.08313539822267874,-0.003727589858294963,-0.006040157117620949,0.04657221066861689,-0.04778353594193339,-0.06932839046472603,-0.06977389765798686,-0.00023273261168998236,-0.020212937635750758,0.005039008305009143,0.0015652270465656606,0.04189820417282907,0.028189666896076212,0.007109287909845382,0.003526393325044376,0.09691128530474401,0.09869738085972221,-0.0003736979506974827,0.09869738085972221,0.09869738085972221,-0.03545666198941208,-0.038274069986233006,-0.07014976992425309,-0.07315663900311854,-0.04225613264840296,0.13302305782142038,0.1061000816917678,0.08760746096924538,0.06087821763725661,0.05883122951519361,0.03444298932383857,-0.08769618046107212,-0.08994391546258948,-0.06240267954985457,-0.012256074595229495,-0.008851342695801784,-0.013670615312534176,0.0011991769287970336,0.0011991769287973525,0.01456727682450453,-0.007146245588124327,-0.007146245588124327,-0.007146245588124327,-0.011389587275531072,-0.016815794518048825,-0.18981214078396533,-0.19504478463396477,-0.18524951622084465,-0.19271964229419308,0.9300659580711987,1.0,0.7995631568557496,-0.1151981921706025,-0.08489217160937013,0.06357381666282293,0.45164201462585896,0.35369134956418513,0.09058395461346469,0.04871193495587372,0.09156248350137682,0.16028726330053428,-0.013685478822623316,-0.06714078325034889,-0.0046757206228793735,-0.030812893218005327,-0.023404647978051717,-0.012072827920847339,0.3877936106484052,0.3381414616153361,0.346582536580429,0.29499302820036893,-0.0033869940250869377,-0.0050516062984221986,-0.03319859962887615,-0.027814889333687424,-0.03678649574920535,-0.034994818793500325,-0.023936257301367794,-0.022275302310717237,-0.0130624282475545,-0.010613910838100113,-0.010391126063640873,-0.004028006322583207,0.020703044643892613,0.020485498285491174,-0.023459920797527605,-0.17139086382361723
F_CFLD,-0.025373671732304544,0.028696594255570904,-0.04762712886408674,-0.025156315468883892,-0.025199009187732834,-0.028331982414895197,0.00890868071945173,0.01706692523739727,-0.03280466927219232,-0.034824160510896165,-0.06367526678907678,-0.06271348507800918,0.094902050097879,0.08765086695504827,-0.04565432390411749,-0.03887538430899514,-0.03887538430899514,-0.03887538430899514,-0.028114030899181016,-0.02676074052580684,-0.04886744513758822,-0.04705579204661389,-0.017329084953261287,-0.019371948546062574,-0.020777413007705577,-0.02299559754632459,0.025090129755821883,0.03316382158836486,0.015232239887314005,0.016845194061967654,-0.013448499092435924,-0.011684387509906618,-0.015867475543402936,-0.01801886556355706,0.1386055936761019,0.1088720923198458,-0.11409271717474964,-0.11386450674793003,0.033062039251189626,0.0383343186429359,-0.018039111072660766,-0.02832727949152967,0.0011149026839157691,-0.0006980722178086573,0.02355232725994956,0.017722344786549864,0.0029516648242216927,-0.024258200108204214,-0.0038817731891443007,-0.002544343035573904,-0.01793910594491197,-0.019498376756001693,-0.07387887434417528,-0.12903993734924973,-0.09220883874736002,-0.14346234797639837,-0.007028011314847736,-0.010454138615141283,-0.02538545559728285,-0.04551860915363887,-0.13674899031745205,-0.13645402810405977,0.03759786524578799,0.047480488594139905,-0.030956418794172196,-0.04039270293883076,-0.02903230194319201,-0.027379687074250144,0.029781455327936926,0.020855851750056546,-0.015240410355702427,-0.025864747882873417,-0.0016396177217025754,-0.0019205451936609931,-0.005773578313206669,-0.018048154561419588,0.044078561586971134,-0.038584704208612076,-0.04522192499424565,-0.046926260259768274,0.006879890315331829,-0.008016137502688056,-0.05381339802439648,-0.053588161530186224,-0.00481569856123559,-0.019050091058111368,-0.020832722980518168,-0.023752205013207763,0.04287037903709138,0.03428644162377353,0.002018542098135675,0.00040567973820900607,0.059753402242314076,0.06081418557806988,0.04606834988436676,0.06081418557806988,0.06081418557806988,-0.07871384061110387,-0.07963870425630257,-0.07515087296340368,-0.07689357147374418,-0.051493265430091695,0.1400585384911959,0.11226403906070732,0.08394566573980079,0.10173016139652588,0.10188507987848561,0.07144847780361355,-0.055767788746319456,-0.055771022846395374,-0.037849722856374224,0.02755239174770823,0.03461935880463898,0.020136882491012847,0.028099751572539293,0.028099751572538672,-0.009090165373716751,-0.027054118709015376,-0.027054118709015376,-0.027054118709015376,-0.013518073388111451,-0.01566524815082,-0.214331595939472,-0.23551967903461074,-0.22235285721376838,-0.2322382678518792,0.6390939501787276,0.7995631568557496,1.0,-0.1213379099331518,-0.06597556521562985,0.06400470590993555,0.4589339539256897,0.3853966427359308,0.12813079494302917,0.07619426542263948,0.13032236777238884,0.24203437352120238,-0.05640301229246801,-0.08683242812901425,-0.005428317363567274,-0.009629720622453819,0.0009768157624614436,0.01891329663687142,0.3776277058252858,0.35092148319406685,0.30803472737579435,0.282163523470097,0.008453251905581213,0.0045879494903085455,-0.03000404487979996,-0.022566490978673106,-0.08056903680822863,-0.08541147445527782,-0.02023257337592063,-0.018654175860814953,-0.026374780691386955,-0.023002459062738838,-0.023973888025150925,-0.017510146245800613,0.005149984185952779,0.003725614024598997,-0.024067259472380365,-0.12349920029332193
E_DRGT,-0.3742294845079892,-0.008269919807036173,-0.037480554842749064,-0.3737206361321237,-0.3736111999867027,0.06184523089661998,0.1541727030278994,0.019113873209411023,0.045993644567533354,0.0513996736615881,0.12208559797920457,0.1191573223365966,0.08045188029011716,0.07957229898669803,0.2991716749176214,0.31451574528941806,0.31451574528941806,0.31451574528941806,0.057525381628498774,0.06374289366918601,0.20591599796410345,0.1519907402595877,0.03371289320950526,0.06165021101178625,0.07543810853677907,0.08202123257909374,0.05948240340594069,0.06117146004118469,0.18491249106000165,0.20141741277877265,-0.021060958781033364,-0.05296451710505449,0.11468869191485231,0.11486345672827887,-0.07011385232258786,-0.11143867548287813,0.07922605578040127,0.0880044031340617,-0.05869369099297619,-0.064666767276432,0.21439285030202163,0.24778667328281956,0.10874130710938888,0.11648136021852568,0.09695856170457645,0.07409149327520907,-0.014804994472563346,-0.030156994539449068,0.0334200141870126,0.03230205380887286,0.16408437411471058,0.16318216486915538,0.3394304908291389,0.22874529907184546,0.43943642255464205,0.4654635947939627,-0.11438013602841322,-0.07712395031687776,0.06950701634077372,0.12627862313289812,0.32131546312108344,0.2837911522120014,-0.04844420512797305,-0.06639144494949313,-0.09367020278905044,-0.11750392297508676,0.11202994947478903,0.06260125742513302,0.012925297933302935,0.011330330071448824,-0.039192094799805954,-0.0485374259330907,-0.0028047067035605012,-0.004694657243859803,-0.038254231168332625,-0.03640890842168222,0.012948980404349917,-0.013201350487166896,-0.16111630509637884,-0.15641112852154548,0.05529395995502422,-0.054566293860892845,-0.16348476032468148,-0.16567823804289164,-0.12581165799493785,-0.1393889843790993,0.014199765254717512,0.016499277254655352,0.030224130949503797,0.04326293183737454,-0.04772597853551856,-0.0565207292109286,-0.27615789986737505,-0.2914781760821754,0.02098735214711674,-0.2914781760821754,-0.2914781760821754,0.041596344043184644,0.026722973710517125,-0.17410935118785226,-0.179255519810479,-0.15858496547603107,-0.1348481907599195,-0.16199436208733767,-0.1235922310653354,-0.0974451923594553,-0.1225383703099769,-0.08591670465943851,0.026266734920530846,0.036890446525619854,0.03036570137227517,0.04656823908275297,0.05357176221533362,0.049714704468011434,-0.09351864261682655,-0.09351864261682619,0.25789808954733784,0.2776396420114789,0.2776396420114789,0.2776396420114789,0.12199051750092142,0.17708401140827604,-0.039769254753918654,-0.10335269609190477,-0.04447875214484179,-0.08216986572081245,-0.10819872958775974,-0.1151981921706025,-0.1213379099331518,1.0,0.9152217780082836,0.3710913144406712,-0.21484248758443505,-0.3235012451300971,-0.4633769003414674,0.05060507741015614,-0.038122861270758285,-0.09620595862008173,-0.46984011235687956,-0.5378573624257097,-0.006674561561136911,0.021595821727417783,-0.016033698893509443,-0.04518966704664873,-0.009287420039304663,-0.01939583516642479,0.09241830062689374,0.08351558831386419,-0.08335986564691185,-0.11298062748184672,0.3811864298061888,0.4226486614390317,0.1504016323918242,0.15199590439851485,0.11290867961963201,0.11330571891089106,0.09444591159959302,0.08780480149151418,0.013747850833288685,-0.017379273248133216,-0.014014785574346702,-0.02462248024213335,0.0447795393947961,0.20709833004811273
EPL_DRGT,-0.374812954076074,0.029608704551737017,-0.05139931180053242,-0.37406567061079,-0.3739444997140579,0.07188485936850587,0.19250932616635905,0.02361156254090787,0.022357956515046986,0.0273999591510202,0.07604504925066066,0.07480571201270972,0.10184199572698488,0.09899256722900238,0.2818778871616488,0.3072118055765604,0.3072118055765604,0.3072118055765604,0.07395527588934486,0.08283101792774517,0.19001877113526608,0.1500880745103927,0.007391078545334531,0.029513745070849196,0.0508782959034206,0.06181447352165836,0.047161309446002615,0.050673519721006914,0.26680066163596733,0.2875533672019288,-0.003514807117780221,-0.0378650337844752,0.12593260248878824,0.1269741855907933,-0.06173694769252992,-0.11152577526075645,0.0873815943609754,0.10093938209247758,-0.03815866998576151,-0.043911399568925716,0.17925227180306194,0.21723614905310995,0.10825101029579964,0.11759909716083497,0.151097287689227,0.12325206017647615,-0.018410477164828763,-0.06587907867830706,0.04501918633145696,0.044804367767616905,0.173927274017399,0.17403027191622797,0.2548382034825013,0.11454863460262389,0.35103435654342874,0.4082696448635617,-0.14866359780823535,-0.09445637366265956,0.12930760840744948,0.1866418524740947,0.2631695117033478,0.23085920599319082,-0.06256839317408852,-0.07904158197391171,-0.13926685890702087,-0.1513523973604006,-0.005439257543830649,-0.046409804830351384,0.005826504099464656,0.021966059852766444,-0.05375799639058244,-0.06589672358428322,-0.0016996070942880569,-0.004761550131659222,-0.09650168980172147,-0.09600812761381304,-0.04596572564607146,0.04781924047830419,-0.2595003691430176,-0.2552992519942744,0.00019074325003962068,-0.0002583625041102945,-0.1735957264719442,-0.1745038795811908,-0.15832015880564182,-0.16338366865290763,-0.024063091849469677,-0.021801175445912417,0.02412374465274849,0.041861156702609835,-0.07760192924047923,-0.08546750194012032,-0.3474384337172685,-0.35889062575905534,0.040747642884470935,-0.35889062575905534,-0.35889062575905534,-0.042471149059507586,-0.055729660230746575,-0.206698796504949,-0.2100858351877381,-0.17967908679217878,-0.11493758420982259,-0.14912357848895197,-0.12486333299077537,-0.05766641152927332,-0.08199896511551066,-0.046738972513533865,0.029148883500385834,0.04447684928717981,0.04448023056317219,0.08654612612750189,0.09388685773642093,0.09061769906606255,-0.07004956099959779,-0.0700495609996003,0.11237431215886855,0.13693724388003087,0.13693724388003087,0.13693724388003087,0.10221518527202628,0.15289025285613986,-0.1123418749656626,-0.21794511547572995,-0.1574620962787951,-0.19874700106635879,-0.08845461890039637,-0.08489217160937013,-0.06597556521562985,0.9152217780082836,1.0,0.5665251526148056,-0.097446761417702,-0.18221691456473615,-0.36887336355167893,0.08415701752407818,0.012544575099694847,-0.0039058957945715704,-0.42420374617973333,-0.46900067425989295,0.014382282743873674,0.07039448300620567,0.05532716432118331,0.03465950377958424,0.17622652209559564,0.17112721862634564,0.1846503104345252,0.17992529544306154,-0.0225063970407443,-0.058455672298515914,0.34508071199661244,0.3766545071589093,0.10753265847536647,0.09977765190220446,0.09112621159240104,0.0894441938595017,0.0831491186994913,0.0775704022621919,0.013984338001587578,-0.023379485348844032,-0.019530141771580505,-0.03486104982059393,0.07005740858861345,0.11138580152874089
F_DRGT,-0.2378967460323099,0.06700804770787572,-0.01947183584736974,-0.23711916728169175,-0.23710963168493904,0.07621988319868334,0.17865608981954548,0.029270597702107513,-0.016886861161659886,-0.01329606662073169,0.04329751181276314,0.04326479750999411,0.12631872688272444,0.12247627747728417,0.22163459055561988,0.2412818740913038,0.2412818740913038,0.2412818740913038,0.02468510764810143,0.027613400070793666,0.1181943689101055,0.10268657624509687,-0.005636086451971359,0.0045536726527147416,0.07102891943357204,0.07003052136095839,0.06109915546997114,0.05828488669488496,0.18829791098937004,0.20333269292909023,-7.280260205988575e-05,-0.026106533150306845,0.08882380906580278,0.08993951916261224,-0.04945623369874545,-0.09122242194477227,0.05676462114673428,0.0692812094388878,-0.06340116935993671,-0.07698709351086722,0.15441383181205023,0.17794100515079836,0.05723421020794494,0.06491735927900957,0.06916345399402542,0.01428205630146215,-0.01181618240005504,-0.06659359905082161,-0.035615939420198264,-0.03632424612422198,0.10395216504927031,0.10534558971904036,0.08161023804084765,0.0513715505610329,0.05915675776241195,0.08276226577329011,0.07771184471543194,0.07024986082100888,0.16415443782230799,0.20552438177541257,0.15096485401097937,0.14412275473983438,-0.014223763996771105,-0.03421374161856123,-0.043781858833867565,-0.05790508965588607,0.009792220368592251,-0.03472191817668174,0.00711227754650841,0.009711746010085813,-0.07670759296217766,-0.09245278520137916,0.0006838465002775621,-0.0009097947986030417,-0.05225873803467409,-0.049431694112351314,-0.014536031474887587,0.010907505986173557,-0.16463425561448544,-0.16184352469264163,0.06929068678656031,-0.06664175975829147,-0.16558843237252072,-0.1682913826324568,-0.03639051259297268,-0.046010228780670674,0.025576044165055288,0.02794422291158777,0.004946236307840378,0.004225555574571237,-0.01365219842720644,-0.014909980037148364,-0.23793881976452957,-0.2364216200039607,0.05241313792950841,-0.2364216200039607,-0.2364216200039607,-0.03381574517326084,-0.03805599167172856,-0.2081228719016751,-0.2142287247409447,-0.15526460477218995,-0.11247296922369718,-0.1458324513750637,-0.12639136493856026,-0.07342195563110508,-0.09544886221448386,-0.08185669782696468,-0.05137224134319535,-0.04284008221284134,-0.015235440858704161,0.059568889695368187,0.06801673415457893,0.06921187914493653,-0.10048399841307336,-0.10048399841307468,-0.12562417728737396,-0.1277353175780681,-0.1277353175780681,-0.1277353175780681,0.036250497929525075,0.05833127102911465,-0.14736653412423803,-0.23526595498936095,-0.20076679220596452,-0.22626894907071018,0.05460926584192579,0.06357381666282293,0.06400470590993555,0.3710913144406712,0.5665251526148056,1.0,0.1697334356488573,0.15051672508319286,-0.05420890994600422,0.11087110669767895,0.1008563775226333,0.026650353526484167,0.03305879117530641,-0.005208520975819855,0.027500457715274835,0.07886975030851495,0.09572656530611441,0.08366703736596527,0.41316217438385117,0.40968873181077,0.31372978503484444,0.31698127619592814,0.08931799016779211,0.05167628624862581,0.2011304918176605,0.21801747530970697,0.06856137358265271,0.07066474619827205,0.032454886123479416,0.030787149823797367,0.01876248453487238,0.018745026412697492,-0.0069373515599212175,-0.04921202642714524,0.03614068662160919,0.024008205349984567,0.03928308971081712,-0.07777978126751484
E_HRCN,-0.015930578132473637,0.04614296944886226,-0.05847381805077451,-0.015617994063853578,-0.015695210398555155,-0.004862415798853704,0.0924868360723795,-0.0026759764747131837,-0.04286836490983995,-0.044205506252690034,-0.05989714453169718,-0.05658127628574195,0.032859999640491015,0.030657741074595724,0.08360626168190063,0.09394911702817975,0.09394911702817975,0.09394911702817975,-0.0014263672343426174,-0.005425872494833452,0.002417567181152268,0.009518305990797808,0.013418655708420652,0.01262087548997523,0.01299102617393356,0.0030394466243696618,0.08685004971762536,0.08836392648295416,0.08798839936302451,0.07930792431456062,0.015831152875833903,0.0015539167247371555,0.03791705402794034,0.036846371144301455,0.12210506422384067,0.07017301799358079,-0.10793547306569866,-0.10521479646994024,-0.00024187437331921394,-0.0019371305782480933,0.06764298064631742,0.060974248803634376,0.018010278387920162,0.015052732951065817,0.04736831955459285,-0.021537171410735877,0.0009022063635865679,-0.05213730775916583,-0.052419703948865214,-0.05161443515866644,0.03194411939871306,0.03026894188367075,-0.12584875313967064,-0.18550603041984465,-0.22336551741474542,-0.3110784481526614,0.10719508752912342,0.07905212490569277,0.07662137980973678,0.06893490799766114,-0.167911419959756,-0.16669098601254528,0.03458435918798854,0.03039597815070516,-0.020038098026555238,-0.04071649152986563,-0.02669452694302185,-0.04604620759985916,-0.005638626607755064,-0.03975700687227266,-0.021954355390157068,-0.04075623846089759,-0.0036071606237466753,-0.003965975034263787,-0.04799821830238092,-0.05355006110419097,0.04551933870108869,-0.04474086053617416,-0.06421173200661577,-0.0620921531830503,0.032667920285320555,-0.034044300162795825,-0.08820257512123095,-0.08700493825975791,-0.01281262504128178,-0.03827457024564051,0.02983316837972294,0.02613761847026184,0.007353178615601407,-0.02704760488692926,-0.03025014420822354,-0.03179208862922213,0.09304178239179245,0.08548066464902558,0.1483000196419601,0.08548066464902558,0.08548066464902558,-0.12849807907131414,-0.12363376909242128,-0.13871199055393926,-0.1482275714793624,-0.08927201101042101,0.08005949864263766,0.031303234917799835,0.012283931214725877,0.09402069297741097,0.08078599658495784,0.053492096264180625,-0.07481755214128491,-0.07187393220240498,-0.04316507623973892,0.07747705964631914,0.08011663143249255,0.07145331935791528,0.0017386768367965166,0.001738676836795859,-0.1164261044055877,-0.1383108500877232,-0.1383108500877232,-0.1383108500877232,-0.044496791380703886,-0.06077739761336087,-0.5012929132252645,-0.543876120617482,-0.5205693937807939,-0.5409368372270361,0.37107938028703846,0.45164201462585896,0.4589339539256897,-0.21484248758443505,-0.097446761417702,0.1697334356488573,1.0,0.783020397538776,0.3488698959712158,-0.020432349046402582,0.020340362951800542,0.10342907342652792,0.025961622793623934,0.005732831316377613,0.013914133091009258,-0.029440536458239363,-0.00804353396936606,0.017156946242181854,0.44028474987773963,0.42557407682754833,0.18389937734932127,0.16339606178067625,0.15249153387211176,0.14400077211290016,0.009623058147080756,0.015824026629892483,-0.047872955636231916,-0.047295430759278466,-0.049989594186320235,-0.0510864987134034,-0.0672846519517111,-0.06546814492841951,-0.05696783307223399,-0.07320128985564592,0.060840141102072295,0.06037138622973885,-0.028154819163179478,-0.7712465105102085
EPL_HRCN,0.09952264796892583,0.10927588674096118,-0.04036249488225412,0.10005913656114736,0.09993846672469511,0.003096675668052007,0.10591860905646226,-0.0004157349751242346,-0.017326988933602287,-0.01821678011292966,-0.04984334282838904,-0.0461089955775181,0.05844169887163372,0.056407198075344785,0.08854483543239339,0.09508148177368474,0.09508148177368474,0.09508148177368474,0.028278693730443984,0.02281835059366039,0.01899377409905023,0.04506595624630935,0.030512899152219008,0.028397064253718542,0.0025148812344621047,-0.0114000287300932,0.07429308531684013,0.07268850951525967,0.10858363674808497,0.08715030525714708,0.06380343558845344,0.04638320815286109,0.05855619647913706,0.0583972187763251,0.08029106685924964,0.05510480110601929,-0.08305059591909189,-0.08827730526259084,0.024716324188900463,0.02386853144609138,0.04150414614993845,0.02765250358867413,0.012528803958538887,0.009694218976208072,0.07506309524130095,-0.006031316611864125,0.009513253562463499,-0.060419562936278176,-0.04681583944553938,-0.04540457185749659,0.047052449361830936,0.04516907229759974,-0.20338663334680182,-0.231263010379628,-0.37556755064435554,-0.45067120207564415,0.10974416240101327,0.07008714494269233,0.1812237730331474,0.18033316599548307,-0.21591024141197182,-0.20752350336478914,0.04619808273564299,0.045258451808401164,0.0031061240596508438,-0.002732891685800571,-0.038676718972301044,-0.042969733061691585,-0.020119911169941995,-0.05307153714074304,0.003399058425819609,-0.007635407793931801,-0.003899047065864378,-0.003083355773880053,-0.03040191875984184,-0.03394467863184509,-0.009435180641185129,0.011624814348487823,-0.06139137208035682,-0.059959233846955444,-0.0291475803599502,0.028876631998678605,-0.01734703363265596,-0.011809235849680107,0.018461526932813572,0.002884724451863752,0.019539594411252054,0.016627508164666432,-0.01702746038261885,-0.05812305148615533,-0.02993073552087243,-0.02848483420735543,0.07884020627002034,0.0757749588544291,0.11294907045748989,0.0757749588544291,0.0757749588544291,-0.12880652292124894,-0.1227676500594725,-0.09086488069322016,-0.10014009755878527,-0.05584505084891457,0.03885756476331236,0.01015889289337056,-0.0015040786973577098,0.10776211365458013,0.10274953749660425,0.07450767347265594,-0.029997763145176555,-0.02537143016891903,-0.012456696966771146,0.12932631837481176,0.12545192747685746,0.1181332013730222,0.04016722438577999,0.04016722438578066,-0.2849194128386893,-0.29351852935361605,-0.29351852935361605,-0.29351852935361605,-0.07787016632450292,-0.10794523929245173,-0.6866385262139314,-0.7139790029753594,-0.6915080449494445,-0.7122060939376065,0.2882380017665465,0.35369134956418513,0.3853966427359308,-0.3235012451300971,-0.18221691456473615,0.15051672508319286,0.783020397538776,1.0,0.6083083573446482,0.04173722700123726,0.10098507239308431,0.14741480979665067,0.09882247621421576,0.1420693683013285,0.024875692829995043,-0.033748734874547104,0.002003619197542844,0.036712644158845516,0.5710928884442749,0.5695367437839284,0.17942647821509305,0.16700877759881982,0.24654326072481736,0.23886737947102393,-0.036906417398642914,-0.04064952473722778,-0.07889866945861378,-0.07994038974953621,-0.08319082373171023,-0.08466530626320042,-0.11406931758738569,-0.11008635502948867,-0.08750115932419661,-0.10793745174457259,0.07016967496538148,0.0673955751493389,-0.05051329677467737,-0.8039584439232854
F_HRCN,0.2003121142028165,0.18568295437836022,0.034153891674361656,0.20117915718480817,0.20110571999695534,-0.03706237188637803,0.004324693124218887,-0.015025619656479599,0.032827396447084926,0.029234824971157647,-0.05958581978446228,-0.056039935113470614,0.06648339680442455,0.06711004283213355,-0.05163241578502043,-0.06140073967768893,-0.06140073967768893,-0.06140073967768893,0.07854847485035488,0.07347415324513273,-0.012121171021741787,0.03792713394621572,0.027015580802962413,0.005581713374001806,-0.04917445452082657,-0.05558073934438926,-0.007419073624300142,-0.01014509077481668,0.08997306852414008,0.07127402393829128,0.12141100013876746,0.1228749693069528,0.049625425588748016,0.05064331595987812,0.035895569271913175,0.04248061374883259,-0.021552308450546186,-0.023260754725176764,0.09708201448007107,0.0981360404384841,-0.10200431681350483,-0.13209269671172164,-0.01744678430215709,-0.02176576772135442,0.05727476326852808,0.018379801821926882,0.012412076239841146,-0.07186724288115301,-0.036698469476228145,-0.03512082519941742,0.013145270093158027,0.01322756771570316,-0.22211427120563698,-0.09934266473544025,-0.5863235685549695,-0.563401953291907,0.027013160971674877,0.0260241718724956,0.12947426365638828,0.08748864012996897,-0.2596545505163494,-0.23835527080958446,0.0024085811024350287,0.004829683939419243,0.029181514880017044,0.050211083304491894,-0.15300804995236508,-0.12164925840256727,-0.017707617557187985,-0.014371958746015984,0.029258867530396734,0.04256502387498934,-0.0031782697792357706,0.0005957646010463618,-0.03136872855744075,-0.031757241455243806,-0.11883138347564819,0.12367382523570349,-0.005833081976574336,-0.00583747081298838,-0.15706323176317283,0.15434020717875985,0.1581041029399893,0.1655841677416235,0.04722808830916491,0.05421553891409103,-0.0558365144089593,-0.061952893234089486,-0.033008759490826434,-0.05873963318437322,-0.03031014666082062,-0.022263048819265534,0.04330137022563566,0.04192541598397609,0.005578502900756638,0.04192541598397609,0.04192541598397609,-0.11677572259469268,-0.10590830944111967,0.05483361289315181,0.04119885073033336,0.04816049074943447,0.04542120344351052,0.04658472308981203,0.03404678904814159,0.18204357144253816,0.1993704617834999,0.15766525154009922,0.08922418920702214,0.09505284701961879,0.07873357063695363,0.20393477266483886,0.20827974857414439,0.17184433166332447,0.15973737608801522,0.15973737608801694,-0.43141147967757554,-0.4322301123925082,-0.4322301123925082,-0.4322301123925082,-0.11500133631306717,-0.15499226757700452,-0.5406045947465865,-0.4757569750844462,-0.484751151451674,-0.47746648841555045,0.0754502073068993,0.09058395461346469,0.12813079494302917,-0.4633769003414674,-0.36887336355167893,-0.05420890994600422,0.3488698959712158,0.6083083573446482,1.0,0.17321830177371467,0.23240988055487005,0.1696787924323612,0.37872166116212935,0.4989327166109633,0.042078336870549085,0.010615544340814449,0.0695303144672045,0.11532427152025077,0.46629676502179396,0.4656669378984086,0.09906649049594457,0.07993531272704016,0.20527915382073886,0.22504857478135704,-0.14792835332038745,-0.16167675304508006,-0.18539752479255134,-0.1979879309835259,-0.08192670294006571,-0.08710252618038172,-0.15812861458259367,-0.15202376619823774,-0.11053385735696693,-0.09989948936204003,0.002417012418557873,0.005620096770865076,0.018053362085176886,-0.3048942594168493
E_RFLD,0.010938887599741709,0.02693686635106916,-0.03268654168687923,0.011091031399038559,0.011047956647093602,0.10404270429136413,0.07873405255237625,0.07124439094248791,-0.0689650634161869,-0.07183298476600503,-0.04823254028611422,-0.04776053440217368,0.19437135163659122,0.17808737337292385,-0.0007857576227435261,0.006032317005427532,0.006032317005427532,0.006032317005427532,-0.08997099181780736,-0.0976377293035477,-0.04705209807553492,-0.06473073924656234,-0.03980319154585905,-0.027429645082079904,-0.0740684649495857,-0.06974362977695414,-0.05244480459025415,-0.0487590274352287,0.024964871156009406,-0.006440047318021103,-0.08812986982033788,-0.095117296670813,-0.08239456792561797,-0.08172265492424442,-0.003987319425216502,-0.002456677939895424,0.04511425280984787,0.04460770819322618,-0.06239298074262963,-0.0678294205550554,-0.01830639583683739,0.030603369003818038,0.004740474446203022,-0.0057066382404558375,-0.02574373857651665,-0.022966044820289033,-0.029990453463776122,-0.04192555263007493,-0.04561425067409457,-0.04615230411890396,-0.06922995575846991,-0.07155254790441086,0.16230648077471757,0.1291027068685521,-0.10437830675364798,0.005065535450487612,-0.07169251796446678,0.007404971401829479,0.02654285574434719,0.01208654758230442,0.06115603863889018,0.06417772010935935,-0.002416763129211657,0.014869413206813264,-0.025650198391792813,-0.009001855968413101,-0.04060316433345769,0.012091673282648638,0.006587082272633543,0.01743467455950009,0.007770441697497014,0.02307537512210136,-0.002811309008443036,-0.003318867928192452,0.01660340746730161,0.01362263801980508,0.05653289041995665,-0.051763043637674935,-0.10072114418676772,-0.10007827690954438,-0.03910200330224008,0.028847833871688884,-0.07101104621118381,-0.07302386348370399,-0.038892108091179704,-0.03961478629174061,-0.009918992099395216,-0.01582332491673923,0.009653020296130148,0.002414805743457172,-0.027949174548649855,-0.031359749540320433,-0.08385366399064072,-0.09074297040052773,-0.04712194731655385,-0.09074297040052773,-0.09074297040052773,-0.003729090290950533,-0.003437643700008643,-0.12005766700750045,-0.12170866181311592,-0.10156958895327023,0.030376355424744997,0.03461726800872121,0.02132328702523902,-0.021088301596791568,-0.0244519076526901,-0.04760287063426176,-0.0717285061131448,-0.07119018712842845,-0.04404499478694986,-0.01335971419586575,-0.02182336048910807,-0.035296212357612176,-0.06741474562130967,-0.06741474562130848,0.04320325491023716,0.06727705607050884,0.06727705607050884,0.06727705607050884,0.0033236613307681077,-0.004417559315179424,-0.15877721576954912,-0.14062549238475,-0.13133506771551123,-0.13406928034216997,0.03660241423819052,0.04871193495587372,0.07619426542263948,0.05060507741015614,0.08415701752407818,0.11087110669767895,-0.020432349046402582,0.04173722700123726,0.17321830177371467,1.0,0.9161851140441758,0.532086208259423,0.09543594232424157,0.10366524229946436,0.010618607404855906,-0.03977362797580024,-0.0406873887012727,-0.030466026455019973,0.5098561470725932,0.5312197763112756,0.5450623444496283,0.5755792405880071,-0.006618213470729344,-0.05367528789606825,0.09234887589763825,0.06865115888856921,0.006895217951422554,-0.019755972362818917,-0.017462085016855883,-0.02430662986277695,-0.012875251183717571,-0.015957204086658197,0.01162093200653477,-0.031051308685004202,0.0007066779120585803,-0.020398080851701052,-0.0017157624313939956,0.11268661050565583
EPL_RFLD,0.060309990494996385,0.04627371401500651,-0.021383399943165744,0.06050982105526589,0.060435948410802784,0.10617043016691789,0.05993323733250872,0.07121108496229407,-0.09111264103517523,-0.09419387942871206,-0.08515529904579221,-0.0842507191994551,0.20388126916375499,0.1865233739541971,-0.05852086562653786,-0.05512761282852462,-0.05512761282852462,-0.05512761282852462,-0.11176849222393759,-0.12033376922961758,-0.07621812520799648,-0.08848990106939397,-0.06649213331527072,-0.05743568042876661,-0.10704100661555135,-0.10246571577661046,-0.08725944610588243,-0.08461250896777835,0.007542137687886458,-0.029605929450312596,-0.08167354134585866,-0.08624633617803215,-0.11446717031047644,-0.1138298053328614,0.007187086060055659,0.021793368422709822,0.04631510164015818,0.04218086128768214,-0.05938147956758409,-0.06425004937107498,-0.045624896965638206,-0.007361447338512301,-0.0054549309352062035,-0.020005938287173317,-0.026544807869130105,-0.010656817845686128,-0.03133828805790082,-0.045788099044482417,-0.03900177815225934,-0.03934711143073595,-0.10203657422415637,-0.10420415606237532,0.029158602183642423,0.053609921148764506,-0.13284070328960815,-0.058877355142291095,-0.11255890545568766,-0.030241747515255418,0.010562149930314027,-0.011041451963832237,-0.019205427815633405,-0.013727243810682676,-0.00018366409865872837,0.025069540439227014,-0.038510519479693604,-0.007051648461907842,-0.07693616028935028,-0.009273530028277369,0.003438611574204585,0.03189487463659629,0.019851470839587274,0.042063349039390185,-0.0031567913016958362,-0.0037501500876000386,0.020373792073251254,0.017555996870758032,0.01984351110915221,-0.013209084354465751,-0.10052584538825954,-0.10193002078196642,-0.08850274800271205,0.07733531382439027,-0.02161169779673527,-0.022392690548779837,-0.040087413657268096,-0.027049606161676155,-0.0277652903377616,-0.031937996434710555,0.004056006870424156,0.00402013673164152,-0.025684789212413413,-0.02871269192231422,-0.07589395366901905,-0.07562576616445846,-0.05124315015975054,-0.07562576616445846,-0.07562576616445846,-0.028582640215272077,-0.028203943646692944,-0.11763830861712198,-0.11776410479510703,-0.09667299783431643,0.060541873837945764,0.07439321009033877,0.04980536444469885,0.0032406818285371426,0.005280297197689853,-0.026002357802440382,-0.08860294507826322,-0.08894023847599644,-0.055893537394219026,-0.01585022021056718,-0.025669474580395094,-0.04122339330389296,-0.055311506931265915,-0.05531150693126495,-0.014817263080380817,0.007220630027163853,0.007220630027163853,0.007220630027163853,-0.002180262273811769,-0.01602997991865932,-0.16085479636425748,-0.1322422769911105,-0.1269365833369065,-0.1278162505862774,0.07259062502967992,0.09156248350137682,0.13032236777238884,-0.038122861270758285,0.012544575099694847,0.1008563775226333,0.020340362951800542,0.10098507239308431,0.23240988055487005,0.9161851140441758,1.0,0.6479169309886058,0.15412875568386514,0.17199012382202242,0.025139133342623875,-0.021823835532934713,-0.014180091257764415,0.00496854223996121,0.5903769472078643,0.6079521199233398,0.6113414376767639,0.6427290789369664,-0.004339861886094887,-0.05617966433815022,0.03141768226544715,0.006559759836518637,-0.009389882014453628,-0.042005335113135395,-0.026511867161032553,-0.033008744533258895,-0.03163810639644691,-0.03444699819978309,0.0053825187976445235,-0.04031839215425252,0.00026070784428463027,-0.021831482866689216,0.0007117717870766309,0.08041450795749316
F_RFLD,0.07640040592976631,0.08435177666217605,0.09676870727354285,0.0768179637889172,0.0767805780309749,0.06947464915691431,-0.051305795763698425,0.034029918102988235,-0.12168628476737141,-0.11733556932903441,-0.23233698221057864,-0.2280445088913809,0.10282530879668515,0.09450533194427108,-0.29346212681091555,-0.2915726659191143,-0.2915726659191143,-0.2915726659191143,-0.09139139830733536,-0.07730834914569487,-0.13237321432120877,-0.09179416411781428,-0.13277333191802235,-0.13021786783183328,-0.2765646856062687,-0.2608383291982079,-0.21524578971512623,-0.20921511558511277,-0.003004991448996399,0.003563899726354619,0.028413230079051815,0.040954832412451396,-0.1456492962786572,-0.1429502788923379,0.1445107910829934,0.18697702213162576,0.016715727718214304,0.008398476845534773,0.08454268511761558,0.10250527040303316,-0.2226888158661975,-0.21807685069511148,0.02871230210615085,0.008038518474862916,0.20956429360214526,0.28467990414736183,-0.024429327089850086,-0.019209646792065615,0.19847116279188112,0.19854602239271107,-0.08879148672052042,-0.08972641473050877,-0.1514037624888615,-0.288223622869939,-0.13163050584701053,-0.16077143323169263,-0.3914431013510179,-0.3751242922876069,-0.09640615422024286,-0.11543021740722952,-0.35626526887137255,-0.3534555875448636,-0.04106968663661829,0.011984693276643966,-0.2453299603830007,-0.15264087827759212,-0.35012106079456295,-0.2564260954505427,-0.0712531521311501,0.04884383423412221,0.020025121023511214,0.051714346782256115,0.003788691460369669,0.004437835160089569,-0.13025387832992538,-0.13394705232596046,-0.28479710112577494,0.3070751562561479,-0.23365564554507826,-0.2507678179496417,-0.41465473939224445,0.4092264013493283,0.23427550146851053,0.23405792593582347,-0.19480268206591647,-0.11945240181311376,-0.3175632707713098,-0.3138722650376856,-0.01287614070076701,0.10650995843742375,-0.12201134495064264,-0.11384140192599229,-0.19180163323687024,-0.1712001159372296,-0.04840273919410353,-0.1712001159372296,-0.1712001159372296,-0.2683013280281338,-0.2716590735769418,-0.019847570648902114,0.006716073759040137,-0.031607588123406784,0.2865982912178909,0.3181296151518034,0.2253528964983348,0.220729477014037,0.24142115905247385,0.18742055565204227,-0.06879080627344514,-0.05570221435655293,-0.05998855761074012,0.055260436386872946,0.06634835265730157,0.0202287219536836,0.11110292398788313,0.11110292398788141,-0.1429995917925188,-0.13159168821553613,-0.13159168821553613,-0.13159168821553613,0.01670724216425921,0.04169175722104422,-0.06454358668677376,-0.10403128738903804,-0.08418879891052933,-0.09846922951328418,0.1288687441033261,0.16028726330053428,0.24203437352120238,-0.09620595862008173,-0.0039058957945715704,0.026650353526484167,0.10342907342652792,0.14741480979665067,0.1696787924323612,0.532086208259423,0.6479169309886058,1.0,0.00829723458166952,0.048535641417339466,0.019429938957645002,0.14690356283671296,0.1948402140707602,0.22918636364540607,0.4884635312426499,0.5137134625411715,0.4542720599726332,0.4819610198418525,-0.04915360733206564,-0.10388371370358256,-0.15222120582687482,-0.19724744071136938,-0.1450317624408403,-0.2029027563205723,-0.0034427172341412455,-0.007560168903816444,-0.03929663162122261,-0.04137549228185377,-0.004688025440865721,-0.046297333729015934,-0.03938215598739752,-0.06187452298261028,0.03395037041785795,-0.11172030204607064
E_SWND,0.188132291973957,0.05804094120819645,0.05665017574547169,0.18821592375946655,0.188164710225842,-0.03621374996068624,-0.08943963362663783,-0.008334654175434202,-0.01275360709185462,-0.01666096438416172,0.013472954678951354,0.013905416094273086,0.092733482621465,0.08922457160546417,-0.0930227278070658,-0.09460859785902181,-0.09460859785902181,-0.09460859785902181,-0.05959601384433225,-0.07088611922616027,-0.0866336041282227,-0.06190540749622828,-0.009622689343616193,-0.030549589800986193,-0.016000331079667036,-0.02745346133850336,-0.06279907788856189,-0.07084932086279086,-0.08634607686372563,-0.09475596402054444,0.0071597706035273715,0.017240408243242498,-0.06838539013833567,-0.06642243282693562,-0.04887013357002836,-0.01665801512176722,0.03100490420238619,0.03168827006490308,-0.03295180621792175,-0.04243810903947199,-0.09308435027820587,-0.08940045115333434,-0.07307755141408816,-0.07678269880564523,-0.12052505716880743,-0.14146673615922095,-0.0005399172868455062,-0.023000544272509495,-0.12059379885706331,-0.12187557921171695,-0.11231842341999657,-0.10825210881841009,-0.13721176676628127,0.11997195514479611,-0.3508781528861784,-0.2538497239061881,0.20629878484137074,0.18507359196467468,0.05729286436505264,0.04544845322797199,0.010147926336599392,0.04308783169291493,0.05432522521283035,0.050466572884731366,0.12482801015874127,0.13211957507085662,0.02609112588952347,0.04095117392915449,0.0005117414792704968,0.006501494516081138,0.006325118766827876,0.0035699934550287413,-0.0032527602967074415,-0.0021016116628930236,0.08433778652435993,0.08691901998157961,-0.007363132604843176,-0.0019187208437885588,0.158625691527618,0.15942956410012835,0.005745797942426788,-0.007272169491325012,0.11428088790508244,0.11307462954629756,0.14661843634398708,0.15118243297933018,0.03771760159044601,0.03647269338886589,-0.02894635922579523,-0.04975318715857376,0.07089024778600642,0.07646884765646055,0.15180656447049345,0.16308544500678965,-0.07596767040879308,0.16308544500678965,0.16308544500678965,0.12460657534890898,0.1291285901659,0.003996573512668451,-0.006649858125941438,0.0020593295923260293,-0.042842374515043906,-0.02180826445010016,-0.029890678390630716,-0.04565729235200425,-0.030756914304059524,-0.04660553977187298,-0.07089444919267661,-0.07880618577739154,-0.04934146022777298,-0.030645358032562336,-0.028063150158290712,-0.029903416922549893,-0.05003391570491444,-0.05003391570491376,-0.3374482884515985,-0.3806813912294056,-0.3806813912294056,-0.3806813912294056,-0.07474939294802863,-0.10062316129810632,0.0860557792774257,0.14496950640576897,0.10503649691395188,0.13411079604523082,0.00031194117422404853,-0.013685478822623316,-0.05640301229246801,-0.46984011235687956,-0.42420374617973333,0.03305879117530641,0.025961622793623934,0.09882247621421576,0.37872166116212935,0.09543594232424157,0.15412875568386514,0.00829723458166952,1.0,0.9358119017843289,0.01699211964333185,0.07410838459567819,0.08829508405073781,0.10159926179784123,0.32596262605307497,0.30691950368126364,0.2504546386521318,0.23285870362142044,0.09883917163765335,0.1171113643084653,-0.19711476443769668,-0.211044296851532,-0.04499791881472605,-0.03444957303316911,-0.03350563366754724,-0.03433976224201509,-0.0974391280746263,-0.09013516577635464,-0.03436699974543396,-0.009379261665485337,0.011273736062984511,0.019889555841747317,0.06099034934069739,0.049917700023768705
EPL_SWND,0.24004317649664625,0.09537661864720223,0.08032219939116544,0.24028413459675474,0.24021355300654526,-0.04842649835562917,-0.1069950052412976,-0.015578568587470093,-0.010877304194589309,-0.014837064698096649,-0.01519654493479305,-0.014208019490962318,0.09231292472212885,0.08955946283999436,-0.14150134655223476,-0.1472909596557739,-0.1472909596557739,-0.1472909596557739,-0.03020182468189533,-0.038909065494882655,-0.09693642612200375,-0.05939973011710515,-0.02067936162558446,-0.04875849482855219,-0.04363360894623486,-0.054394389639000514,-0.07823816297441757,-0.08701946927382052,-0.0571491218752797,-0.06303706874188722,0.0483538023325287,0.06408584030579645,-0.05782507471895347,-0.055579972381309836,-0.04218534645323495,-0.003284757519498742,0.04256628850784618,0.042572420705010446,-0.004238743084695802,-0.008679356456750944,-0.14363713807208692,-0.15373421372378698,-0.08131360233275532,-0.08624250686107919,-0.09070583331412892,-0.10193255949156019,0.001922019121703313,-0.03098349190170694,-0.09674991580143276,-0.09764765213049079,-0.108288344696834,-0.10374590934491477,-0.18160850351353297,0.07704965893525796,-0.4792437695710737,-0.3540794276319672,0.16095561992165414,0.14218582456489293,0.05409487263295613,0.037259172078260704,-0.07011391693286048,-0.03818898151089864,0.04325509117788296,0.04162328804297564,0.1126188742879249,0.13428305666265733,-0.05321098438849428,-0.026722025215780893,-0.009113188803487325,0.015427598464660656,0.016972406243333564,0.020064406294266052,-0.003417273621922485,-0.0016864669424663768,0.060756905190394006,0.06328767896070196,-0.07214545515138605,0.06519176249497442,0.14048317998484716,0.14077149704441563,-0.06533903242867665,0.06356304228321694,0.17920337999575864,0.17862874236882936,0.13566081963287605,0.15208304599925054,-0.007347551426049642,-0.008419273440354803,-0.04053439947512162,-0.04815449499563144,0.05513885326132233,0.06373312759950206,0.11357083372190993,0.12763516496084118,-0.08181771140134772,0.12763516496084118,0.12763516496084118,0.074213709642407,0.08007970900318301,0.032579267008796035,0.02119916533401148,0.017231256921019678,-0.018717146154175943,0.007714532135586529,-0.006167641061411337,0.008553570282565648,0.030572607445590424,0.008420294600875965,-0.03766400695028061,-0.04479829533224314,-0.02636318740086387,0.012837035207752074,0.01777424192673151,0.006802643975008507,-1.3243136001229525e-05,-1.3243135998380614e-05,-0.3942186205448959,-0.4287674650498862,-0.4287674650498862,-0.4287674650498862,-0.09854090475641941,-0.1267405084971164,0.0393597105958794,0.09555592659651997,0.051809445767529,0.08389360731191249,-0.04812056061917513,-0.06714078325034889,-0.08683242812901425,-0.5378573624257097,-0.46900067425989295,-0.005208520975819855,0.005732831316377613,0.1420693683013285,0.4989327166109633,0.10366524229946436,0.17199012382202242,0.048535641417339466,0.9358119017843289,1.0,0.04128845729467382,0.11464938138785308,0.1357597716825645,0.15687502271091402,0.36250120705344446,0.3469591077881271,0.2443418061289791,0.22865611603738373,0.12565389888626716,0.14894905199958489,-0.24990328013127117,-0.268249217831649,-0.11088813907777043,-0.10721160891034634,-0.043362344783171906,-0.04434005806726306,-0.12796645073297894,-0.11889541413099555,-0.0638390703835069,-0.03437943196334355,-0.0008971820783745173,0.009591250046467015,0.0590940805075762,-0.040131181150091115
F_SWND,0.012665894914383363,0.006643471049340361,-0.027947777244441495,0.01268802768880658,0.012684401041648702,0.032764642318860004,0.027140163619972537,0.011844672162879447,-0.008958177878250834,-0.009333167000189152,-0.006758652825019203,-0.007163216218618873,-0.005641131547193423,-0.0055526291756276625,0.00024641893892510204,-0.00230502390307605,-0.00230502390307605,-0.00230502390307605,-0.008697718309224637,-0.009036126273270082,-0.005509496131234374,-0.007225872208013032,-0.007954315281088526,-0.009735437781600936,-0.0009207143421414197,-0.003131557897211395,-0.005645288448772755,-0.007554119485537543,-0.006450693335361058,-0.005913173828092088,-0.0030907960268361802,-0.006199718870185213,-0.009393532196866897,-0.010184883603842442,-0.013146060161419724,-0.011310582718682268,0.0037961601939342816,0.002267189080900402,-0.01869652510522259,-0.015115041529332655,-0.0059523409793811296,-0.004898612978982518,-0.016844511703115173,-0.016253683319698113,-0.008773986261851467,-0.011466607710858142,-0.01097151571630531,-0.015841058955492055,-0.018890082154917286,-0.01745028329544508,-0.015826459768676974,-0.015911482415481484,0.005049095458153448,0.012038182146604615,-0.023469118060902343,-0.013024275222796488,0.01627738366730734,0.022732846367755372,0.01526478104478617,0.014419849523803204,0.009565549922216416,0.009589389645281334,0.003705114543158785,-3.4935681874440677e-05,0.014926459567060311,0.017058320390832476,0.0105667210111845,0.007336004705579743,0.006488489219688642,0.005478593774988853,0.0014529577976697557,0.0024633283272397985,0.0001579603578707202,0.0001850248396805095,0.012146988140285676,0.013432947010324086,0.013285560763036497,-0.013379790709283385,-0.003576242194073932,-0.0028198222495519165,0.028839931360402738,-0.02353137792352427,-0.0041697573445188384,-0.004862495619801891,0.01868641498829972,0.021292939902517093,0.02939684631344297,0.030668724975587723,-0.00038907068099710803,-0.006545178295490521,0.020138430559046582,0.019121434643517687,-0.00590000819315171,-0.004335109471909838,-0.009808764719589252,-0.004335109471909838,-0.004335109471909838,0.004990897231751036,0.005399661047558456,-0.007859204342094049,-0.007756167399782354,0.007195849406500213,-0.010255145880083461,-0.010515061557257682,0.005915130892415962,-0.007950068871751153,-0.010253837865700888,0.006641786166290098,-0.0032047592204761484,-0.004424110491331166,0.007315077939083325,-0.0007941322389228542,-0.003360934987266087,0.011235747227086626,0.012459182311569434,0.012459182311569313,-0.0038883582576463615,0.0022871424169596966,0.0022871424169596966,0.0022871424169596966,-0.006572144580161508,-0.008449808865014799,-0.008645975980635117,-0.005944071714609663,-0.007935844146122062,-0.005884754004074739,-0.005961005186258016,-0.0046757206228793735,-0.005428317363567274,-0.006674561561136911,0.014382282743873674,0.027500457715274835,0.013914133091009258,0.024875692829995043,0.042078336870549085,0.010618607404855906,0.025139133342623875,0.019429938957645002,0.01699211964333185,0.04128845729467382,1.0,0.0034152909819710063,0.002047948008043045,0.0018808199547649229,0.044982279160583435,0.03569867239971382,0.048204559114879406,0.028978721351623788,0.013882117590321857,0.00917442030104967,0.0073229101769252455,-0.005308216077022292,0.009150592370390984,0.004387684869034797,-0.006472757211866705,-0.019855498185477063,0.0027583077685760468,0.0009476245215561397,0.010700167608678377,-0.007179576926062632,0.0049549159296608004,-0.0006834043912004025,-0.005428894699926497,-0.024027351547846822
E_TRND,0.001095367460902384,0.04940728706459841,0.21519505104654055,0.00140890912864797,0.0014344081342359675,-0.061242263460504036,-0.1374355449611663,-0.05955859637478637,0.011372130094425335,0.020234980212605648,-0.08093691864216886,-0.08127322329361242,0.1505244855927138,0.1577141646739153,-0.17464189394187454,-0.18670582070284997,-0.18670582070284997,-0.18670582070284997,0.026579419691963247,0.051670288385588695,-0.003596659935072241,0.04675095257355921,-0.07399638681498076,-0.0879356745456928,-0.16386900871062723,-0.16185938237536956,-0.16573613355953432,-0.17873813115541654,0.042153231230838646,0.07805245960124305,0.16776628267197533,0.1857764533445816,-0.013072468317009306,-0.013195060516800883,0.08310389903237253,0.1313060431635168,0.037055131212267625,0.042346935595060926,0.1107759743828297,0.1292081417450586,-0.12364727075264918,-0.16451151023610686,0.06646529940898097,0.06475527004199062,0.22803589410212788,0.27685449160590925,-0.004397927188894268,-0.0029225468832907255,0.20326396465555915,0.20237345479613797,0.03286359333609509,0.03399156565122534,-0.09018338241823852,-0.21863618067342944,-0.10357846872023474,-0.07947356004067925,-0.22803457776440625,-0.3070338363266128,-0.09333270052025495,-0.07331673087322575,-0.25351224740787487,-0.2612768420012876,-0.04778681346466928,-0.028706341069489195,-0.20079680144351944,-0.14520191777690267,-0.21298302103157415,-0.1990603543442193,-0.08758081775684545,0.07749861344252096,-0.006499975774258648,0.027910951938302554,0.0027228594767786485,0.004437602312421098,-0.10565823577527401,-0.09966314099160004,-0.43788265950529587,0.4324354160276479,-0.041607663757988,-0.054346531237770564,-0.3031324022355058,0.32003753432887877,0.3570347506822021,0.3329920947789145,-0.16850338898158856,-0.07618267851945625,-0.3209318452190572,-0.30128906544816336,-0.04216774114612375,0.14994743272824848,-0.0631357130329746,-0.04263758818334938,-0.20124364510383416,-0.1790448663318926,-0.038487441914935354,-0.1790448663318926,-0.1790448663318926,-0.15304267029182606,-0.15990612506719956,0.014382310898311962,0.023440902866071697,-0.016446963071037494,0.14640310717083876,0.17748907277505635,0.15099508370497755,0.21157226897333878,0.2365039884990513,0.22448587223957353,0.002696520430874388,0.016376577621143574,-0.007177925000722735,0.1213722791196361,0.15007016998208694,0.11061978903406863,0.15064147138575487,0.15064147138575068,-0.15957576879105817,-0.13894515106658323,-0.13894515106658323,-0.13894515106658323,0.011509601763048126,0.08418114989005789,0.1421654001599453,0.10562133255454338,0.12197955152678991,0.11440567786327316,-0.02693045052900831,-0.030812893218005327,-0.009629720622453819,0.021595821727417783,0.07039448300620567,0.07886975030851495,-0.029440536458239363,-0.033748734874547104,0.010615544340814449,-0.03977362797580024,-0.021823835532934713,0.14690356283671296,0.07410838459567819,0.11464938138785308,0.0034152909819710063,1.0,0.7518646783660331,0.6631618119481038,0.3110114662794166,0.31148132511483756,0.35008194551275995,0.31005024250474594,-0.04606987466043861,-0.04440226954073884,-0.12436195425324245,-0.13242410716307,-0.12326103142963338,-0.14050762112891435,0.045555593383459325,0.046336938561192205,-0.03408449610809189,-0.030794553304254277,-0.05979449146078102,-0.042592465173700626,-0.048959785332417585,-0.047231418327666995,0.08848856616282398,0.052969592876422986
EPL_TRND,-0.004733738813938664,0.05474042508230528,0.23524038075038714,-0.004377499352430751,-0.004343520410053608,-0.05384437451093251,-0.13820591868202944,-0.06379309231878501,0.01601946116188249,0.02631482497771747,-0.10323194636890731,-0.10403978877499116,0.1951110864396491,0.20046119296815074,-0.21714488536397983,-0.23279642693666014,-0.23279642693666014,-0.23279642693666014,0.035794419889985045,0.06596026558420895,0.004268242092239726,0.06879833877271141,-0.07792210278706682,-0.08946117646844998,-0.2039899641462612,-0.2031437312268779,-0.1979126827267993,-0.2111357260584271,0.04967974612985912,0.09255223801898009,0.2059737802393743,0.22623253633552542,-0.009699556761887324,-0.00871604048549203,0.09817098293464409,0.15239400692072974,0.038045559079096694,0.04339933566566728,0.14889721057504626,0.17070528326237847,-0.1561311830307159,-0.2158374981618492,0.06996955113353143,0.06584425910760884,0.30237793126335494,0.3498178470818156,-0.007862213435907681,-0.016253418213518833,0.24797030726022304,0.24806194676621104,0.040997825369532094,0.04226653231457326,-0.11010557591720017,-0.2690627699070607,-0.12779368167527674,-0.10662816334361484,-0.27130078617352116,-0.36213063759154446,-0.07076029484371715,-0.05767761949279022,-0.2998493249616527,-0.3104271783421811,-0.05809615480904944,-0.03345356888342565,-0.24263070206350876,-0.16316570934008717,-0.26106736750248816,-0.23927851460951324,-0.10523560436011926,0.0682625757825548,-0.009121659696647836,0.03765470237142752,0.005114795389141072,0.008383417949511586,-0.13330637066917772,-0.127344496001535,-0.5225041333001345,0.518242815605989,-0.08803078328868275,-0.10506521823014917,-0.3819582694565373,0.40274232456156606,0.41285516384972293,0.39804285881842194,-0.19682189154580465,-0.0914481697443594,-0.38579488185464994,-0.36234951124315223,-0.04463913033675593,0.1483133926699771,-0.09679333130298672,-0.07239587873244346,-0.24088421358216608,-0.21338664247169256,-0.049278056000703965,-0.21338664247169256,-0.21338664247169256,-0.1953906619727148,-0.20285913200774985,0.027783529696096966,0.04265268706747428,-0.01264200843742038,0.17622579076263,0.21148033827436793,0.16889937145831907,0.2621654235563054,0.2918552739458605,0.27679097907643363,0.027557630894840795,0.049350929397418294,0.01619243404947238,0.15914570669170816,0.19549644026514726,0.14869069916563515,0.19476523640871438,0.1947652364087112,-0.24038586853072108,-0.2192979219436341,-0.2192979219436341,-0.2192979219436341,-0.0011363060746806181,0.05351033758344247,0.1068198378752675,0.07240313112324959,0.08240601940241954,0.07976560692241348,-0.020860939253945696,-0.023404647978051717,0.0009768157624614436,-0.016033698893509443,0.05532716432118331,0.09572656530611441,-0.00804353396936606,0.002003619197542844,0.0695303144672045,-0.0406873887012727,-0.014180091257764415,0.1948402140707602,0.08829508405073781,0.1357597716825645,0.002047948008043045,0.7518646783660331,1.0,0.9417599457497052,0.42282544868891303,0.4192967741986013,0.421648443008978,0.3990138098663671,-0.04931608316953027,-0.04652969768983675,-0.15778981361785,-0.17295343537792449,-0.15021345958320054,-0.17241467570788208,0.050515930927217866,0.05179173241157325,-0.040351886001042045,-0.03644783847713805,-0.06662577989958753,-0.05223622275358371,-0.05799731212409449,-0.05665486235703332,0.10837159467560262,-0.007865009394987514
F_TRND,0.009909162406438682,0.06997796423315367,0.2220262096670062,0.010338896046646171,0.010373205127356509,-0.038423491052805125,-0.1298892424640482,-0.050610661496016535,0.010577215171564803,0.020071970083784228,-0.11658946145892009,-0.11695969032178294,0.1811626845459854,0.18468595508275076,-0.23604153867862532,-0.25045227240528684,-0.25045227240528684,-0.25045227240528684,0.03500291499343566,0.0648026430452279,-0.00556231671364642,0.062457741551248225,-0.0801104284622094,-0.09213714956225849,-0.21881683957825238,-0.21597410812367895,-0.2037616069792638,-0.2136183115342646,0.05371241918323207,0.09793193309592461,0.20180545896457697,0.2230659293331084,-0.014309368732029686,-0.012946997971974225,0.10238669563678862,0.15657644581833452,0.04075058956105087,0.045174721716616885,0.1567795130450468,0.18085946170436668,-0.17788535454851154,-0.2377604659453626,0.06489905708764435,0.05886217754460561,0.3085758504568717,0.3643465455203172,-0.007901308774345509,-0.016455874928214455,0.2587896023491386,0.25909169211084737,0.03660056023055144,0.03793571141865151,-0.12992686465292827,-0.29114129962444946,-0.15415499626611445,-0.1349767748135008,-0.29191475312535076,-0.3720937453941482,-0.0594774720796249,-0.049198113317352764,-0.32238869294248873,-0.33157335970714635,-0.061676828766636604,-0.032107494035474735,-0.24916845042283467,-0.15910763597252245,-0.29438852171611063,-0.2606302875347342,-0.1040254923734056,0.06547221454602135,-0.007365529496234202,0.03843971337039313,0.005419191979559895,0.010185697906656632,-0.14132147342375373,-0.1360377542233658,-0.5271113744606113,0.5280452805962782,-0.1152846130625445,-0.13292646101502353,-0.41213524062814955,0.4309030037847553,0.4168798815211674,0.40742005772361867,-0.19941357215026195,-0.09295871626990204,-0.3962335852990479,-0.3743240086080513,-0.037006215159686905,0.14771693207188982,-0.10269772707984387,-0.07935455323407262,-0.2441623114310192,-0.21666862385059973,-0.05193301569899325,-0.21666862385059973,-0.21666862385059973,-0.21267728018623272,-0.21931367125283355,0.03628015928769811,0.05268474614221522,-0.005443448253014547,0.1906902770821628,0.22579092371464307,0.17370350767395287,0.27543728018799274,0.3077004525791858,0.2857500512655081,0.035926939215624336,0.05945148038812684,0.019671241957252655,0.16862760686785724,0.2061975228639873,0.15350468232585202,0.20428342512593295,0.20428342512592726,-0.26995994480111163,-0.2522609430725896,-0.2522609430725896,-0.2522609430725896,-0.008894773248870308,0.03849798283908235,0.06876025347265498,0.03429208401432634,0.042825266952402324,0.04069776898272783,-0.013164467530059114,-0.012072827920847339,0.01891329663687142,-0.04518966704664873,0.03465950377958424,0.08366703736596527,0.017156946242181854,0.036712644158845516,0.11532427152025077,-0.030466026455019973,0.00496854223996121,0.22918636364540607,0.10159926179784123,0.15687502271091402,0.0018808199547649229,0.6631618119481038,0.9417599457497052,1.0,0.4287774052570971,0.4265871332406963,0.39432939373639025,0.37925859082880364,-0.033551362522051306,-0.034245599980285306,-0.1761697198349717,-0.19747133897971175,-0.1699616973156965,-0.19698577477404294,0.04563000427108763,0.04634303608916024,-0.04775877717237613,-0.04412058231617961,-0.06329302119374229,-0.05551526861342445,-0.059386369455905884,-0.06068384525611653,0.1048453998493961,-0.050157929115068785
SPL_CBM_DOM3,-0.003349297169961042,0.1415153981218599,0.05694688225750537,-0.002453742797264525,-0.0025245642431642036,0.03615064395804317,0.06851586707534288,0.018380530947479316,-0.047106192892003684,-0.04522955994453748,-0.08383406461104413,-0.08212702288980464,0.2952167087144452,0.2839727239640674,-0.004640849955105498,0.004846844887065122,0.004846844887065122,0.004846844887065122,-0.019657520472367945,-0.015489171924285642,0.007397414958896813,0.032076999264941425,-0.05048065761034821,-0.052949351868109784,-0.1177853649694264,-0.12248617309940855,-0.08070100411641155,-0.08494484849486995,0.16036308263542118,0.15451926582746736,0.07182490806291152,0.06015698708199576,-0.005650020249740174,-0.004287206802331172,0.06571454757069499,0.06577399970624742,0.020793243309789326,0.024490000066714458,0.021866634947650815,0.023322444740930513,-0.037843290565325434,-0.034792373718863845,0.04211014927744238,0.03424200060150072,0.15836507880061154,0.12677666771110194,-0.018011976896790908,-0.09849044252728097,0.025502181751704423,0.025700094245662358,0.013726883353167808,0.013847393331386341,-0.09270279493940752,-0.11384668415159889,-0.3263032601263372,-0.2567636543941186,-0.0941474724356572,-0.0936597181765654,0.13733481203059097,0.14629661325067841,-0.1467756775853143,-0.1456811500674426,-0.0009789887229513263,0.01361908219995604,-0.12091958864110644,-0.08190549145609034,-0.1626421380555871,-0.1341349856226048,-0.038956152079777914,0.03222846903284761,-0.01449779136059995,-0.00029435175502280593,-0.0040112559481540145,-0.003497688898074591,-0.06691218841079222,-0.06931543475455636,-0.20810844804207768,0.20951066382909114,-0.16518525663412298,-0.16987332494820107,-0.20321684180397126,0.204403372634322,0.10635822029436241,0.10250593974467612,-0.0960747046934244,-0.06065575484281988,-0.1532481470179979,-0.14843511429374462,-0.016493845237707395,0.03468334348252575,-0.07043346035716026,-0.06344365775775952,-0.16762774578682388,-0.15815200995949819,-0.0034363433816731416,-0.15815200995949819,-0.15815200995949819,-0.1403229021486468,-0.144311734873579,-0.18144794876097603,-0.18721949274308108,-0.15719069986223697,0.08391393844250167,0.07808191840674848,0.04687839525936367,0.13799722407650442,0.1446617127321107,0.11249707041417291,-0.06843609840789096,-0.05529880459387866,-0.032012925322240586,0.14924809096550956,0.16208657566853119,0.12766120344466017,0.032129275766610434,0.03212927576661272,-0.3255079099491196,-0.3203448510055666,-0.3203448510055666,-0.3203448510055666,-0.03383680328788965,-0.024582069107478566,-0.4320631087598798,-0.4696676221565025,-0.441489761352061,-0.4597699105045285,0.3381307665904524,0.3877936106484052,0.3776277058252858,-0.009287420039304663,0.17622652209559564,0.41316217438385117,0.44028474987773963,0.5710928884442749,0.46629676502179396,0.5098561470725932,0.5903769472078643,0.4884635312426499,0.32596262605307497,0.36250120705344446,0.044982279160583435,0.3110114662794166,0.42282544868891303,0.4287774052570971,1.0,0.9848241951819264,0.7759827068063078,0.7548803643156011,0.1323591176890576,0.0993387465350806,-0.013890448221111332,-0.024202196509215273,-0.09973017008009424,-0.12452772360313735,-0.015162665420364225,-0.018960856664013613,-0.09820997628366188,-0.09457903195195178,-0.08314874654862961,-0.11138772320850943,0.007946306706219654,-0.005589569236786069,0.0640824580605319,-0.2947432290807636
RPL_CBM_DOM3,0.02013511311828843,0.15142163719590013,0.05569389703895069,0.02105765626887057,0.020984071321385224,0.04537805006220734,0.07568760137155225,0.01986617502342493,-0.055335129754365185,-0.05291577463069342,-0.09370963596235744,-0.09157975781272636,0.28460964412249806,0.2743383350029776,-0.006206105901521631,0.006186152485316086,0.006186152485316086,0.006186152485316086,-0.02386170049396507,-0.019670400591564913,0.0014668764859731142,0.028053667257321148,-0.057910133166208265,-0.05866342284530822,-0.12200376415547054,-0.1255587618138727,-0.08460957595557038,-0.08904294563256486,0.1685874713688842,0.16284604634966554,0.06774126322810337,0.05432813538518644,-0.009357875387583372,-0.007920555853934752,0.06205766201156685,0.06136160634937721,0.025841399795144247,0.029761868188515683,0.01942145041954837,0.021243960080180833,-0.04131492884010098,-0.03135156718566513,0.04353769625061346,0.03551396499140492,0.1645712725126781,0.13613011733005315,-0.021041256707108255,-0.09818454505364718,0.0327299650514238,0.032945354809059725,0.013467609544600663,0.013216078612277063,-0.10336428041573285,-0.14787217892929017,-0.32673364248394415,-0.2510272924640311,-0.09263589546371916,-0.09032842551221167,0.14886623609731367,0.1607297610569462,-0.15192161175851676,-0.149682323585598,-0.005065646157902704,0.008018643665817985,-0.13172120132146886,-0.09010872622363782,-0.18434930417886763,-0.15432963393634838,-0.04506135472156613,0.02942362973745258,-0.01656660163389108,-0.00181013131727826,-0.004121412384120227,-0.0031989272748753385,-0.08136381218238976,-0.08330778112148515,-0.21554345100852235,0.21690982956979712,-0.1843860535088794,-0.18959310979399563,-0.21060610217885997,0.21194140248006044,0.09941954782584504,0.09477614422421504,-0.10893611732958434,-0.07170991603387294,-0.15841257495604041,-0.1538016964277539,-0.016964393010937846,0.036810236892850644,-0.07764731987249136,-0.0708204105958039,-0.17881370424860507,-0.16940641589711125,-0.0007801473982885133,-0.16940641589711125,-0.16940641589711125,-0.15567543856841298,-0.159031594113172,-0.18300159674014432,-0.1877290253525454,-0.15656468628260395,0.08519961074875344,0.07905180389492573,0.044987254368898645,0.13496316854638446,0.14048184111989132,0.11135692602628047,-0.06876545074525021,-0.054875073319104475,-0.03156950619524384,0.14620417928338275,0.15788262795687769,0.12549472906396705,0.03078542454385177,0.030785424543849225,-0.3371070159325061,-0.329214686931716,-0.329214686931716,-0.329214686931716,-0.03765401019588283,-0.029202645482185978,-0.4431307030064074,-0.48149646620548947,-0.45376353600081365,-0.4715779806734147,0.288823043979152,0.3381414616153361,0.35092148319406685,-0.01939583516642479,0.17112721862634564,0.40968873181077,0.42557407682754833,0.5695367437839284,0.4656669378984086,0.5312197763112756,0.6079521199233398,0.5137134625411715,0.30691950368126364,0.3469591077881271,0.03569867239971382,0.31148132511483756,0.4192967741986013,0.4265871332406963,0.9848241951819264,1.0,0.7488011732721811,0.7483105513005008,0.13696728975669475,0.09974972577369175,-0.016113038785371205,-0.029051876389850094,-0.09583537402196511,-0.12247350364507427,-0.014796870066018628,-0.01946981584772597,-0.08721830825333285,-0.08444512939157446,-0.06876491564592375,-0.10188227172993447,0.009108575922306024,-0.006781795089610718,0.06782170125950802,-0.2988611618974008
SPL_CBM,-0.00856007570652893,0.06376568855065672,0.10750000135202165,-0.0081441763113146,-0.00826173525835661,0.03364480563374391,-0.013998314199084365,0.014096555097259779,-0.07041566504907615,-0.06685791824184958,-0.08035671795706209,-0.08036453134195111,0.3730412286229233,0.357046082336984,-0.08680793274799653,-0.08327623926484423,-0.08327623926484423,-0.08327623926484423,-0.09112750165976499,-0.08511559412171357,-0.025787000963653082,-0.030205831686508627,-0.07857473072868361,-0.07630477336365657,-0.14861684271412184,-0.15262255515763387,-0.11923970765760772,-0.1233728197083559,0.07321145757603116,0.04671449600102208,0.01417710831158118,0.017666584765917634,-0.08103094105906981,-0.08107132070152416,0.07736596595192623,0.08706765237887117,0.039639761629931096,0.04125572774857923,-0.02716096005340589,-0.024823988038899774,-0.016242690301529725,0.0016062151824446519,0.059688122115983754,0.048855267196571316,0.09280588940867393,0.09999047229651249,-0.018462101466903583,-0.037911741440083434,0.047841508603365966,0.04538901582936411,-0.04306146292374568,-0.04348336545732818,0.010532784553764185,0.07667714186524581,-0.09345114118066503,-0.011289621053692049,-0.16452587429618715,-0.19307193279412996,-0.1110293303590464,-0.1194671682195094,-0.07950446077393998,-0.08476782726835795,-0.002372917236130402,0.022526568087293673,-0.12571660214299626,-0.08969396199768184,-0.12167814606854913,-0.07852568363697741,-0.034908239729085654,0.060767955196523324,-0.018557461672044556,0.0022716867458685975,-0.00112326104254366,-0.0011784238205278755,-0.03103168122996079,-0.03033352615720056,-0.14727911062919127,0.14582990651755356,-0.08783625110306292,-0.09375916930675814,-0.1631903846333931,0.16459413920536298,0.10990236011333727,0.0990515691553064,-0.10546439301536296,-0.05918713972343257,-0.17549716353168196,-0.16664073053970535,-0.00669814814613828,0.09777747520189325,-0.03528341294903007,-0.02620156627692867,-0.17404855892627047,-0.1681115253149859,-0.028926347902281328,-0.1681115253149859,-0.1681115253149859,-0.07635330090702062,-0.08155855915122631,-0.16469993756948256,-0.16459659561411094,-0.14698052819893043,0.12281175447241344,0.13114011255138766,0.10671269588574625,0.09187499332647181,0.10098812305180807,0.06472952395557051,-0.13231903247505092,-0.12673582559011487,-0.09645854877888262,0.01715629085963202,0.02966578349022235,0.0074204392424822765,-0.02088790039010213,-0.02088790039010143,0.1715506966579023,0.1829896552445401,0.1829896552445401,0.1829896552445401,0.13047512889535148,0.20240911497822106,0.04156823584695845,0.01968412411227145,0.07661022132451456,0.04220358908745489,0.31700242538844836,0.346582536580429,0.30803472737579435,0.09241830062689374,0.1846503104345252,0.31372978503484444,0.18389937734932127,0.17942647821509305,0.09906649049594457,0.5450623444496283,0.6113414376767639,0.4542720599726332,0.2504546386521318,0.2443418061289791,0.048204559114879406,0.35008194551275995,0.421648443008978,0.39432939373639025,0.7759827068063078,0.7488011732721811,1.0,0.975104184730176,-0.0838007070075161,-0.12788811205407957,0.049009389724397535,0.05267810144096957,-0.07375488789955541,-0.09945972207030238,0.03688563158647625,0.03600637427572334,-0.050994628332501395,-0.048575528782594656,-0.05785035130596939,-0.07734655918754867,-0.0068665325435141745,-0.017177473046473445,0.06763872785490557,0.16278092242912806
RPL_CBM,-0.001388367070208314,0.051696525284610585,0.10254623635925633,-0.0010591787386210229,-0.0011675240150719496,0.04696756110231325,-0.005903795420128847,0.01924115609841049,-0.08211685819593861,-0.07822075449924577,-0.09054893981164867,-0.0899901776378492,0.37317685693082864,0.3563872221907828,-0.08826869435763265,-0.08270578135555481,-0.08270578135555481,-0.08270578135555481,-0.09834800681960984,-0.09316834911867118,-0.03217586494007285,-0.03678417236329398,-0.08358924246082466,-0.07890715421647607,-0.15212885986385136,-0.15491497650179104,-0.12060699876892261,-0.12359851099306052,0.06916751104496034,0.0416238489921682,0.0050126090774816395,0.005394507837665344,-0.08849771529517747,-0.08812682949021994,0.07078474174052102,0.07963843672405127,0.04604152770119057,0.04651629928225815,-0.031972479392621114,-0.029734476571139562,-0.017652419588525654,0.004773363499207803,0.05748851234672946,0.04569589798202267,0.09327271815786765,0.09881769329745234,-0.02325130799119606,-0.03960859271813352,0.04595608013474397,0.043765168829157305,-0.04941781096402528,-0.04997888627556999,0.006426972535570607,0.061220682647459605,-0.07575890308684027,0.00027261036200755675,-0.16403461629237887,-0.18820427791396238,-0.10870923289516993,-0.11712573097982926,-0.07792690822123775,-0.08216394320566206,-0.002868683354448296,0.022395332404704635,-0.131083520456774,-0.09343348804929066,-0.130305441737307,-0.08408085654213375,-0.03722007378896479,0.052709741661542665,-0.017908627858729403,0.005580087464873896,-0.001040294319982706,-0.0009159650321398773,-0.03803348836413703,-0.03727061651682814,-0.1359053645532425,0.1345114635944636,-0.10591510691004863,-0.11204293339838077,-0.16037957266789532,0.16073822549634165,0.08838196931547936,0.0788030137228204,-0.11086655362527678,-0.06681060085036607,-0.16925544906118595,-0.16118655933442738,-0.0037774943544377913,0.092404419614555,-0.0412035117477987,-0.033186760652603835,-0.18120868361660264,-0.17638724519631901,-0.02279393717540545,-0.17638724519631901,-0.17638724519631901,-0.08688213692894893,-0.09089784940945045,-0.16520831615015097,-0.16221975189285465,-0.14544177206148642,0.12053844200879998,0.12831807487385724,0.09934909588813319,0.08217542263758032,0.0899475901126256,0.05600892092558727,-0.13437764734679333,-0.1280391853528989,-0.09714373670418372,0.006586440114418661,0.016320131888719083,-0.00262139117430661,-0.02911796584323499,-0.029117965843234207,0.17549220196510712,0.18810299228319666,0.18810299228319666,0.18810299228319666,0.1111393080630751,0.1704046147622263,0.04336633242319559,0.02247769063092395,0.06995922913408963,0.04126940817231825,0.2644555776810165,0.29499302820036893,0.282163523470097,0.08351558831386419,0.17992529544306154,0.31698127619592814,0.16339606178067625,0.16700877759881982,0.07993531272704016,0.5755792405880071,0.6427290789369664,0.4819610198418525,0.23285870362142044,0.22865611603738373,0.028978721351623788,0.31005024250474594,0.3990138098663671,0.37925859082880364,0.7548803643156011,0.7483105513005008,0.975104184730176,1.0,-0.0856592642844199,-0.13362272488585503,0.05049115952560555,0.05138990468866356,-0.06366661836006567,-0.09096265283645012,0.035144965613840035,0.034307529606483124,-0.038449997192284556,-0.03694025350171427,-0.04455366812596175,-0.06975714525297856,-0.004379445606254776,-0.016995823049003354,0.06442411479342039,0.1616928158295884
AFAM,-0.007854333051640914,0.08603346805186879,-0.0757595981074759,-0.0073035675081323005,-0.007293407374216697,0.20509867362717019,0.3299670919479896,0.034966898770194495,0.26832059992682084,0.25625173529369283,0.28020262162129045,0.27978278046503824,0.21095162146420895,0.20830723921851083,0.5335101395547496,0.5146608878278043,0.5146608878278043,0.5146608878278043,0.27911379971235484,0.2676187176478492,0.1314604435076295,0.20016807013965446,0.26029682788228625,0.23821168283981584,0.25657361343457397,0.26366933981505325,0.3135335045298705,0.3126903876169382,0.15014883180656916,0.19583965618948074,0.13931054837870477,0.12694067286273542,0.32271380635169683,0.32046036081225016,-0.19897662589861376,-0.22063052627636962,0.1485636877688999,0.1503912527805236,0.06039901670635144,0.06809066504393635,-0.0010390412612903297,0.06921102228049406,0.043371694267243584,0.04163273997810666,-0.08761876499778655,-0.10789113962219439,0.037543081631594324,0.025561930381171216,-0.06221427710316629,-0.06629515303422089,0.3012916890917723,0.30113732410945104,-0.03889706799516755,0.019921148203541964,-0.11999422940987187,-0.1076127900757962,0.18559279206095752,0.24777936328029915,0.24918607011905547,0.27593629543046816,0.1345728484398151,0.15024386310377974,0.011670349009062813,5.7362682741418404e-05,0.1281940195581646,0.11403729590192169,0.06618838769126285,0.05940970069223283,0.057653483076598316,0.027196044090578273,-0.02779730157382073,-0.04832430845872646,-0.003803790530424556,-0.00453231149451138,0.07366679310127962,0.07401892288499023,0.09886709528760865,-0.10233804576023653,0.035207085824676854,0.043183969522198065,0.11964331626960001,-0.12672646978603014,-0.10027564760885516,-0.09761921349655645,0.12917900994819154,0.1080755794928982,0.17515241221355743,0.17189254785884406,-0.0008659644757539251,-0.047492232827160995,0.09913850642051691,0.09322772382120785,0.06621792507632168,0.06384239752040229,0.040253700041790116,0.06384239752040229,0.06384239752040229,0.13044112611530853,0.1346575920628225,0.2911986705233685,0.2668809546806134,0.23782120050312155,-0.36874941862672034,-0.40268398973197084,-0.3074144795882969,-0.05680047034574743,-0.05816386378530151,-0.04614052955986855,0.258055449048432,0.2665947000429653,0.22349484216183585,0.32429367907441387,0.2934093515657791,0.2704412730092453,0.12318674670606879,0.12318674670606959,-0.2765374826412007,-0.27068654289672966,-0.27068654289672966,-0.27068654289672966,-0.04183078181694658,-0.06800195934888878,-0.21691048364092547,-0.22853534174940876,-0.23099453123233865,-0.2327914496316071,-0.015345908002621327,-0.0033869940250869377,0.008453251905581213,-0.08335986564691185,-0.0225063970407443,0.08931799016779211,0.15249153387211176,0.24654326072481736,0.20527915382073886,-0.006618213470729344,-0.004339861886094887,-0.04915360733206564,0.09883917163765335,0.12565389888626716,0.013882117590321857,-0.04606987466043861,-0.04931608316953027,-0.033551362522051306,0.1323591176890576,0.13696728975669475,-0.0838007070075161,-0.0856592642844199,1.0,0.8603396037215703,0.019596971699875555,-0.0556640380394623,-0.02067065340777156,-0.06795334197414588,-0.04093733845066849,-0.05059012233331843,-0.00860503842482997,-0.02221426283276634,0.08557358509187123,-0.009206243358626316,0.0813671481253383,0.04289791815500013,-0.027334857463131454,-0.5354874796645628
E_AFAM,-0.008426732561920058,0.10562984153545173,-0.06149199816117555,-0.00775202833128763,-0.007737725224758391,-0.09557883824010219,0.12004127258687994,-0.03404012921168019,0.3671422360108829,0.34664737742934065,0.34718559770697494,0.34482207200903925,0.2816706271007227,0.2784519982243559,0.5810624226386986,0.5531591260299794,0.5531591260299794,0.5531591260299794,0.3866706268315553,0.35499921225694686,0.17460525739248206,0.24709346302689306,0.35241585908012596,0.2832328739940169,0.31773439850913565,0.3194613424387332,0.37293393295072413,0.36341441268894714,0.1577228456505836,0.2037695426598241,0.2624305147529598,0.227591293615785,0.4018520193625675,0.39751768101575097,-0.1673731359058319,-0.18105923088381087,0.10662620923723014,0.10481557192848946,0.1578888196156308,0.15436800415488638,-0.0381453714563032,-0.007071475889141345,0.0431401425599682,0.04457383925387861,-0.07640848235673701,-0.11858489275204284,0.06563824617131267,0.029215980574545417,-0.06951583656027949,-0.07197619118294135,0.3618637039238551,0.3621899031971446,-0.05269394082899032,0.017899983655079513,-0.1395287090440014,-0.12529992073762317,0.21055768498373376,0.26886792398946285,0.25848973160711497,0.2844988083894698,0.13576883871331208,0.15276081607632744,0.022991476085286202,0.0014944361564357927,0.19483961124156568,0.16326725245341972,0.10566203182278011,0.08609735273867289,0.09212523206969013,0.03933010436490196,-0.027021078384716006,-0.049438696153110154,-0.0039702523220233885,-0.004710259437445724,0.10890221034750763,0.10746774105164689,0.11326430386084746,-0.12127325970273746,0.12901130863617455,0.13567842321892826,0.1532944341814366,-0.15734142606418444,-0.062241504850428515,-0.05672694466558851,0.19671931769566026,0.16571585255068147,0.2035389614057068,0.20103640694402722,0.005352425313091616,-0.0566146436657711,0.1388867776604113,0.13473309938575737,0.08719452352369925,0.08504243607556505,0.03307241916455266,0.08504243607556505,0.08504243607556505,0.172296205082032,0.1777536308834028,0.40538361406685947,0.35720912439240493,0.32030102754776896,-0.3866475951195391,-0.42189755448866567,-0.31911085081778157,0.028395630266249472,0.028490253552409892,0.028422162951721425,0.33306070394005344,0.33347765359311976,0.28954703403170223,0.45418266815008396,0.3813079233192247,0.3531592294495193,0.21942492791741064,0.21942492791740828,-0.31287310492905906,-0.3073419140133287,-0.3073419140133287,-0.3073419140133287,-0.04483864671087982,-0.07183487421164378,-0.19917563366356636,-0.20451289372774328,-0.20984906205868836,-0.2094795793331905,-0.016131770560869098,-0.0050516062984221986,0.0045879494903085455,-0.11298062748184672,-0.058455672298515914,0.05167628624862581,0.14400077211290016,0.23886737947102393,0.22504857478135704,-0.05367528789606825,-0.05617966433815022,-0.10388371370358256,0.1171113643084653,0.14894905199958489,0.00917442030104967,-0.04440226954073884,-0.04652969768983675,-0.034245599980285306,0.0993387465350806,0.09974972577369175,-0.12788811205407957,-0.13362272488585503,0.8603396037215703,1.0,-0.09801573245180324,-0.10551801414538627,-0.09861300969137592,-0.10459750427485134,-0.04924608970513648,-0.049704636333000034,-0.033419411785896545,-0.03233450506156288,-0.05231139644355346,-0.021880889066353767,0.0199988553587099,0.036055244367628025,-0.026285895248330585,-0.5370685470281004
HISP,-0.12900650613858086,0.01022435574095222,-0.1160188552964531,-0.1287512252845162,-0.12873553407201643,0.4112288551476538,0.48044572516992756,0.08538014604377535,0.2216642308572948,0.22541674354119,0.36688946819916113,0.35625978790728385,0.2290751253262749,0.2262660725393289,0.5882923700932893,0.5635705733399632,0.5635705733399632,0.5635705733399632,0.20831565458153178,0.22022873061325582,0.5245303548123769,0.4217412276713154,0.10157048956036657,0.149700935243516,0.22107153129441073,0.2313318011738843,0.2767279103819921,0.2827003736447456,0.3877148478292128,0.34734974881593295,-0.004646645718614511,0.006019768595379866,0.3339537370923858,0.3319995783406763,-0.29064185062149067,-0.3483137821764756,0.2634382232243035,0.2690471392271684,-0.15262198875857685,-0.1542122899176493,0.6394747347015577,0.5785535413144492,0.2363448910914136,0.24170092906828675,-0.04941763510829924,-0.07041394704174696,-0.042083059667389365,-0.033154880681348614,-0.07430665273501473,-0.07600795390691714,0.3622562995400809,0.36015482205887345,0.2868131221356279,0.2739536508914331,0.24197233467879195,0.2628992415313242,0.19129152288135934,0.22255952264420656,0.11326001016981277,0.1127154750236749,0.344210404351482,0.32312925947253385,0.03812216652651885,0.00978869253077583,0.14587705460869074,0.1017946949399144,0.22090015675708746,0.1739771080300959,0.12234049633771671,0.07061787407698045,-0.029429920817224484,-0.05933280580766049,-0.003983098870531182,-0.004863400207439328,0.13750816779225744,0.1361162933720263,0.18210441956759385,-0.18948553535065682,-0.007759999507014008,0.0035029938004941205,0.2497332714698031,-0.255961644748525,-0.25748253407601157,-0.2639480954254179,0.1070531484658894,0.06204603012870923,0.2164585877622511,0.2130507953903691,0.04629219489681536,-0.020972345446647826,0.1051699346021289,0.09392428451928247,-0.00010416132283638644,-0.024539327999942667,0.07325934747962157,-0.024539327999942667,-0.024539327999942667,0.22194381948800007,0.21044042459044324,-0.12731774747724106,-0.13353555217702195,-0.10756582566595287,-0.41863545244901257,-0.45624113526132837,-0.31530247730267535,-0.18524931252882088,-0.2047497190698795,-0.19703567286437987,0.17394046626004173,0.20546865067777056,0.16697946425688748,0.12397678199024266,0.14920741402817345,0.12362911359045531,-0.10690612830542269,-0.1069061283054226,0.25458130735601703,0.2671578107032793,0.2671578107032793,0.2671578107032793,0.001425730526794532,-0.01091827021776153,-0.12523606424030442,-0.11870106539197907,-0.11293725875327386,-0.11705656520946031,-0.04250818552568046,-0.03319859962887615,-0.03000404487979996,0.3811864298061888,0.34508071199661244,0.2011304918176605,0.009623058147080756,-0.036906417398642914,-0.14792835332038745,0.09234887589763825,0.03141768226544715,-0.15222120582687482,-0.19711476443769668,-0.24990328013127117,0.0073229101769252455,-0.12436195425324245,-0.15778981361785,-0.1761697198349717,-0.013890448221111332,-0.016113038785371205,0.049009389724397535,0.05049115952560555,0.019596971699875555,-0.09801573245180324,1.0,0.8876102722913082,0.11688736422880479,0.04933171611063679,-0.013661373880340413,-0.03541385547277469,0.08763412832016475,0.053924055339495895,0.020270339303611256,-0.14753727681482603,0.07252814967210663,0.007464085043759086,-0.050817227082197124,0.09507894021069635
E_HISP,-0.13433323659802776,0.021558889922421665,-0.11069272417509253,-0.13399882028439936,-0.13398688504999706,0.12204884124254468,0.2994622316323912,0.023888868716264184,0.2930141733855424,0.2949783021101558,0.4348338372743858,0.4222730782602322,0.29568801675154255,0.29079449508294214,0.6582604466674238,0.6308631333489423,0.6308631333489423,0.6308631333489423,0.2868157950476929,0.2922489608558502,0.6227622833241667,0.4933345455006515,0.12970315720777242,0.16785491798043645,0.28809840260812913,0.2925605502763238,0.3387938628278837,0.3388977380671113,0.4687597052399737,0.4038227806855077,0.06325893435042172,0.0700222452976446,0.41428055017209314,0.4110591419846758,-0.28590881892916,-0.3446624494104677,0.23581067187594554,0.24071057726771514,-0.11801457774858075,-0.12160666931606078,0.7365397834836056,0.6369808251717336,0.27993995492300333,0.28646689577896034,-0.03428796184083482,-0.08608707189823098,-0.024352534385807804,-0.04026832192702295,-0.09219353446020227,-0.09304871236959729,0.4361917593887189,0.4329263807095588,0.2920193806517028,0.2939661754115519,0.2438966470364978,0.2749985547678881,0.22752714835244855,0.2504120444291841,0.11340423988660761,0.11921117920194783,0.3691792607956347,0.34382616933837074,0.05402182745269202,0.01281175786513882,0.19446461496771708,0.12811883544902347,0.2633109334122966,0.19843447102179068,0.158181877377222,0.08037859663908928,-0.03050570295628991,-0.0659930257896333,-0.004698508809138809,-0.005680901051525083,0.16207429161770245,0.15784860310899823,0.21138355021542818,-0.22249498147478547,0.0622527542446555,0.07186795239199244,0.3006916336332144,-0.30368062737738755,-0.2545616267299235,-0.2615066348759596,0.15398649022225283,0.09645561988698671,0.25441166615738614,0.25052104823379695,0.06470372115002097,-0.02454123705263414,0.13797290009891702,0.12647034279218292,0.01207812903232453,-0.016072644957823887,0.07658452482661322,-0.016072644957823887,-0.016072644957823887,0.25701484157493365,0.24334214461431222,-0.11241328710461923,-0.11938220517411811,-0.09710854945091392,-0.452624598557592,-0.49428896107000575,-0.3435959091882591,-0.14767429680831404,-0.16497209510159422,-0.16820844761298637,0.21718975437416607,0.24910572707095613,0.20656975376478695,0.19173626648408362,0.21364670786876502,0.1846809645899108,-0.07067522270975087,-0.07067522270975249,0.2841030191129502,0.2969965658025796,0.2969965658025796,0.2969965658025796,0.005877266658189429,-0.0013161561630601808,-0.12955937040937734,-0.11757992204700357,-0.10914206908868417,-0.11514317153245344,-0.03988339485063577,-0.027814889333687424,-0.022566490978673106,0.4226486614390317,0.3766545071589093,0.21801747530970697,0.015824026629892483,-0.04064952473722778,-0.16167675304508006,0.06865115888856921,0.006559759836518637,-0.19724744071136938,-0.211044296851532,-0.268249217831649,-0.005308216077022292,-0.13242410716307,-0.17295343537792449,-0.19747133897971175,-0.024202196509215273,-0.029051876389850094,0.05267810144096957,0.05138990468866356,-0.0556640380394623,-0.10551801414538627,0.8876102722913082,1.0,0.0351582381818501,0.030239749521771275,-0.022145867535863544,-0.030755175505785076,0.05778183772600579,0.04896777041893511,-0.11286965871483906,-0.17395203991211527,0.020486010900430195,0.0045677554753116864,-0.04794617871841828,0.12559814244857068
ASIAN,-0.10915285319447128,-0.06477920686562844,-0.05124277584310198,-0.10939727034063391,-0.10937950453387728,0.33142484986208604,0.2460008977067641,0.1638384873858722,-0.14780332951166622,-0.14426599540159835,0.012337468028445151,0.015195385244391464,-0.16637707786132894,-0.1644778809636962,0.24823436959961648,0.2712619413265883,0.2712619413265883,0.2712619413265883,-0.19225139009311465,-0.20906281248303554,-0.05819658557428958,-0.08202898561480786,-0.038652258397532564,-0.0036555843014659693,0.08545314484962019,0.07750534175812732,-0.03771613266386633,-0.042450665177838603,-0.1320260594977617,-0.14719261371108014,-0.24061090960895637,-0.2796993477452607,-0.138006695808044,-0.1368315283120346,-0.13038789267038328,-0.14259675886998563,-0.0005584557000201054,0.005053425752655487,-0.2695019529009177,-0.2988979997094386,0.21660806645926778,0.30253760053928863,-0.05622149097868674,-0.05552048876479102,-0.1786159521025847,-0.22561342636520923,-0.013300310577209621,-0.019335513568981073,-0.17945528184474613,-0.18149010785288722,-0.12039618063222961,-0.12392197545313834,0.09551745834662695,0.1889253252684289,0.24441815908273803,0.20035528060912303,0.21520602356664958,0.23552392379041498,0.09573977470858014,0.10822454382133206,0.28395318218286664,0.2865225411703724,0.033568155682646456,0.018079350080312376,0.08707707152040663,0.050854944547158096,0.26744084724599415,0.22728361399349398,-0.0009170700105201736,-0.05329996701249009,-0.025406144038825372,-0.04287080072383235,-0.002983397842165671,-0.003433469603230507,0.08822874415565907,0.09274826544937063,0.2137843529289832,-0.22453942779628341,-0.07567182204692656,-0.06106997125078696,0.24789736924264985,-0.25224917626904986,-0.31500761062741023,-0.31585046502833153,0.03586934313578013,-0.003071896851953299,0.20847123665720801,0.20545085214477152,0.00013315466149807376,-0.06943265055172185,0.03200962412175841,0.021033644573271816,0.06356613964478743,0.05686774615468755,0.03529441212085691,0.05686774615468755,0.05686774615468755,0.14065496300932975,0.14308378096488933,-0.3892861123446509,-0.3652224825158902,-0.20156824279730376,-0.22110795597468144,-0.2358885366131792,-0.18280943993901183,-0.34648574670098864,-0.3735898022272191,-0.2589913034139095,-0.25419386445413933,-0.27526133033777767,-0.17187155445926008,-0.21764165503594288,-0.22746743730572214,-0.17133076346537937,-0.3209375249470787,-0.3209375249470794,0.07985868257700535,0.07530113513347812,0.07530113513347812,0.07530113513347812,0.004792787119673862,-0.018138273100057587,-0.003819789458679122,0.018209066770415845,0.011607841267790998,0.018522753109880247,-0.040833680872508944,-0.03678649574920535,-0.08056903680822863,0.1504016323918242,0.10753265847536647,0.06856137358265271,-0.047872955636231916,-0.07889866945861378,-0.18539752479255134,0.006895217951422554,-0.009389882014453628,-0.1450317624408403,-0.04499791881472605,-0.11088813907777043,0.009150592370390984,-0.12326103142963338,-0.15021345958320054,-0.1699616973156965,-0.09973017008009424,-0.09583537402196511,-0.07375488789955541,-0.06366661836006567,-0.02067065340777156,-0.09861300969137592,0.11688736422880479,0.0351582381818501,1.0,0.8989010973285458,-0.028238745133776905,-0.039773328530820606,0.11260967666262632,0.07705362083820265,0.22425562578702507,0.06861563953364867,0.10830656725779436,0.053127973988191114,-0.048242179573719686,0.02914410530211394
E_ASIAN,-0.11596571338948079,-0.07393542784483265,-0.058136073529634284,-0.11625744481047724,-0.11623865704431663,0.12964460378439116,0.11915419736830746,0.12550256489278974,-0.13868699800907835,-0.13466916051928596,0.035558183395625796,0.038846807893064224,-0.16997720768390262,-0.16828124031955874,0.2730950904553675,0.2984745561559076,0.2984745561559076,0.2984745561559076,-0.18358913695210322,-0.2015508999381326,-0.04789327311041328,-0.07943411481785027,-0.035501464954447566,-0.0031316464798308167,0.1350812297590672,0.11856834995009308,-0.005343154027392907,-0.01164935673003866,-0.13755874849888125,-0.15742864155540365,-0.2401480788683014,-0.2803744518434257,-0.12383435236747792,-0.12210716914743822,-0.11731852607878059,-0.1289545969719199,-0.061063473475864126,-0.05362831190460389,-0.2754393595653459,-0.30663459394971476,0.262461205041908,0.3289220951909958,-0.06927807362848498,-0.061032769798276085,-0.200786410788382,-0.26776344726170886,-0.006016056240823434,-0.023891671186740022,-0.2140142750211457,-0.2153935956093223,-0.11846196473673012,-0.12119084259422482,0.09645588148533754,0.2080912859563721,0.24886275693067972,0.2050759006138885,0.2867504509440032,0.29018912035448235,0.11533704350686713,0.13176301747538965,0.32003011578681817,0.3223323424059802,0.042798563990150314,0.01642417166492943,0.12948036098072027,0.07648760891332869,0.33021407367855565,0.2713054537422423,0.010495134680255418,-0.06352125952403073,-0.028012661126224643,-0.048363088119941985,-0.003264811507632163,-0.0036918533929542322,0.11016725330485395,0.11566894970998147,0.24970224167823124,-0.264134410954565,-0.03015111476198981,-0.01598205844824483,0.3118872113409933,-0.3116629484640397,-0.3393969163508088,-0.3381485861113157,0.07204197332044082,0.019789611655184853,0.25536858542141566,0.252209653607248,0.005317880649025985,-0.08536260256889984,0.053391311637581554,0.04213163265436574,0.08584415235562809,0.07705777534281998,0.04512016688063018,0.07705777534281998,0.07705777534281998,0.17289804246522417,0.1764593726812795,-0.41897017135548575,-0.3934605425692616,-0.21732277190161833,-0.24131283528243366,-0.25724834472132424,-0.19621110876140394,-0.36402543025243017,-0.3926291857731037,-0.27663819917441956,-0.2691521158244951,-0.2925714154440711,-0.18308970648765424,-0.228596950935703,-0.23644488123638158,-0.17741294662890755,-0.34256551769107774,-0.3425655176910779,0.0828261623009516,0.07619673958316249,0.07619673958316249,0.07619673958316249,0.001321492790482183,-0.025332172851193602,-0.0030816609506968164,0.02495458776249458,0.01579376752232818,0.023823584535628925,-0.040256176234163256,-0.034994818793500325,-0.08541147445527782,0.15199590439851485,0.09977765190220446,0.07066474619827205,-0.047295430759278466,-0.07994038974953621,-0.1979879309835259,-0.019755972362818917,-0.042005335113135395,-0.2029027563205723,-0.03444957303316911,-0.10721160891034634,0.004387684869034797,-0.14050762112891435,-0.17241467570788208,-0.19698577477404294,-0.12452772360313735,-0.12247350364507427,-0.09945972207030238,-0.09096265283645012,-0.06795334197414588,-0.10459750427485134,0.04933171611063679,0.030239749521771275,0.8989010973285458,1.0,-0.035910256959956234,-0.04130485151996696,0.08857370490896775,0.07528597429665491,0.12724412331888788,0.07098746851251951,0.0793789759648368,0.06759934813390023,-0.05000980470260307,0.045544858744200535
AIAN,0.012260713423093351,-0.03536986119302465,0.08667363497889828,0.012021947581223496,0.012031496331261406,0.011833803750860123,-0.025073371889927278,0.001296512567846774,0.06326135229033779,0.06911755228381365,0.01808860983494399,0.02194824992111209,0.07477474356638533,0.07595569073986003,0.07308815010675328,0.07356719110812868,0.07356719110812868,0.07356719110812868,0.09275132870937063,0.08954191444066795,0.037289091919198575,0.05536656879332135,0.06237896882581441,0.0542721681840747,-0.007653540649783216,0.0012637260475034712,-0.0369372283138564,-0.037531497196941044,0.10109629237426661,0.0950176518615421,0.15448672420776727,0.09190807519549606,0.07037524524967026,0.0734597389689319,-0.0255180396376753,-0.02647330754914978,0.05365943193606036,0.054727266589646946,0.04871216618400564,0.05610631498519797,-0.024571041137378246,-0.009718344185356772,0.04194696321977143,0.04464396204713809,0.1046863885313965,0.10182968733147967,0.008217490010223162,0.029581634617724804,0.09575424614667266,0.09267766794744987,0.09650053403106258,0.09702502725107305,-0.014049762314635277,-0.02294156819886515,0.002478101873305944,0.021039233589762323,-0.07607481400881949,-0.10572861053140473,-0.0790639493616736,-0.05310929072805419,-0.053206183673843034,-0.056861659019083785,-0.013882822977904592,-0.003846444473988924,-0.05663838215157144,-0.05746441825225145,-0.05996474499676891,-0.06467049372992599,-0.028853036091616588,-0.018854062562084762,-0.0043290607654421775,0.0025057561705324576,-0.00022786275119700004,-0.0005731272533798772,-0.05741087683654669,-0.06058289664191581,-0.0998805784130767,0.10040934467083508,-0.03675199331023677,-0.04146357851534907,-0.07690983769815016,0.07936872161136366,0.06519312485284598,0.06691131938916924,-0.05487511602886535,-0.0459580448746672,-0.09221491908598552,-0.09195866703842367,-0.00342421340760953,0.04795188379007588,-0.03126470559889691,-0.027496467514941145,-0.08801291498695758,-0.09201942250239731,-0.008965823339332797,-0.09201942250239731,-0.09201942250239731,-0.06789351222864376,-0.06889428568050161,0.18194321529110513,0.12522547830874262,0.10965773676552701,-0.019226491263149337,-0.021243509924825408,-0.03606165456198797,0.09165702918507626,0.0860663619423769,0.08539154629709854,0.12489735618890209,0.10042920118514982,0.0886432853390751,0.07389467088653029,0.07251700346453573,0.07085991381006322,0.10368257114938652,0.10368257114938598,0.0239822141402617,0.029771587041458745,0.029771587041458745,0.029771587041458745,0.035042847295650645,0.07591807788741375,0.0817753848055382,0.0666728264791821,0.0835717920431721,0.07093017496335863,-0.01717159879058557,-0.023936257301367794,-0.02023257337592063,0.11290867961963201,0.09112621159240104,0.032454886123479416,-0.049989594186320235,-0.08319082373171023,-0.08192670294006571,-0.017462085016855883,-0.026511867161032553,-0.0034427172341412455,-0.03350563366754724,-0.043362344783171906,-0.006472757211866705,0.045555593383459325,0.050515930927217866,0.04563000427108763,-0.015162665420364225,-0.014796870066018628,0.03688563158647625,0.035144965613840035,-0.04093733845066849,-0.04924608970513648,-0.013661373880340413,-0.022145867535863544,-0.028238745133776905,-0.035910256959956234,1.0,0.9041189568512498,0.010482361783347006,0.009535331557967885,0.04528096594877133,0.047046928047882054,-0.012851496180228282,-0.0147096492319424,0.47635075383336717,0.11226925980946197
E_AIAN,0.018222668305393003,-0.0355671862225859,0.10377318838101134,0.017974219959494473,0.017983495790335084,-0.04992376132030144,-0.06235643257846197,-0.017499770169311903,0.06939318967614112,0.07559448715546072,0.015358438621518193,0.018998888122731313,0.08018097882298285,0.08167975248000682,0.07836681282130077,0.07714759625967739,0.07714759625967739,0.07714759625967739,0.10379244237507422,0.0980798402029523,0.04181890459833683,0.058712441899575064,0.0728082845503735,0.057533343632091435,-0.011835467755142626,-0.004811687338907615,-0.04156216084999973,-0.042880294565895725,0.10815866055791137,0.09895980489611628,0.17975481596378903,0.10589957461347017,0.07490476555642933,0.07812205107112334,-0.01374161371618033,-0.016541801028752787,0.04480967626924619,0.04540364875435653,0.06457098355138549,0.06528226474046167,-0.027450238080843393,-0.018921518588150298,0.04233632508878327,0.04545230919304287,0.11362577143433647,0.10794376911404885,0.013077084725466532,0.02075236778409198,0.09333215096964097,0.0915241763967387,0.10006501646898391,0.1010969466698288,-0.01753076673380263,-0.02764316465824161,-0.003254769953714111,0.012185568659205922,-0.08314376260753782,-0.11647696607116413,-0.08846219791851287,-0.05990860246594683,-0.06499960219324767,-0.0687212998882594,-0.013924278828653306,-0.005613401640811669,-0.0589203173989469,-0.06444499298074227,-0.06140029897324383,-0.0692518859443758,-0.029468315511563776,-0.022342187185847774,-0.0039224956935058845,0.005448015969940864,-0.0004305406047673396,-0.0007185061629457694,-0.0637318993258578,-0.0677714277142777,-0.10635863788104563,0.10679978339503357,-0.028733593780235035,-0.03397089523246956,-0.08649780845770742,0.08946305643669555,0.0807742632593675,0.08197499617447739,-0.05623655762592902,-0.047116464687347676,-0.10186507522127244,-0.10211358253667355,-0.004589099614359744,0.04733809014258747,-0.03642642508323886,-0.03241727973065445,-0.089100494652334,-0.0925572708234036,-0.011768099484171578,-0.0925572708234036,-0.0925572708234036,-0.07630777155689845,-0.07721203855228187,0.199378057279783,0.13505577074356123,0.1172009423362387,-0.01260464604884286,-0.014419042431492455,-0.02976147476512191,0.11248657544929548,0.10355354377732333,0.10021116243539643,0.13176061037453438,0.10502358331475573,0.09246271772799138,0.08970263102055576,0.08722663824952195,0.0848453147380453,0.11908038451780834,0.1190803845178056,0.02440060856827003,0.029669321958168696,0.029669321958168696,0.029669321958168696,0.038180642387521314,0.08401917444820692,0.08827483242772198,0.07164491373233291,0.09045020672746526,0.07626826469860724,-0.014924118326748228,-0.022275302310717237,-0.018654175860814953,0.11330571891089106,0.0894441938595017,0.030787149823797367,-0.0510864987134034,-0.08466530626320042,-0.08710252618038172,-0.02430662986277695,-0.033008744533258895,-0.007560168903816444,-0.03433976224201509,-0.04434005806726306,-0.019855498185477063,0.046336938561192205,0.05179173241157325,0.04634303608916024,-0.018960856664013613,-0.01946981584772597,0.03600637427572334,0.034307529606483124,-0.05059012233331843,-0.049704636333000034,-0.03541385547277469,-0.030755175505785076,-0.039773328530820606,-0.04130485151996696,0.9041189568512498,1.0,0.0020669922382910077,0.006491261628433076,0.012644813560437743,0.04537695070645508,-0.020765218144016488,-0.012797930295183913,0.5048954992936316,0.13134981436910967
NHPI,-0.022592410379603845,-0.033749990984169954,-0.036439981799569185,-0.022771395275075993,-0.022755835058056218,0.10100574356009427,0.08655077888140177,0.04524649036702303,0.022534549928680495,0.02516840599642731,0.0555788452154616,0.055970048948011365,0.003550876257106728,0.003558246564355836,0.07549601083214087,0.0829658607107589,0.0829658607107589,0.0829658607107589,0.0028661512747152015,0.008173969570889762,0.030659290343238572,0.03818047905750089,0.007921110419911444,0.021737013960427955,0.0493638775479124,0.052912292286001694,0.033419643327210376,0.03664259483056715,0.014889708797354512,0.024251963364611592,-0.043855269441523036,-0.04364679307511943,0.027852497041483282,0.028439685678826817,-0.0654697011424555,-0.07637112172394372,0.04296774864795009,0.04559254727354389,-0.0286891485008999,-0.02657683622980549,0.04856875766048051,0.08398420998124778,0.02117813450589879,0.023065003658515104,-0.02501906629726599,-0.0099231384449697,0.0024481007218523864,0.012179943208381469,0.0012328892558337036,0.001332676479347139,0.03760451116770127,0.03831202553475874,0.03561610835054518,0.022176170907206215,0.14570526657976252,0.1460790673784808,0.024652034482043422,0.04272337421998185,0.02007484516810072,0.024893042660877662,0.09841992840980887,0.09677757454960698,0.011437569784511242,0.008036267475188662,0.01685952585756075,0.008592578209972527,0.04862319250770953,0.04323695103163487,0.0173767265922407,0.010846653511584235,-0.008836840410266623,-0.014074802137118645,-0.0011064400411650319,-0.0012960143548258083,0.02661931050096852,0.024785065201181202,0.0506847135844738,-0.05140246173313797,-0.03637673556233165,-0.03504920844130014,0.05645489141024107,-0.05892392767605898,-0.0888065445501625,-0.08897328632586618,0.005565166307152884,-0.0008023980488506199,0.05390519907129789,0.05310776485813008,0.0363278953325175,0.01668401598109189,0.030943138925292095,0.0245895888404734,-0.021361893034031867,-0.02499682832730666,0.011569343304617357,-0.02499682832730666,-0.02499682832730666,0.050183549309612434,0.04812298879984914,0.0093994593373635,0.015490966206179676,0.01545209899904957,-0.07523374797945838,-0.08187044258498948,-0.06623392382377258,-0.07770765796017946,-0.08474747898015317,-0.06364001679214897,0.03268097779899828,0.037666703548047076,0.03143007523824478,-0.04304554599196734,-0.0397245106774492,-0.035826510002845785,-0.03869776025609938,-0.038697760256100236,0.08081052233235478,0.07546399116580345,0.07546399116580345,0.07546399116580345,0.0006155693880938648,-0.0013628524989476839,0.05493912622818929,0.0594660123328449,0.05460696836177385,0.058301949555698875,-0.014992953307926143,-0.0130624282475545,-0.026374780691386955,0.09444591159959302,0.0831491186994913,0.01876248453487238,-0.0672846519517111,-0.11406931758738569,-0.15812861458259367,-0.012875251183717571,-0.03163810639644691,-0.03929663162122261,-0.0974391280746263,-0.12796645073297894,0.0027583077685760468,-0.03408449610809189,-0.040351886001042045,-0.04775877717237613,-0.09820997628366188,-0.08721830825333285,-0.050994628332501395,-0.038449997192284556,-0.00860503842482997,-0.033419411785896545,0.08763412832016475,0.05778183772600579,0.11260967666262632,0.08857370490896775,0.010482361783347006,0.0020669922382910077,1.0,0.9057363463978972,0.1191812230827418,0.06607123133340582,0.016570556543504852,0.0018915354421213007,0.0019203896645712708,0.029573021021057508
E_NHPI,-0.019620450967301608,-0.03197334050621396,-0.03028396773043358,-0.019792496894880395,-0.01977717235163129,0.031364228833930904,0.03867957350420145,0.035656864250208274,0.02627780738829742,0.028460019519034433,0.05396135977057781,0.05445875478018276,0.0078007502015888,0.007494210368306815,0.06792458622370304,0.07609517526958995,0.07609517526958995,0.07609517526958995,0.009777921828184325,0.014695395875438663,0.028632410221676462,0.034432964645003936,0.016881609239167233,0.021600815511758808,0.058077891644888475,0.0589671928682146,0.035026164185879616,0.038448175331614924,0.015505864785648051,0.024068766737058645,-0.03440526380513225,-0.03359178144416075,0.03192823518054183,0.032288945314928624,-0.05647927532254975,-0.06592784075262198,0.023948043712745906,0.027003014303719736,-0.016588701145709903,-0.01452225795042037,0.04107939578105981,0.06989541562024319,0.014825912838999571,0.019129687557346103,-0.023009507788270104,-0.012172462504777036,0.009081776292911178,0.012217690618136367,-0.0006050609509226745,-0.00029187868432424107,0.03740896187386794,0.038191916857460685,0.028300711151109683,0.015933903430421295,0.13436704602474694,0.13523480131756513,0.02853898171501598,0.03993707078444903,0.01811908003162753,0.023241465738465233,0.08939029101053732,0.08788561742146747,0.011314115135140981,0.006134693188289117,0.022204636067568277,0.011889554217522346,0.04798254064860485,0.04073321384570429,0.019126412449022703,0.010411586753848708,-0.008852071501933843,-0.01412175180205422,-0.0011474169033647065,-0.0013440121416018374,0.026077243506293233,0.024157380202354767,0.04796638133646252,-0.04911009963396048,-0.021119230361501845,-0.020464896249445103,0.057738764161485524,-0.059327121310609555,-0.07764619533396697,-0.07757539921479142,0.009899749969763305,0.0023161588668882947,0.05115207183899887,0.050763923899622594,0.045189081835434276,0.01881194550851775,0.03331500839294085,0.02694331545600521,-0.022989446135912337,-0.026491290505448545,0.01271322008173708,-0.026491290505448545,-0.026491290505448545,0.04773568393274253,0.04572946084759744,0.014836981953709659,0.01997450828092505,0.018714384073475504,-0.06816426078722775,-0.07437818423068109,-0.05982046441948854,-0.06593994945536245,-0.07179927070367101,-0.05306628195210727,0.03616767140692453,0.04061710272942691,0.03362443460949095,-0.03744557342586668,-0.033326962176729674,-0.030509327343861727,-0.029728355444558253,-0.029728355444559547,0.0743617601972451,0.06889039652931124,0.06889039652931124,0.06889039652931124,0.005009238864558675,0.002620497942354471,0.057438163585212955,0.06084282856252349,0.0570346795495497,0.05973844787765266,-0.013069378822950447,-0.010613910838100113,-0.023002459062738838,0.08780480149151418,0.0775704022621919,0.018745026412697492,-0.06546814492841951,-0.11008635502948867,-0.15202376619823774,-0.015957204086658197,-0.03444699819978309,-0.04137549228185377,-0.09013516577635464,-0.11889541413099555,0.0009476245215561397,-0.030794553304254277,-0.03644783847713805,-0.04412058231617961,-0.09457903195195178,-0.08444512939157446,-0.048575528782594656,-0.03694025350171427,-0.02221426283276634,-0.03233450506156288,0.053924055339495895,0.04896777041893511,0.07705362083820265,0.07528597429665491,0.009535331557967885,0.006491261628433076,0.9057363463978972,1.0,0.07734286260851948,0.06341759988642064,0.005353469047582587,0.0009157647333064294,0.007491385772104727,0.038460905711348234
TWOMORE,-0.008626813527565773,-0.040637289021298414,-0.09721999093580957,-0.008871363492371009,-0.008874894704654551,0.4555482961009394,0.28014336256678596,0.13747982816274598,-0.12079321606778724,-0.11831663574273968,-0.056976053394858804,-0.04999239404817073,-0.13272677168169256,-0.13210306141032999,0.009255852511900732,0.07875736153435434,0.07875736153435434,0.07875736153435434,-0.1350121350741225,-0.13160552538505943,-0.17874621963705906,-0.1462407151304196,-0.03770193799237218,-0.0035895240885731677,0.012810410165993168,0.025300939775965953,-0.04376314342769733,-0.033720437886234716,-0.11858224956749137,-0.09062898019476183,-0.20757537943954493,-0.21322864269228323,-0.11944921271808825,-0.11677085145301004,-0.15270386402130684,-0.1487181535595376,0.08992114893709749,0.09665471840974046,-0.10845922827451655,-0.10518558764979719,-0.10618349310016795,0.045978329221327705,-0.06200230888423771,-0.06571104519860248,-0.0992101850969969,-0.0770468836139107,-0.008958333344491351,0.023531500152118395,-0.03908262278931979,-0.040949380126981856,-0.10050616979397552,-0.1013123849622073,-0.003485514548136333,0.015180412319786871,0.11321995504062035,0.12506801173881013,0.0222030074054694,0.05813044657617504,0.023153691673700103,0.01900727546361645,0.08914155385091037,0.09974450443649759,0.0009758211368126116,0.01017062636327599,-0.01608170777208218,-0.010585669982692543,0.02042097095994332,0.03481235173114624,-0.026081055039793882,-0.02932827803077009,-0.023510444036100437,-0.038356560586943436,0.0010966115015646233,0.0008633965533584465,-0.0044854304671732015,-0.0029508716433436066,0.0878468047111094,-0.08545111159440355,-0.12630066871336956,-0.11818090773482265,0.060702948536579995,-0.06854480628680279,-0.16880903155556343,-0.1658813209944344,-0.03475909559097778,-0.04262763028291585,0.0533559619533384,0.0505782375881899,0.012788806707263494,-0.00048550790926047517,-0.006002668239436766,-0.012908679013779997,0.023136839391146594,0.021797281617837946,0.0006095424301541214,0.021797281617837946,0.021797281617837946,0.009390064547041376,0.012641409312377871,-0.004739636602997495,-0.0007011631213068864,0.017102726168522805,-0.07503213956897263,-0.06836153212996691,-0.10865209584268537,-0.2134271174881922,-0.22024618674728233,-0.16778145507975845,-0.03314350150841826,-0.03611468780156302,-0.034635267010827565,-0.2239514149180646,-0.22567927875449262,-0.17748216957351534,-0.1535534054640029,-0.15355340546400387,0.024213285623871247,0.019331763083791455,0.019331763083791455,0.019331763083791455,0.011191686847775882,0.006538952482352692,0.05842365804460323,0.059724323247731546,0.05712592763485212,0.060116606540173124,-0.012615343352497504,-0.010391126063640873,-0.023973888025150925,0.013747850833288685,0.013984338001587578,-0.0069373515599212175,-0.05696783307223399,-0.08750115932419661,-0.11053385735696693,0.01162093200653477,0.0053825187976445235,-0.004688025440865721,-0.03436699974543396,-0.0638390703835069,0.010700167608678377,-0.05979449146078102,-0.06662577989958753,-0.06329302119374229,-0.08314874654862961,-0.06876491564592375,-0.05785035130596939,-0.04455366812596175,0.08557358509187123,-0.05231139644355346,0.020270339303611256,-0.11286965871483906,0.22425562578702507,0.12724412331888788,0.04528096594877133,0.012644813560437743,0.1191812230827418,0.07734286260851948,1.0,0.8046222829669162,0.13359499000756436,0.05393785253784972,0.08598827539318803,0.09227626796665765
E_TWOMORE,0.00681842783544953,-0.033059233721689514,-0.06254636240227587,0.006599218891525793,0.0065983302521164956,0.016386350735866136,-0.004797874863562553,0.02954517950133404,-0.03760148100939422,-0.03781965603463154,-0.015152145035016098,-0.00801294616630762,-0.06706339255342703,-0.0670420427589743,-0.008027938516843221,0.06267898128634554,0.06267898128634554,0.06267898128634554,-0.045866770373904506,-0.04440300636746532,-0.16045066631807436,-0.1186318948909805,0.00642159416599406,0.020819524092206127,0.07205261629001057,0.07975946322593,0.0006935494232657212,0.01104564917857886,-0.10377014673800031,-0.07287458069690768,-0.11875951561445347,-0.11837067432445061,-0.04937702837224827,-0.04576185906039647,-0.09551595841614242,-0.08705349627443117,0.005047715502249612,0.005626864801603786,0.001014490134903707,-0.0008368167417033741,-0.15052032837935436,-0.03539406874113759,-0.06976761241648191,-0.06310353655178749,-0.06746858383387529,-0.07266230951619487,0.018876000299765407,0.025339797702958414,-0.03616011672643772,-0.036376350484471104,-0.053674715704109664,-0.052299672928062355,-0.03091402617815544,-0.010668497108439898,0.08066323483677944,0.09520296623460275,0.029595210833541698,0.04931900405734383,0.00680444636748162,0.007121323707711424,0.05811691019332921,0.06918414552779804,0.014706960047689146,0.009150893420652293,0.03403005421305395,0.01433796617535891,0.051102920547979803,0.04424252303684593,0.0018963623219406117,-0.028092851934080915,-0.013113425741317044,-0.030279810302443883,0.0009593028657416355,0.001700907695801867,0.00988483047712456,0.007723950045187858,0.09083761343558,-0.09276385270326891,-0.0052524622931945375,-0.0003047428907225846,0.08424502299527672,-0.08613769946935919,-0.09938177675751815,-0.09454497855361758,0.01729834480333668,-0.0032950385438055706,0.062177912078349384,0.05806767967611515,0.024613249705893746,-0.004730613358519892,0.017406711871434694,0.012799763821130085,0.03793757155931756,0.03731883606714874,-0.00989402956678935,0.03731883606714874,0.03731883606714874,0.023690042260567035,0.028696919555799526,0.08918564965340188,0.0882675412005102,0.09224742204497789,-0.04678524992644557,-0.03838974119429616,-0.07900425943581918,-0.12165306954462944,-0.12195602440170497,-0.08044267197318308,0.02296268553055594,0.017631933316056312,0.014495251582235788,-0.15742602790208254,-0.15536993982232605,-0.11212365608599435,-0.05389216700651689,-0.0538921670065159,0.003754554175629745,-0.0027999374100790586,-0.0027999374100790586,-0.0027999374100790586,0.024501250145025782,0.025977646704914748,0.0979880709718639,0.10344761093544985,0.10316608581689948,0.10370442376389429,-0.005921384362872159,-0.004028006322583207,-0.017510146245800613,-0.017379273248133216,-0.023379485348844032,-0.04921202642714524,-0.07320128985564592,-0.10793745174457259,-0.09989948936204003,-0.031051308685004202,-0.04031839215425252,-0.046297333729015934,-0.009379261665485337,-0.03437943196334355,-0.007179576926062632,-0.042592465173700626,-0.05223622275358371,-0.05551526861342445,-0.11138772320850943,-0.10188227172993447,-0.07734655918754867,-0.06975714525297856,-0.009206243358626316,-0.021880889066353767,-0.14753727681482603,-0.17395203991211527,0.06861563953364867,0.07098746851251951,0.047046928047882054,0.04537695070645508,0.06607123133340582,0.06341759988642064,0.8046222829669162,1.0,0.05205137538540179,0.05302712676815626,0.14581491465939334,0.15934290955381508
OTHERRACE,-0.017414696042443667,-0.03540119570501747,-0.04890906755798018,-0.01761209902665617,-0.017627812591766035,0.1858797513411506,0.14719642264986663,0.04526139445239589,-0.027852850448282084,-0.02672543428220241,0.022430041423558537,0.023421125538373496,-0.027886957323192615,-0.026053293275132006,0.092035374513844,0.10691359419527138,0.10691359419527138,0.10691359419527138,-0.04650351680068202,-0.04495276840100994,-0.010140263995018354,-0.004898220770662437,0.003773011195018544,0.02028747536496895,0.03225633638612581,0.03258922053936851,0.030964197236655305,0.03318397591711446,-0.020551383855879995,-0.017336015201169307,-0.07661106195848535,-0.07819727075544382,-0.011959424601708088,-0.011725590670516792,-0.05556733029894213,-0.05812358477212735,0.034835200723090896,0.032204701375740705,-0.07567383718940403,-0.07699568348596152,0.04995954964063033,0.0997683095717167,0.0043685039578508856,0.00041197858575821994,-0.075305905875737,-0.07999417948370315,-0.020563748105587937,-0.0012991117183931019,-0.059290619827930935,-0.06094886865662052,-0.007442527756963356,-0.007713425325360542,0.011891936009906698,0.05248848319840437,0.012422396845083495,-0.002713498150143216,0.09869401239529277,0.09755853728782977,0.028873898565278056,0.03178139725638227,0.06363657770914681,0.06868894183433205,0.0181808025804322,0.009276553725190833,0.04080421810146495,0.028499624373561714,0.07236270075088637,0.06472783528489193,0.0010003377661024894,-0.016832617871022235,-0.0169825490554396,-0.026457008627251446,-0.00127880742357282,-0.0014114914198519045,0.029159792471366096,0.03138330939448422,0.07380091340004472,-0.07540929787959039,-0.008618684159096604,-0.0028550575454492975,0.08163940489740307,-0.08374821876900876,-0.09153867746946028,-0.09279153345061046,0.026435578241028452,0.011444521967798922,0.06693596302730642,0.06606961017710385,0.000213454732613942,-0.018383109690271463,0.0202272729428462,0.017300560732940763,0.03901188330581962,0.03696425065083197,0.02382600339511221,0.03696425065083197,0.03696425065083197,0.04092368500723795,0.0425819005178861,-0.02934855012616544,-0.03277784838643072,-0.019535936513244017,-0.06945782471428047,-0.07459609994740701,-0.06597551572606482,-0.1019211076792401,-0.10935250301944195,-0.09707614043652316,-0.030776683269057383,-0.030875084016827863,-0.029693623451193148,-0.07041563083670781,-0.06907476422289145,-0.06350269189523251,-0.08977456025797648,-0.0897745602579767,0.012255250498333118,0.008252553695599046,0.008252553695599046,0.008252553695599046,0.0020792382939841766,-0.005347441163254195,-0.04821197538628035,-0.04177255690108871,-0.040178500565165046,-0.04156300580403918,0.015116180077707653,0.020703044643892613,0.005149984185952779,-0.014014785574346702,-0.019530141771580505,0.03614068662160919,0.060840141102072295,0.07016967496538148,0.002417012418557873,0.0007066779120585803,0.00026070784428463027,-0.03938215598739752,0.011273736062984511,-0.0008971820783745173,0.0049549159296608004,-0.048959785332417585,-0.05799731212409449,-0.059386369455905884,0.007946306706219654,0.009108575922306024,-0.0068665325435141745,-0.004379445606254776,0.0813671481253383,0.0199988553587099,0.07252814967210663,0.020486010900430195,0.10830656725779436,0.0793789759648368,-0.012851496180228282,-0.020765218144016488,0.016570556543504852,0.005353469047582587,0.13359499000756436,0.05205137538540179,1.0,0.9001791947106651,-0.018264275767333752,-0.06569797352004089
E_OTHERRACE,-0.01114435100453917,-0.03158101295919447,-0.040776608143125906,-0.011326869868013189,-0.01134142643186195,0.020927755964668643,0.0415329962380229,0.004186335879298076,-0.0020597470924481804,-0.001734622749189173,0.03661950676452132,0.037599176744309085,-0.009446116837516606,-0.007735143371649441,0.09272880017558295,0.10511286739534478,0.10511286739534478,0.10511286739534478,-0.020137760767896102,-0.019652412738836552,0.0009112418285771089,0.006436629798584298,0.01960715291826048,0.0294054489789506,0.05008971398563856,0.048236222536956676,0.04756504631933769,0.04919554335880158,-0.01629002380579585,-0.013387409356837564,-0.04562269138400273,-0.04607316805170678,0.010798227644987167,0.011177262400965692,-0.030626749554303216,-0.032292105002571465,0.0003682105070997106,-0.003329236749227388,-0.045326173550962585,-0.04680062101153982,0.042110119623482954,0.07758877954980208,0.0021167741525500534,0.0007653436658333077,-0.06834954299128489,-0.0822051433889838,-0.01442216064904922,-0.0030223832534983295,-0.06233368235802656,-0.06339010410022386,0.0073263650052800815,0.0073134955831494755,0.0028473251217936437,0.048574998671282704,0.0017009144085522064,-0.012331359898305982,0.11246683149215789,0.10088306382581363,0.02527529365170094,0.03027770299839409,0.058297228141909595,0.06365443126376108,0.020027761435966008,0.005866498217013943,0.058769161298147125,0.03665461473045655,0.08885301156939841,0.0724400704429663,0.01029018499800139,-0.018365946632779698,-0.016570004197519337,-0.026049019730636468,-0.0015025380579565617,-0.001753991534726209,0.03373152105244227,0.03536442650747369,0.07752831128636067,-0.08103380385089949,0.03563468074779652,0.04017602149941484,0.09594080052134579,-0.09539170171847,-0.0705717412538518,-0.07156143231458219,0.04713180446068839,0.027198131927136618,0.07278101102054185,0.07193973305551517,0.003220307384707065,-0.022422200301934023,0.029261686330339636,0.02715143595185971,0.038627472834490625,0.03712559736453433,0.02076278227966467,0.03712559736453433,0.03712559736453433,0.04717987748618722,0.04962869140862626,-0.00536638750113209,-0.011303815201832304,-0.0023010215997158077,-0.06160419545701062,-0.06767347064140473,-0.055251856163035816,-0.07304595605639433,-0.07852981920721358,-0.07136587488216259,-0.01711515398097703,-0.017801598091282785,-0.018406444859382257,-0.04534918663106301,-0.0429379416449639,-0.039963709816751514,-0.061110057584085144,-0.061110057584084734,0.009009560828045155,0.004856904246009999,0.004856904246009999,0.004856904246009999,0.006572511352101246,0.0004575470912419747,-0.03725291230467862,-0.02892684364978322,-0.026626133719578116,-0.02889447105114106,0.014281138154107642,0.020485498285491174,0.003725614024598997,-0.02462248024213335,-0.03486104982059393,0.024008205349984567,0.06037138622973885,0.0673955751493389,0.005620096770865076,-0.020398080851701052,-0.021831482866689216,-0.06187452298261028,0.019889555841747317,0.009591250046467015,-0.0006834043912004025,-0.047231418327666995,-0.05665486235703332,-0.06068384525611653,-0.005589569236786069,-0.006781795089610718,-0.017177473046473445,-0.016995823049003354,0.04289791815500013,0.036055244367628025,0.007464085043759086,0.0045677554753116864,0.053127973988191114,0.06759934813390023,-0.0147096492319424,-0.012797930295183913,0.0018915354421213007,0.0009157647333064294,0.05393785253784972,0.05302712676815626,0.9001791947106651,1.0,-0.011290085416636777,-0.04283912681859615
Tribe_PCT_Tract,0.050443528015246646,-0.008731981998999537,0.05153282704560107,0.05032423505948021,0.05033075621252764,-0.044243957707005385,-0.08777081397503878,-0.023085960030323465,0.06817625457500122,0.07076603171590642,0.009333860155511096,0.012269338745886406,0.09270380911095938,0.08919552878578978,0.01803044376270212,0.031345325444296024,0.031345325444296024,0.031345325444296024,0.07061602828303029,0.07623996277150968,0.01932695819470641,0.042719951324167706,0.027684609727101704,0.03291682965562603,-0.02332261063170354,-0.014769054573497462,-0.0437692323174179,-0.04195711155322443,0.09658086226220192,0.10858395710773094,0.0999837900215734,0.08162649235468196,0.057610211523513886,0.060134467261833864,0.001203555554662444,0.007712640602737698,0.043989429592039116,0.048318046327161315,0.0867310557807751,0.09109940737879094,-0.044891417584507924,-0.03811495338812306,0.059363868529472175,0.06375964267053703,0.09362499601929579,0.10710366235259228,-0.003224969495350056,-0.00022126935852607034,0.07935230219233887,0.07932289173918405,0.08140947754835597,0.08274279051012774,-0.03054115245436452,-0.05830263469996015,-0.029447398808012865,0.014015909601877046,-0.09283688372314097,-0.12120941721881201,-0.03403906537125938,-0.026401525914070644,-0.0671720749637553,-0.0672780716679753,-0.01984511915843639,-0.013376090250559256,-0.05917317473849411,-0.05244660373173585,-0.07691500445364029,-0.08190981001779032,-0.022423168172523097,-0.0034450361710245923,-0.007166756642775142,0.0013279935566416112,-0.0008931111739545302,-0.0010461343213357054,-0.05853996513672465,-0.06028299333539771,-0.12217958831887728,0.12266173819270326,-0.025656291659802367,-0.030773173315569096,-0.09728675085670324,0.09908364683816061,0.09551509924120838,0.09740934527436688,-0.05001771191696914,-0.03452728067882856,-0.10414462129157448,-0.10508103594585132,-0.0023418457541986306,0.04005339839052852,-0.034740237754518274,-0.029480893019537078,-0.0818244685500903,-0.07830208294007306,-0.006467000712470779,-0.07830208294007306,-0.07830208294007306,-0.06673429443677939,-0.06822849434524865,0.16746444691121687,0.14476667240477847,0.13011996247796545,0.007549472281478474,0.007778552579744418,-0.02274965824048795,0.1174514240830581,0.11761295520742715,0.1097795590986613,0.09286296146355975,0.09275820619450513,0.0829513366040742,0.08446980574291635,0.0943788758222783,0.08733785247873595,0.1261179036473431,0.12611790364734418,-0.09858631334393855,-0.09725920530349041,-0.09725920530349041,-0.09725920530349041,0.0244405316981444,0.0634963473416577,0.0629564827233109,0.06567087186578809,0.0790607592926452,0.07050296250615105,-0.016244347120369946,-0.023459920797527605,-0.024067259472380365,0.0447795393947961,0.07005740858861345,0.03928308971081712,-0.028154819163179478,-0.05051329677467737,0.018053362085176886,-0.0017157624313939956,0.0007117717870766309,0.03395037041785795,0.06099034934069739,0.0590940805075762,-0.005428894699926497,0.08848856616282398,0.10837159467560262,0.1048453998493961,0.0640824580605319,0.06782170125950802,0.06763872785490557,0.06442411479342039,-0.027334857463131454,-0.026285895248330585,-0.050817227082197124,-0.04794617871841828,-0.048242179573719686,-0.05000980470260307,0.47635075383336717,0.5048954992936316,0.0019203896645712708,0.007491385772104727,0.08598827539318803,0.14581491465939334,-0.018264275767333752,-0.011290085416636777,1.0,-0.0535229317569619
Tribe_Flag,0.10808436739910636,-0.08154388735992377,0.0357804182579431,0.10775396467792793,0.10776969511462725,-0.09268838345791519,-0.15396289848844588,-0.04769772144192421,0.07965126681848197,0.07733020065866905,0.027910870320478988,0.025601190770702883,0.14041732613497424,0.1328906131707519,-0.0704412903845892,-0.08347042369783993,-0.08347042369783993,-0.08347042369783993,-0.058687333671766005,-0.06720947422353235,-0.09786891319034982,-0.13101435549905024,0.001104360948798597,-0.021349924578938858,-0.07038487900256193,-0.07236209599430182,-0.1236730889779581,-0.12962095018946038,0.08462040499514005,0.02807849657662873,-0.016304621400402626,-0.04446377932991099,-0.09050531411453216,-0.09243026031146745,0.09846463895677927,0.08314176791224544,-0.007670991060946295,-0.004785288648976948,0.008528139715160081,-0.025880090367003932,0.06793423835336111,0.01510307917827691,0.03738760930327308,0.027342303532924824,-0.13698621944795147,-0.08569647242022994,-0.012184253960143988,0.04965257973649869,-0.00980496925392504,-0.030135262510815438,-0.06703876952709616,-0.06646692875629652,0.1028220173423465,0.3312191570928947,0.15069700575126668,0.3693763317607236,-0.10329317586067856,-0.1170155370958988,-0.36893350341257813,-0.4232118817049573,0.18132040226280027,0.2104356253349806,-0.01768095589423527,-0.011009320185710056,-0.03585669966972482,-0.08934878823307131,-0.01644363173210595,-0.02100097020129486,0.0317955197501816,0.050440539487984125,0.030927502412295724,0.04113422695607775,,,-0.013076150411159915,-0.013674122990277924,0.0459586032444325,-0.04109932418148414,0.11117597525660486,0.11403788010593785,0.12436816175542739,-0.11453316480252829,-0.02024731837880687,-0.03955820625911431,-0.03886833351426739,-0.01902819346702467,-0.08959904935866501,-0.08683135397124629,-0.006878710919718639,0.10318923510738698,0.039743246354211954,0.04467864019172522,0.12640119435368455,0.1428032647921603,0.11099613072007856,0.1428032647921603,0.1428032647921603,0.11442456913877595,0.11283384562238423,0.23503395067231084,0.23217008322807878,0.2254406425999419,0.15102904793538388,0.15641720511038926,0.15014736074724636,0.12123454467691616,0.1063415665474334,0.06609728562163832,-0.04492899745308719,-0.08225003419995049,-0.0516667566594858,-0.07605779259399126,-0.062147782424053596,-0.051242713465522255,0.11521402131061396,0.11521402131061369,0.3544947072910019,0.37966537570333236,0.37966537570333236,0.37966537570333236,0.09107911963409612,0.15924397210158367,0.4985064984390575,0.6502301320783767,0.5592816651818724,0.6558804825460824,-0.1353610036016564,-0.17139086382361723,-0.12349920029332193,0.20709833004811273,0.11138580152874089,-0.07777978126751484,-0.7712465105102085,-0.8039584439232854,-0.3048942594168493,0.11268661050565583,0.08041450795749316,-0.11172030204607064,0.049917700023768705,-0.040131181150091115,-0.024027351547846822,0.052969592876422986,-0.007865009394987514,-0.050157929115068785,-0.2947432290807636,-0.2988611618974008,0.16278092242912806,0.1616928158295884,-0.5354874796645628,-0.5370685470281004,0.09507894021069635,0.12559814244857068,0.02914410530211394,0.045544858744200535,0.11226925980946197,0.13134981436910967,0.029573021021057508,0.038460905711348234,0.09227626796665765,0.15934290955381508,-0.06569797352004089,-0.04283912681859615,-0.0535229317569619,1.0
